INSERT INTO employee (id, name, email, password, authority, created_date, is_valid, is_deleted)
VALUES (1, 'mpavese0', 'vsimonitto0@1688.com', 'dP6.Ie\Jkf', 'MANAGER', '2023-07-12', TRUE, FALSE),
       (2, 'vwraight1', 'cdemschke1@google.com.au', 'yT8$v_=a_', 'MANAGER', '2024-03-08', TRUE, FALSE),
       (3, 'lledrane2', 'jinchan2@nifty.com', 'jD9iN9K+5twy/X', 'MANAGER', '2024-02-04', TRUE, FALSE),
       (4, 'esadry3', 'ajouning3@wix.com', 'zF3.iS_4=MshfC', 'STAFF', '2022-08-25', TRUE, FALSE),
       (5, 'dratray4', 'tnineham4@yellowpages.com', 'vL3_`0!>b0JzI', 'STAFF', '2023-02-12', TRUE, FALSE),
       (6, 'achiplen5', 'amcclosh5@themeforest.net', 'iW9ygk~hPW`"', 'STAFF', '2024-05-26', TRUE, FALSE),
       (7, 'gmembry6', 'wdesantis6@desdev.cn', 'cF3`B93sj\dkj', 'STAFF', '2023-02-09', TRUE, FALSE),
       (8, 'mthornton7', 'lstubbs7@twitter.com', 'rP8R4?H', 'STAFF', '2023-01-28', TRUE, FALSE),
       (9, 'kmegany8', 'lwitson8@so-net.ne.jp', 'zG2!WEp+CJK>K', 'STAFF', '2023-09-25', TRUE, FALSE),
       (10, 'cofearguise9', 'kpurrington9@netscape.com', 'xP2&QV/w', 'STAFF', '2022-02-15', TRUE, FALSE),
       (11, 'gcornelsa', 'gincea@usatoday.com', 'xZ1|s`YF0ATe+', 'STAFF', '2023-06-13', TRUE, FALSE),
       (12, 'smandersonb', 'tmascallb@php.net', 'kS8y?Xiw?Q8', 'STAFF', '2022-04-01', TRUE, FALSE),
       (13, 'sbeverc', 'cwaggettc@oakley.com', 'sX3.6e?P@6', 'STAFF', '2022-08-23', TRUE, FALSE),
       (14, 'abered', 'sroggerod@delicious.com', 'mQ1>&Eu', 'STAFF', '2024-01-23', TRUE, FALSE),
       (15, 'jnewberrye', 'adomeke@tmall.com', 'pS4~Pu\%GiW', 'STAFF', '2023-11-21', TRUE, FALSE),
       (16, 'coattesf', 'gfabryf@macromedia.com', 'nG#p#%t5', 'STAFF', '2022-11-30', TRUE, FALSE),
       (17, 'dpoluzzig', 'lmcelvogueg@spiegel.de', 'bR8|&kjpn1%Pv3', 'STAFF', '2022-07-11', TRUE, FALSE),
       (18, 'nredanh', 'iferroh@samsung.com', 'vY7!VF#?Y', 'STAFF', '2023-11-12', TRUE, FALSE),
       (19, 'dvaggi', 'cvasilyevi@amazonaws.com', 'oK6@BlJV', 'STAFF', '2022-12-08', TRUE, FALSE),
       (20, 'csapsonj', 'clivingstonej@cnbc.com', 'mS0.#b7VNhDS#*', 'STAFF', '2024-04-27', TRUE, FALSE);

INSERT INTO customer (id, name, grade, phone, email, address, employee_id, memo, gender, birth, created_date,
                      is_deleted, visit_cnt)
VALUES (1, 'akincaid0', 'VIP', '996-953-6203', 'rbittlestone0@springer.com', '0 Ridge Oak Street', 9, '', 'Female',
        '1962-03-27', '2021-12-10', FALSE, 3),
       (2, 'cbapty1', 'VIP', '251-423-4442', 'lcordle1@pinterest.com', '48893 Anderson Park', 12, 'Etiam justo.',
        'Female', '1957-08-28', '2019-11-25', FALSE, 11),
       (3, 'lhunstone2', 'BASIC', '150-775-1401', 'aszwandt2@addthis.com', '26 Luster Road', 1,
        'Phasellus in felis. Donec semper sapien a libero.', 'Female', '1997-01-19', '2019-04-07', FALSE, 12),
       (4, 'rwormstone3', 'BASIC', '522-446-8289', 'esimonel3@hud.gov', '949 Lunder Pass', 15, '', 'Female',
        '1953-12-16', '2019-07-21', FALSE, 4),
       (5, 'cwilmut4', 'NEW', '940-342-4065', 'rkdcksal02@gmail.com', '75 Chive Alley', 16,
        'Vivamus vestibulum sagittis sapien.', 'Female', '1972-10-02', '2021-11-19', FALSE, 6),
       (6, 'tscroggie5', 'VVIP', '435-686-1528', 'hjm3327@naver.com', '25 Chinook Court', 5, '', 'Male',
        '1949-08-09', '2019-10-25', FALSE, 8),
       (7, 'bputtrell6', 'NEW', '634-326-1182', 'kwonseongji129@gmail.com', '5 South Hill', 11, '', 'Female',
        '1977-01-27',
        '2022-10-13', FALSE, 12),
       (8, 'dbottlestone7', 'VIP', '748-718-9527', 'mboarleyson7@psu.edu', '9960 Anderson Circle', 7, '', 'Male',
        '1987-06-16', '2018-02-08', FALSE, 14),
       (9, 'sfieldhouse8', 'BASIC', '512-604-6406', 'gsteiner8@pinterest.com', '8630 Northridge Alley', 10,
        'Maecenas ut massa quis augue luctus tincidunt.', 'Female', '1946-03-02', '2019-12-05', FALSE, 14),
       (10, 'msorsby9', 'BASIC', '512-557-8241', 'sbater9@arstechnica.com', '512 Merchant Road', 8, '', 'Male',
        '2004-06-14', '2022-07-04', FALSE, 13),
       (11, 'gbricea', 'BASIC', '993-262-7510', 'rrimera@dell.com', '489 Reindahl Lane', 18, '', 'Female', '1978-06-04',
        '2021-03-03', FALSE, 13),
       (12, 'faberkirderb', 'NEW', '182-515-8406', 'ahynamb@w3.org', '611 Monterey Junction', 3,
        'In quis justo. Maecenas rhoncus aliquam lacus.', 'Female', '1949-05-26', '2019-05-25', FALSE, 15),
       (13, 'amearsc', 'VIP', '925-257-4413', 'ftamplingc@hatena.ne.jp', '4 Katie Circle', 5,
        'Morbi a ipsum. Integer a nibh.', 'Female', '1992-07-29', '2024-03-16', FALSE, 12),
       (14, 'lwantlingd', 'VVIP', '932-172-4711', 'sainsworthd@gmpg.org', '9 High Crossing Terrace', 3,
        'Nullam porttitor lacus at turpis. Donec posuere metus vitae ipsum.', 'Male', '1946-05-23', '2019-01-06',
        FALSE, 2),
       (15, 'bmacglorye', 'BASIC', '489-313-3554', 'cgipsone@cmu.edu', '17787 Judy Pass', 16, '', 'Female',
        '1952-10-23', '2022-12-28', FALSE, 7),
       (16, 'sfreddif', 'BASIC', '829-177-0200', 'dcolombf@yale.edu', '36627 Anthes Junction', 8, '', 'Female',
        '1947-09-04', '2019-02-26', FALSE, 11),
       (17, 'mninnottig', 'VIP', '777-758-9913', 'lmilang@biblegateway.com', '200 Thackeray Street', 14, '', 'Male',
        '1986-08-04', '2020-11-03', FALSE, 8),
       (18, 'jrittelmeyerh', 'NEW', '272-386-1930', 'gsouthanh@hubpages.com', '42714 Boyd Lane', 13,
        'Vestibulum ante ipsum primis in faucibus orci luctus et ultrices posuere cubilia Curae; Mauris viverra diam vitae quam.',
        'Female', '1940-02-05', '2020-10-16', FALSE, 1),
       (19, 'pwoodyeri', 'VIP', '612-423-3392', 'voboyi@facebook.com', '61 Lien Way', 5, 'Phasellus sit amet erat.',
        'Female', '1960-11-16', '2020-07-25', FALSE, 13),
       (20, 'eeaseyj', 'VVIP', '407-941-5057', 'farklej@tripadvisor.com', '670 Oneill Avenue', 11, '', 'Female',
        '1991-05-07', '2020-03-22', FALSE, 14),
       (21, 'dcheesleyk', 'VIP', '404-496-5525', 'ijaszczakk@umn.edu', '32 Aberg Center', 9,
        'Vivamus metus arcu, adipiscing molestie, hendrerit at, vulputate vitae, nisl.', 'Male', '1948-04-05',
        '2019-09-10', FALSE, 3),
       (22, 'srowlingl', 'BASIC', '794-522-6331', 'cwhilderl@va.gov', '4718 David Point', 16, '', 'Male', '1993-10-29',
        '2023-01-07', FALSE, 5),
       (23, 'kgadneym', 'NEW', '504-669-9864', 'dguerrierim@rediff.com', '4 Northfield Plaza', 18, '', 'Male',
        '1958-08-04', '2020-06-29', FALSE, 12),
       (24, 'strelevann', 'VIP', '572-845-7104', 'gcobbaldn@businesswire.com', '08 Huxley Circle', 2,
        'In hac habitasse platea dictumst.', 'Male', '1977-05-31', '2022-10-15', FALSE, 11),
       (25, 'aganleyo', 'VIP', '286-834-6829', 'psaladineo@washingtonpost.com', '0912 Corscot Place', 11,
        'Maecenas tristique, est etcubilia Curae; Mauris viverra diam vitae quam.',
        'Male', '2000-11-20', '2022-10-09', FALSE, 2),
       (26, 'lloidlp', 'VVIP', '822-443-2142', 'tcloyp@pinterest.com', '3295 Mandrake Court', 16,
        'Cum sociis natoque penatibus et magnis dis parturient montes, nascetur ridiculus mus. Etiam vel augue.',
        'Female', '1962-02-12', '2023-07-26', FALSE, 10),
       (27, 'cseabrockeq', 'NEW', '466-350-7672', 'gstillq@barnesandnoble.com', '61 Melody Road', 14, '', 'Female',
        '1955-01-13', '2018-04-02', FALSE, 4),
       (28, 'abrindler', 'VVIP', '122-715-1522', 'vbaldreyr@admin.ch', '10780 Crest Line Alley', 8, '', 'Female',
        '1951-07-25', '2020-09-04', FALSE, 3),
       (29, 'lstammerss', 'NEW', '154-813-4665', 'cwottons@psu.edu', '05012 Schurz Circle', 6, '', 'Male', '1955-01-30',
        '2022-11-30', FALSE, 4),
       (30, 'emaccrawt', 'BASIC', '760-774-7790', 'dossipenkot@sitemeter.com', '35685 Homewood Center', 10,
        'Vivamus tortor.', 'Male', '1950-07-14', '2021-08-05', FALSE, 2),
       (31, 'hdaleu', 'NEW', '547-910-9389', 'cdunderdaleu@google.com.hk', '502 Westport Junction', 19, '', 'Female',
        '1964-09-06', '2019-12-06', FALSE, 8),
       (32, 'lgronauerv', 'NEW', '612-795-0879', 'rkubasekv@opensource.org', '3480 Calypso Parkway', 9,
        'Aenean lectus. Pellentesque eget nunc.', 'Female', '1942-01-05', '2020-02-28', FALSE, 11),
       (33, 'fruggierow', 'VVIP', '666-701-2458', 'seastmentw@phoca.cz', '9759 Arkansas Point', 17,
        'Cras pellentesque  consequat metus sapien ut nunc.',
        'Male', '1968-03-18', '2021-10-28', FALSE, 11),
       (34, 'saspelx', 'NEW', '846-446-6832', 'jhalltx@vinaora.com', '6198 Dapin Crossing', 2, '', 'Male', '1972-04-16',
        '2018-07-29', FALSE, 12),
       (35, 'bgilbarty', 'BASIC', '973-308-5412', 'sbelty@pinterest.com', '73 Dwight Crossing', 7,
        'Curabitur in libero ut massa volutpat convallis. Morbi odio odio, elementum eu, interdum eu, tincidunt in, leo.',
        'Female', '1978-12-11', '2019-12-16', FALSE, 6),
       (36, 'fanfonsiz', 'BASIC', '748-326-9745', 'jbaissz@cnet.com', '897 Bartelt Crossing', 12, 'Morbi a ipsum.',
        'Female', '1992-08-12', '2022-11-29', FALSE, 1),
       (37, 'cwyldbore10', 'BASIC', '705-502-5591', 'dmandifield10@netlog.com', '34857 Mcguire Way', 14,
        'Morbi vel lectus in quam fringilla rhoncus. Mauris enim leo, rhoncus sed, vestibulum sit amet, cursus id, turpis.',
        'Female', '1977-10-12', '2018-02-23', FALSE, 13),
       (38, 'lsheather11', 'NEW', '632-704-8175', 'echattey11@themeforest.net', '272 Morrow Street', 9, '', 'Male',
        '1998-05-10', '2023-11-05', FALSE, 7),
       (39, 'rblanning12', 'VIP', '947-264-5693', 'fcorbert12@icio.us', '251 Moulton Road', 3,
        'Mauris ullamcorper purus sit amet nulla. Quisque arcu libero, rutrum ac, lobortis vel, dapibus at, diam.',
        'Male', '1980-12-23', '2021-09-07', FALSE, 8),
       (40, 'lcolbridge13', 'VIP', '940-748-5752', 'fstopher13@opera.com', '3 Pearson Avenue', 16, '', 'Male',
        '2005-04-06', '2021-05-27', FALSE, 9),
       (41, 'adeldello14', 'NEW', '908-147-2870', 'mewers14@about.me', '03126 Birchwood Point', 11,
        'Donec diam neque, ibus orci luctus et ultrices posuere cubilia Curae; Donec pharetra, magna vestibulum aliquet ultrices, erat tortor sollicitudin mi, sit amet lobortis sapien sapien non mi.',
        'Male', '1978-05-02', '2021-08-05', FALSE, 2),
       (42, 'mmitchenson15', 'BASIC', '617-622-8174', 'fskyppe15@bloglines.com', '42454 Sycamore Alley', 12, '',
        'Female', '1987-12-30', '2021-07-27', FALSE, 15),
       (43, 'adorking16', 'NEW', '941-161-0690', 'dibel16@google.es', '873 Oakridge Lane', 9,
        'Nam nulla. Integer pede justo, lacinia eget, tincidunt eget, tempus vel, pede.', 'Female', '1998-10-01',
        '2022-01-15', FALSE, 2),
       (44, 'amctrustey17', 'BASIC', '331-790-1580', 'atattershaw17@tripod.com', '100 Colorado Plaza', 18,
        'Quisque id justo sit amet sapien dignissim vestibulum.', 'Male', '1961-02-23', '2022-02-03', FALSE, 6),
       (45, 'abartocci18', 'BASIC', '507-251-0861', 'rscamp18@fda.gov', '736 Hoard Circle', 20,
        'Sed accumsan felis. Ut at dolor quis odio consequat varius.', 'Male', '1987-12-28', '2020-04-30', FALSE, 11),
       (46, 'eandrag19', 'BASIC', '308-600-6966', 'pseid19@cmu.edu', '5 Carioca Street', 6, '', 'Male', '2002-04-01',
        '2022-03-15', FALSE, 8),
       (47, 'hovington1a', 'VVIP', '593-231-2161', 'rghelerdini1a@businessweek.com', '30 Village Pass', 3,
        'Nam dui. Proin leo odio, porttitor id, consequat in, consequat ut, nulla.', 'Male', '1976-05-29', '2019-07-13',
        FALSE, 6),
       (48, 'mmartyn1b', 'VVIP', '950-926-9700', 'smackettrick1b@homestead.com', '257 Loeprich Avenue', 14, '', 'Male',
        '1967-03-04', '2019-11-10', FALSE, 3),
       (49, 'bcosser1c', 'BASIC', '733-326-4423', 'bdelahunty1c@zdnet.com', '18902 Banding Junction', 5,
        'Nulla ut erat id mauris vulputate elementum. Nullam varius.', 'Male', '1992-10-02', '2022-12-26', FALSE, 10),
       (50, 'aorneles1d', 'VVIP', '963-295-9664', 'dcarlino1d@walmart.com', '6395 Dovetail Alley', 7,
        'Duis mattis egestas metus.', 'Male', '1953-08-17', '2018-05-04', FALSE, 8),
       (51, 'fropkes1e', 'VIP', '490-794-1290', 'acoddington1e@toplist.cz', '3303 Maryland Street', 16,
        'Suspendisse potenti. Cras in purus eu magna vulputate luctus.', 'Male', '2000-11-12', '2019-12-24', FALSE,
        1),
       (52, 'pstrute1f', 'VIP', '921-748-2793', 'ddelafoy1f@posterous.com', '2 Grim Lane', 15,
        'Aliquam erat volutpat. In congue.', 'Male', '1980-04-18', '2020-05-08', FALSE, 15),
       (53, 'tshimoni1g', 'BASIC', '394-804-7708', 'desslemont1g@disqus.com', '0322 Pepper Wood Center', 20, '',
        'Female', '1994-03-22', '2021-03-28', FALSE, 5),
       (54, 'wmcnerlin1h', 'VVIP', '317-176-9536', 'pmeins1h@abc.net.au', '38881 Alpine Center', 1, '', 'Female',
        '2002-08-30', '2022-11-06', FALSE, 1),
       (55, 'oleleu1i', 'NEW', '743-998-2439', 'ssycamore1i@webs.com', '9 Summer Ridge Hill', 6, 'Proin eu mi.',
        'Female', '1973-01-07', '2024-02-11', FALSE, 9),
       (56, 'reilhertsen1j', 'NEW', '886-114-8301', 'efeek1j@privacy.gov.au', '8 Eliot Street', 5,
        'Proin interdum mauris non ligula pellentesque ultrices. Phasellus id sapien in sapien iaculis congue.',
        'Female', '1959-10-05', '2022-05-01', FALSE, 7),
       (57, 'sallonby1k', 'VIP', '170-484-3999', 'nwooding1k@arstechnica.com', '820 Wayridge Avenue', 8, '', 'Female',
        '1961-06-08', '2020-11-18', FALSE, 6),
       (58, 'dkeher1l', 'BASIC', '276-119-4838', 'cchittie1l@is.gd', '9 Cambridge Alley', 17, 'Proin eu mi.', 'Male',
        '1986-01-01', '2018-02-06', FALSE, 9),
       (59, 'tsteljes1m', 'NEW', '773-704-7810', 'scourtin1m@ftc.gov', '56609 Hovde Road', 4,
        'Vestibulum rutrum rutrum neque.', 'Male', '1955-01-01', '2022-03-22', FALSE, 2),
       (60, 'wfairnie1n', 'VIP', '519-639-9677', 'lspillane1n@twitpic.com', '5024 Gina Park', 15, '', 'Female',
        '1979-06-08', '2022-01-28', FALSE, 8),
       (61, 'fpenella1o', 'BASIC', '527-992-0504', 'oredihough1o@blogspot.com', '86 New Castle Park', 6, '', 'Female',
        '1953-08-29', '2019-03-02', FALSE, 11),
       (62, 'ecoweuppe1p', 'VVIP', '144-917-2309', 'sgallelli1p@liveinternet.ru', '6 Monica Street', 18,
        'Duis aliquam convallis nunc.', 'Male', '1962-07-27', '2020-03-01', FALSE, 7),
       (63, 'vcamacho1q', 'NEW', '730-664-6806', 'rbarlie1q@angelfire.com', '81 Village Green Crossing', 7,
        'Integer non velit.', 'Female', '1962-03-14', '2022-06-28', FALSE, 11),
       (64, 'cdebrett1r', 'VIP', '344-265-3192', 'gmacard1r@moonfruit.com', '3516 Goodland Circle', 8,
        'Mauris sit amet eros. Suspendisse accumsan tortor quis turpis.', 'Female', '1996-09-04', '2020-08-01', FALSE,
        5),
       (65, 'edegogay1s', 'VVIP', '952-332-2393', 'gnarup1s@google.ca', '6 Golf Terrace', 14, '', 'Female',
        '1962-08-11', '2023-06-30', FALSE, 13),
       (66, 'rmcclunaghan1t', 'VVIP', '795-834-8130', 'emulkerrins1t@qq.com', '22 Donald Street', 5, '', 'Male',
        '1950-04-19', '2020-12-18', FALSE, 13),
       (67, 'lcaret1u', 'VIP', '858-292-3032', 'mashmore1u@about.me', '03 Golf Course Court', 5,
        'Morbi ut odio. Cras mi pede, malesuada in, imperdiet et, commodo vulputate, justo.', 'Male', '1976-04-24',
        '2024-03-21', FALSE, 10),
       (68, 'gmacmanus1v', 'BASIC', '900-547-7773', 'ekubista1v@simplemachines.org', '01 Arkansas Drive', 17, '',
        'Female', '1969-12-22', '2024-05-08', FALSE, 12),
       (69, 'wmcgivena1w', 'VVIP', '250-375-4750', 'jgathercole1w@hc360.com', '96412 Acker Court', 18, '', 'Female',
        '1982-06-22', '2021-12-23', FALSE, 9),
       (70, 'hbruty1x', 'VVIP', '706-538-6630', 'dmaris1x@nature.com', '68968 Anniversary Way', 1, '', 'Male',
        '1959-10-05', '2021-11-13', FALSE, 11),
       (71, 'sgwilliams1y', 'VIP', '121-633-7210', 'mburnside1y@gravatar.com', '258 Basil Street', 20, '', 'Female',
        '1990-10-22', '2019-02-02', FALSE, 10),
       (72, 'cevins1z', 'VIP', '203-406-4726', 'wbratten1z@mapquest.com', '5632 Hayes Court', 14, '', 'Female',
        '1942-03-05', '2021-05-16', FALSE, 11),
       (73, 'ktrevillion20', 'VVIP', '288-393-3951', 'walder20@gizmodo.com', '490 Ludington Way', 10,
        'Aliquam quis turpis eget elit sodales scelerisque.', 'Male', '1996-01-15', '2023-03-25', FALSE, 8),
       (74, 'hmelson21', 'VVIP', '560-510-9357', 'ymioni21@prnewswire.com', '819 Sommers Parkway', 6, '', 'Female',
        '1999-05-13', '2019-03-22', FALSE, 15),
       (75, 'alaugheran22', 'VVIP', '123-188-3918', 'jclowney22@aboutads.info', '171 Lukken Junction', 15, '', 'Male',
        '1965-02-22', '2020-05-05', FALSE, 12),
       (76, 'wstealy23', 'VVIP', '437-219-6629', 'ahedgeley23@cyberchimps.com', '58763 Tennessee Point', 13, '',
        'Female', '1960-06-19', '2023-03-24', FALSE, 2),
       (77, 'mfrederick24', 'BASIC', '310-431-4148', 'mpowlett24@cnet.com', '20 Truax Park', 17,
        'Nulla suscipit ligula in lacus.', 'Male', '1984-04-06', '2022-09-29', FALSE, 15),
       (78, 'opetche25', 'NEW', '898-878-0026', 'amcnab25@sohu.com', '7 Bluestem Hill', 3,
        'Duis bibendum, felis sed interdum venenatis, turpis enim blandit mi, in porttitor pede justo eu massa.',
        'Male', '1981-01-29', '2023-03-07', FALSE, 2),
       (79, 'scrosser26', 'BASIC', '427-835-2010', 'hconstantine26@yelp.com', '264 Milwaukee Street', 14,
        'Cum sociis natoque penatibus et magnis dis parturient montes, nascetur ridiculus mus.', 'Female', '1983-05-05',
        '2024-01-09', FALSE, 14),
       (80, 'bsmalcombe27', 'NEW', '491-176-8483', 'urenihan27@home.pl', '54773 Troy Trail', 3, '', 'Male',
        '1991-08-02', '2024-03-29', FALSE, 1),
       (81, 'mcaudelier28', 'NEW', '581-768-0705', 'tsafhill28@globo.com', '20 Independence Parkway', 10, '', 'Male',
        '1992-01-24', '2022-07-15', FALSE, 12),
       (82, 'whinks29', 'VVIP', '496-253-4497', 'llackeye29@acquirethisname.com', '5382 Oak Valley Terrace', 4, '',
        'Male', '1984-04-17', '2022-10-23', FALSE, 8),
       (83, 'abraidon2a', 'VIP', '735-690-6831', 'vkarchowski2a@loc.gov', '5 Grover Court', 20,
        'Maecenas rhoncus aliquam lacus. Morbi quis tortor id nulla ultrices aliquet.', 'Male', '1971-09-03',
        '2018-10-22', FALSE, 7),
       (84, 'nbresland2b', 'BASIC', '300-932-6295', 'adivver2b@flickr.com', '997 Lawn Terrace', 9, '', 'Female',
        '1959-01-10', '2019-12-14', FALSE, 7),
       (85, 'gmerrien2c', 'VVIP', '803-120-3963', 'ryarnall2c@businesswire.com', '8385 Mcguire Road', 16, '', 'Male',
        '1948-08-22', '2019-08-23', FALSE, 7),
       (86, 'hgoodswen2d', 'NEW', '922-226-0114', 'rbrissard2d@mac.com', '2836 Heffernan Parkway', 20,
        'Etiam vel augue.', 'Female', '1948-05-09', '2021-07-20', FALSE, 3),
       (87, 'tshiel2e', 'VIP', '826-849-3385', 'dgrenshiels2e@newsvine.com', '396 Meadow Ridge Parkway', 11, '', 'Male',
        '1943-07-19', '2021-01-05', FALSE, 14),
       (88, 'vmayell2f', 'VIP', '284-138-1288', 'atommeo2f@mapquest.com', '6143 Bay Trail', 8,
        'Morbi sem mauris, laoreet ut, rhoncus aliquet, pulvinar sed, nisl. Nunc rhoncus dui vel sem.', 'Male',
        '1949-03-07', '2020-08-04', FALSE, 12),
       (89, 'shollows2g', 'VIP', '513-691-2297', 'nferrai2g@blogtalkradio.com', '938 Hazelcrest Trail', 19,
        'Aliquam erat volutpat. In congue.', 'Male', '1987-04-11', '2019-01-12', FALSE, 10),
       (90, 'eyuryichev2h', 'BASIC', '485-132-9139', 'cpecht2h@shop-pro.jp', '65403 Jackson Park', 4, '', 'Female',
        '1992-06-30', '2018-04-04', FALSE, 5),
       (91, 'mponten2i', 'BASIC', '662-238-6708', 'lblagdon2i@wikipedia.org', '5 4th Circle', 2, '', 'Female',
        '1988-01-20', '2021-06-04', FALSE, 11),
       (92, 'jbowdon2j', 'VIP', '721-625-8902', 'bkondratenko2j@webs.com', '028 Veith Point', 16,
        'Etiam justo. Etiam pretium iaculis justo.', 'Female', '1962-02-11', '2020-02-10', FALSE, 2),
       (93, 'yrichmont2k', 'NEW', '874-511-4714', 'bthompsett2k@163.com', '8 Scoville Parkway', 9, 'Sed ante.', 'Male',
        '1990-03-02', '2024-05-09', FALSE, 5),
       (94, 'hmervyn2l', 'VIP', '594-148-8729', 'vcoultass2l@ustream.tv', '4 Graceland Alley', 6,
        'Ut at dolor quis odio consequat varius. Integer ac leo.', 'Male', '1982-02-16', '2019-09-08', FALSE, 13),
       (95, 'twoodfine2m', 'VIP', '773-850-8698', 'kgorriessen2m@wiley.com', '9 Hoard Road', 1,
        'Aenean lectus. Pellentesque eget nunc.', 'Female', '1964-09-05', '2022-06-15', FALSE, 6),
       (96, 'rauden2n', 'VIP', '786-512-9366', 'clabbet2n@mac.com', '723 Knutson Drive', 4, '', 'Male', '1940-08-17',
        '2019-08-08', FALSE, 11),
       (97, 'jobradane2o', 'VVIP', '607-330-5561', 'fdavy2o@nydailynews.com', '4 Armistice Pass', 18,
        'Morbi porttitor lorem id ligula. Suspendisse ornare consequat lectus.', 'Male', '1991-03-12', '2023-02-22',
        FALSE, 8),
       (98, 'ehughson2p', 'VVIP', '697-607-5035', 'cfishbourne2p@imageshack.us', '77 Steensland Plaza', 11, '', 'Male',
        '1955-06-17', '2020-01-05', FALSE, 4),
       (99, 'ghoneywood2q', 'BASIC', '758-680-7001', 'odreossi2q@ask.com', '352 Lillian Crossing', 2,
        'Maecenas pulvinar lobortis est.', 'Male', '1954-01-20', '2021-11-30', FALSE, 11),
       (100, 'tfallanche2r', 'VIP', '824-372-1143', 'lwalthew2r@senate.gov', '47023 Lakeland Circle', 13,
        'Vestibulum ante ipsum Donec pharetra, magna vestibulum aliquet ultrices, erat tortor sollicitudin mi, sit amet lobortis sapien sapien non mi.',
        'Female', '1941-07-24', '2024-02-12', FALSE, 4),
       (101, 'klimpertz2s', 'BASIC', '413-182-6064', 'bdumphrey2s@cnn.com', '8 Eliot Road', 12, '', 'Male',
        '1989-02-20', '2022-08-09', FALSE, 15),
       (102, 'dbuse2t', 'VIP', '950-531-7490', 'wkirk2t@boston.com', '3 Sunfield Park', 5,
        'Morbi ut odio. Cras mi pede, malesuada in, imperdiet et, commodo vulputate, justo.', 'Female', '1976-01-31',
        '2019-01-19', FALSE, 10),
       (103, 'sleeman2u', 'VVIP', '251-227-4454', 'futridge2u@nih.gov', '263 Mccormick Trail', 3, '', 'Male',
        '1945-02-22', '2021-02-12', FALSE, 2),
       (104, 'cgaley2v', 'VVIP', '805-237-3036', 'codooley2v@pen.io', '8721 Killdeer Drive', 8, '', 'Female',
        '1994-11-11', '2024-04-29', FALSE, 12),
       (105, 'ffurtado2w', 'BASIC', '961-193-6221', 'tgantlett2w@ameblo.jp', '48819 Russell Terrace', 13, '', 'Female',
        '1994-01-29', '2018-03-05', FALSE, 14),
       (106, 'llintill2x', 'VVIP', '522-608-0643', 'lcarp2x@shinystat.com', '278 4th Park', 14, 'Duis bibendum.',
        'Male', '1966-12-12', '2019-09-09', FALSE, 10),
       (107, 'hbelf2y', 'VVIP', '885-283-0611', 'sbryce2y@theatlantic.com', '16 Arkansas Circle', 5, '', 'Female',
        '2002-06-22', '2019-02-01', FALSE, 12),
       (108, 'fralestone2z', 'VIP', '621-307-1995', 'kmiddleweek2z@bigcartel.com', '26193 Dixon Plaza', 2, '', 'Male',
        '1992-08-14', '2018-12-05', FALSE, 13),
       (109, 'hdeakin30', 'BASIC', '446-209-2909', 'npitcher30@sciencedaily.com', '0890 Colorado Crossing', 19,
        'Nulla facilisi. Cras non velit nec nisi vulputate nonummy.', 'Male', '1998-07-21', '2023-04-25', FALSE, 5),
       (110, 'tgodball31', 'NEW', '479-633-1692', 'mramsell31@nbcnews.com', '8803 Bluestem Alley', 2,
        'Lorem ipsum dolor sit amet, consectetuer adipiscing elit.', 'Female', '1997-02-26', '2023-03-03', FALSE, 9),
       (111, 'lrupp32', 'VVIP', '583-586-0227', 'dnovacek32@wordpress.com', '452 Dennis Park', 14, '', 'Female',
        '1944-04-11', '2024-02-06', FALSE, 6),
       (112, 'rcahalin33', 'VIP', '123-899-6824', 'khryniewicki33@printfriendly.com', '449 Parkside Center', 9,
        'In tempor, turpis nec euismod scelerisque, quam turpis adipiscing lorem, vitae mattis nibh ligula nec sem.',
        'Male', '1948-03-05', '2023-11-09', FALSE, 12),
       (113, 'msiviour34', 'BASIC', '264-312-2107', 'csimond34@disqus.com', '9 Eagle Crest Court', 7, '', 'Female',
        '1953-09-14', '2020-08-06', FALSE, 14),
       (114, 'mbartul35', 'VVIP', '158-131-5299', 'hclyne35@chronoengine.com', '08 Golden Leaf Pass', 3,
        'Maecenas pulvinar lobortis est.', 'Female', '1997-09-06', '2021-12-05', FALSE, 14),
       (115, 'bohartnett36', 'BASIC', '996-218-9897', 'pracine36@jalbum.net', '41 Golf Course Park', 8,
        'Vestibulum ante ipsum Mauris viverra diam vitae quam. Suspendisse potenti.',
        'Female', '1962-01-01', '2021-09-17', FALSE, 13),
       (116, 'ikiezler37', 'VIP', '221-707-3378', 'mcinavas37@bandcamp.com', '69 Dwight Junction', 7, 'Morbi a ipsum.',
        'Female', '1984-08-26', '2019-12-04', FALSE, 11),
       (117, 'mjodrellec38', 'BASIC', '815-523-6158', 'mgodart38@hubpages.com', '47267 Butternut Circle', 2,
        'Maecenas ut massa quis augue luctus tincidunt. Nulla mollis molestie lorem.', 'Female', '1963-06-16',
        '2020-11-15', FALSE, 5),
       (118, 'bithell39', 'BASIC', '946-715-3299', 'mmacaskie39@mlb.com', '9640 Gale Terrace', 17, '', 'Male',
        '1998-10-11', '2018-09-11', FALSE, 11),
       (119, 'dlelievre3a', 'VIP', '698-830-0217', 'btommasi3a@yale.edu', '9 Pine View Pass', 5, '', 'Female',
        '1964-06-20', '2023-01-29', FALSE, 12),
       (120, 'thatchell3b', 'BASIC', '518-323-7543', 'ccrosland3b@reuters.com', '7 South Parkway', 15,
        'Vestibulum ac est lacinia nisi venenatis tristique.', 'Female', '1940-05-23', '2022-12-06', FALSE, 8),
       (121, 'stremmil3c', 'BASIC', '302-561-0306', 'madolf3c@harvard.edu', '96741 Garrison Circle', 2, '', 'Female',
        '1972-09-30', '2022-05-09', FALSE, 3),
       (122, 'svonasek3d', 'NEW', '595-297-5791', 'sabbis3d@digg.com', '2 Northwestern Circle', 6,
        'Cras in purus eu magna nascetur ridiculus mus.',
        'Male', '1950-08-19', '2022-11-15', FALSE, 6),
       (123, 'gmurrock3e', 'BASIC', '440-678-7144', 'blydden3e@hibu.com', '2 Graedel Terrace', 8, '', 'Female',
        '1955-07-19', '2021-04-14', FALSE, 1),
       (124, 'sberzen3f', 'BASIC', '563-618-2609', 'hlisamore3f@earthlink.net', '0609 Melrose Drive', 12, '', 'Female',
        '1993-01-07', '2020-04-12', FALSE, 1),
       (125, 'mscotchmer3g', 'VVIP', '110-894-2047', 'nclemetts3g@npr.org', '95 Kinsman Hill', 18,
        'Sed accumsan felis. Ut at dolor quis odio consequat varius.', 'Male', '1971-10-13', '2018-05-13', FALSE, 11),
       (126, 'wlofts3h', 'VVIP', '880-362-4939', 'akermannes3h@boston.com', '4 Chinook Plaza', 3,
        'Quisque arcu libero, rutrum ac, lobortis vel, dapibus at, diam. Nam tristique tortor eu pede.', 'Female',
        '1988-11-27', '2022-02-11', FALSE, 5),
       (127, 'jmilesap3i', 'VVIP', '265-288-5380', 'adan3i@usnews.com', '881 Fairview Circle', 8, '', 'Male',
        '1988-06-07', '2022-12-20', FALSE, 10),
       (128, 'fshipton3j', 'BASIC', '242-315-4847', 'ciozefovich3j@state.gov', '8895 Lyons Drive', 18, '', 'Male',
        '1988-03-03', '2018-11-13', FALSE, 14),
       (129, 'mslingsby3k', 'VVIP', '368-397-6830', 'lgrishukhin3k@xrea.com', '1054 Vidon Circle', 11,
        'Aliquam non mauris.', 'Male', '1994-09-01', '2019-06-06', FALSE, 6),
       (130, 'scrighten3l', 'VIP', '931-216-0200', 'bhyndley3l@archive.org', '684 Lotheville Crossing', 19, '',
        'Female', '1940-05-08', '2018-12-06', FALSE, 2),
       (131, 'akleinber3m', 'NEW', '454-376-8493', 'kblum3m@weibo.com', '13 Becker Park', 15,
        'Nulla suscipit ligula in lacus. Curabitur at ipsum ac tellus semper interdum.', 'Male', '2004-08-08',
        '2018-09-21', FALSE, 4),
       (132, 'mfinnigan3n', 'BASIC', '802-162-7753', 'rseamark3n@vk.com', '177 Victoria Road', 12,
        'Donec ut mauris eget massa tempor convallis.', 'Female', '1997-09-13', '2022-09-05', FALSE, 12),
       (133, 'lhamlett3o', 'VIP', '116-697-6254', 'ainskipp3o@wiley.com', '4359 Sherman Place', 11, '', 'Female',
        '1974-07-11', '2023-10-04', FALSE, 11),
       (134, 'aknock3p', 'BASIC', '294-662-6752', 'fbray3p@mediafire.com', '11510 Raven Hill', 16, '', 'Female',
        '1948-03-13', '2020-04-14', FALSE, 9),
       (135, 'hhalton3q', 'VIP', '617-849-8743', 'lmurch3q@indiatimes.com', '30837 Stang Hill', 12, '', 'Male',
        '1946-11-26', '2023-09-16', FALSE, 9),
       (136, 'asymcock3r', 'VIP', '872-993-5229', 'fwinscomb3r@sphinn.com', '81127 Rowland Crossing', 8, '', 'Male',
        '1946-08-31', '2022-06-22', FALSE, 5),
       (137, 'rbrowell3s', 'VVIP', '380-980-1231', 'nmedley3s@bluehost.com', '83773 Portage Point', 17, '', 'Female',
        '1959-11-11', '2021-01-24', FALSE, 4),
       (138, 'apaddemore3t', 'VIP', '458-662-3913', 'jlamie3t@plala.or.jp', '895 Sage Parkway', 1, '', 'Female',
        '1982-11-05', '2021-05-01', FALSE, 12),
       (139, 'cnorcutt3u', 'BASIC', '691-283-5390', 'kmorstatt3u@xrea.com', '8701 Clyde Gallagher Trail', 19, '',
        'Male', '1976-05-03', '2020-11-13', FALSE, 15),
       (140, 'dshaxby3v', 'BASIC', '187-815-3401', 'csenior3v@hc360.com', '89 Russell Avenue', 5, '', 'Male',
        '1954-03-27', '2018-08-16', FALSE, 15),
       (141, 'gmoriarty3w', 'VVIP', '164-726-1776', 'dkoppelmann3w@dell.com', '65801 Bayside Plaza', 15, '', 'Female',
        '1952-08-07', '2020-10-17', FALSE, 1),
       (142, 'dkempster3x', 'NEW', '811-848-2701', 'wtiltman3x@latimes.com', '737 Green Ridge Circle', 4, '', 'Male',
        '2002-04-04', '2019-03-14', FALSE, 8),
       (143, 'byurasov3y', 'VIP', '198-521-0215', 'mbirmingham3y@ucsd.edu', '8911 Hagan Junction', 11,
        'Curabitur in libero ut massa volutpat convallis. Morbi odio odio, elementum eu, interdum eu, tincidunt in, leo.',
        'Female', '1963-02-04', '2021-12-09', FALSE, 2),
       (144, 'srankling3z', 'VVIP', '434-395-0847', 'mtrevers3z@google.pl', '08734 Hagan Alley', 2, 'Donec dapibus.',
        'Male', '1994-01-21', '2021-08-22', FALSE, 15),
       (145, 'lsmalls40', 'BASIC', '806-574-6795', 'scrennan40@photobucket.com', '92 Welch Drive', 12, '', 'Male',
        '1960-12-03', '2021-08-09', FALSE, 15),
       (146, 'kskudder41', 'VVIP', '889-597-7648', 'nrentelll41@arizona.edu', '9 Summerview Hill', 15,
        'Sed sagittis. Nam congue, libero quis orci.',
        'Male', '1996-10-31', '2024-01-04', FALSE, 6),
       (147, 'zshark42', 'VVIP', '676-774-1565', 'cfillimore42@zdnet.com', '10 Pepper Wood Road', 5, '', 'Female',
        '1988-08-21', '2019-02-24', FALSE, 12),
       (148, 'hmichael43', 'NEW', '548-165-1799', 'jrivilis43@etsy.com', '8243 Barby Trail', 11,
        'Cras in purus eu magna vulputate luctus.', 'Male', '1973-06-17', '2021-08-29', FALSE, 3),
       (149, 'nlaroze44', 'VVIP', '177-582-3774', 'dcrenage44@sun.com', '94019 Fieldstone Street', 16, 'Proin eu mi.',
        'Male', '1999-09-14', '2022-06-14', FALSE, 13),
       (150, 'mhaslin45', 'NEW', '631-342-7446', 'sgeany45@edublogs.org', '2 Pawling Pass', 14,
        'Aliquam augue quam, sollicitudin vitae, consectetuer eget, rutrum at, lorem.', 'Male', '1979-07-17',
        '2018-01-17', FALSE, 13),
       (151, 'wlonnon46', 'VVIP', '385-607-1176', 'nhindenburg46@nytimes.com', '06359 Anniversary Circle', 14,
        'In sagittis dui vel nisl.', 'Female', '1974-03-16', '2021-12-05', FALSE, 6),
       (152, 'lstanbra47', 'VVIP', '476-126-1399', 'wpickaver47@bloglovin.com', '80 Prairieview Point', 5,
        'In hac habitasse platea dictumst.', 'Female', '1954-05-31', '2018-09-10', FALSE, 6),
       (153, 'abickersteth48', 'NEW', '847-618-2214', 'evoyce48@creativecommons.org', '1 6th Avenue', 11, '', 'Male',
        '1988-08-05', '2023-04-24', FALSE, 12),
       (154, 'bgiamitti49', 'VVIP', '374-879-2663', 'jgilbee49@sphinn.com', '2 Stephen Terrace', 20, '', 'Male',
        '1966-04-21', '2023-09-08', FALSE, 9),
       (155, 'bkennally4a', 'BASIC', '298-216-6838', 'tallett4a@berkeley.edu', '989 Ryan Lane', 9, '', 'Female',
        '1949-09-28', '2024-05-17', FALSE, 2),
       (156, 'calthorp4b', 'BASIC', '618-772-3394', 'cjewsbury4b@plala.or.jp', '0 Stephen Road', 7,
        'Integer ac neque. Duis bibendum.', 'Male', '1941-06-24', '2020-06-10', FALSE, 15),
       (157, 'amoorrud4c', 'VVIP', '188-711-6493', 'bfernie4c@macromedia.com', '93047 Sage Lane', 11, '', 'Female',
        '1958-08-28', '2022-03-25', FALSE, 8),
       (158, 'nscaice4d', 'VVIP', '183-595-7435', 'tdelete4d@ucla.edu', '812 Pankratz Circle', 12,
        'Nulla tellus. In sagittis dui vel nisl.', 'Male', '1943-03-29', '2023-04-03', FALSE, 5),
       (159, 'lmattedi4e', 'NEW', '860-835-8808', 'rdebanke4e@state.tx.us', '2 Maple Wood Drive', 20,
        'Quisque porta volutpat erat. Quisque erat eros, viverra eget, congue eget, semper rutrum, nulla.', 'Male',
        '1984-07-31', '2018-06-09', FALSE, 7),
       (160, 'cjarritt4f', 'BASIC', '231-952-7019', 'lbrinsford4f@msu.edu', '359 Meadow Ridge Terrace', 3, '', 'Female',
        '1966-10-11', '2021-05-26', FALSE, 14),
       (161, 'banselmi4g', 'NEW', '350-402-2148', 'cluthwood4g@tmall.com', '00803 Chive Crossing', 9, '', 'Female',
        '1992-04-01', '2023-02-11', FALSE, 15),
       (162, 'tswyne4h', 'VVIP', '106-386-3981', 'aearley4h@army.mil', '487 Heath Trail', 7,
        'Morbi quis tortor id nulla ultrices aliquet.', 'Female', '2001-08-06', '2020-07-09', FALSE, 6),
       (163, 'vshowte4i', 'VIP', '577-798-6697', 'akringe4i@ucoz.ru', '59100 Clove Pass', 10,
        'Cras in purus eu magna nascetur ridiculus mus.',
        'Male', '1978-01-25', '2024-04-18', FALSE, 5),
       (164, 'jbalnaves4j', 'BASIC', '789-688-2076', 'lbilney4j@discovery.com', '603 Shoshone Street', 19, '', 'Female',
        '1989-03-26', '2020-09-25', FALSE, 12),
       (165, 'folczyk4k', 'NEW', '355-119-6614', 'adobbins4k@jigsy.com', '129 Porter Plaza', 2,
        'Vestibulum rutrum rutrum neque. Aenean auctor gravida sem.', 'Male', '1974-12-11', '2024-05-08', FALSE, 1),
       (166, 'hdykes4l', 'VVIP', '573-313-8591', 'wbinden4l@virginia.edu', '601 Pleasure Place', 16, '', 'Male',
        '1958-11-25', '2021-11-26', FALSE, 7),
       (167, 'mcursey4m', 'NEW', '805-902-3909', 'atalloe4m@newsvine.com', '2798 Sheridan Plaza', 18,
        'Lorem ipsum dolor sit amet, consectetuer adipiscing elit.', 'Female', '1987-11-12', '2023-03-13', FALSE, 2),
       (168, 'kgilcriest4n', 'BASIC', '388-401-7298', 'mhowieson4n@chron.com', '1366 Mayer Lane', 6, '', 'Female',
        '1965-10-07', '2019-05-10', FALSE, 5),
       (169, 'mdady4o', 'NEW', '912-785-7654', 'gdenyagin4o@meetup.com', '8419 Banding Street', 14,
        'In hac habitasse platea ondimentum neque sapien placerat ante.',
        'Male', '1994-10-29', '2021-01-10', FALSE, 7),
       (170, 'pjakeman4p', 'BASIC', '327-165-1813', 'bwaddy4p@seattletimes.com', '37 Meadow Ridge Parkway', 1,
        'Nullam orci pede, venenatis non, sodales sed, tincidunt eu, felis.', 'Female', '1979-04-23', '2018-11-18',
        FALSE, 5),
       (171, 'dmincini4q', 'VVIP', '987-804-4102', 'bsansbury4q@twitpic.com', '54 1st Junction', 4,
        'Aenean lectus. Pellentesque eget nunc.', 'Female', '1951-04-26', '2019-08-14', FALSE, 10),
       (172, 'pphipps4r', 'NEW', '731-561-9261', 'showgill4r@hc360.com', '8 Kropf Drive', 6,
        'Mauris lacinia sapien quis libero. Nullam sit amet turpis elementum ligula vehicula consequat.', 'Female',
        '1993-12-20', '2020-03-27', FALSE, 13),
       (173, 'mmistry4s', 'BASIC', '283-828-0116', 'ihabershon4s@spiegel.de', '680 Truax Road', 11, '', 'Male',
        '1991-09-06', '2022-03-17', FALSE, 12),
       (174, 'gmacalees4t', 'VVIP', '546-132-7001', 'cmobbs4t@free.fr', '48033 Vernon Court', 5, 'Donec dapibus.',
        'Male', '1953-05-04', '2022-09-02', FALSE, 3),
       (175, 'rclifford4u', 'VVIP', '308-145-4342', 'ntribbeck4u@nbcnews.com', '9 Northridge Hill', 4,
        'Sed accumsan felis.', 'Male', '1998-05-18', '2018-03-13', FALSE, 1),
       (176, 'nbalchin4v', 'NEW', '137-860-5826', 'scoaten4v@dedecms.com', '5 Huxley Hill', 9, '', 'Male', '1960-08-22',
        '2023-07-24', FALSE, 14),
       (177, 'tlorne4w', 'VIP', '251-621-3057', 'gkirman4w@goo.ne.jp', '45275 Chive Terrace', 17,
        'Maecenas tincidunt lacus at velit.', 'Male', '2002-09-06', '2024-02-11', FALSE, 3),
       (178, 'owyllcock4x', 'VVIP', '574-714-5680', 'lbowlas4x@yellowbook.com', '7347 Warrior Center', 16,
        'Nullam molestie nibh in lectus.', 'Female', '1969-02-03', '2021-12-19', FALSE, 13),
       (179, 'trookledge4y', 'VVIP', '593-367-1152', 'dwagon4y@issuu.com', '00611 Crownhardt Terrace', 10, '', 'Male',
        '1973-10-21', '2021-01-06', FALSE, 1),
       (180, 'ivost4z', 'VIP', '533-338-6840', 'mburwin4z@tumblr.com', '574 Dwight Road', 13,
        'Nulla suscipit ligula in lacus.', 'Female', '1978-08-08', '2021-05-01', FALSE, 1),
       (181, 'spack50', 'VVIP', '954-103-6266', 'lsoldner50@pbs.org', '0 Roxbury Center', 16, '', 'Male', '2006-03-17',
        '2024-05-16', FALSE, 12),
       (182, 'gkolakovic51', 'VVIP', '901-660-8070', 'fscambler51@cargocollective.com', '97 Bayside Way', 9,
        'Pellentesque at nulla. Suspendisse potenti.', 'Male', '1946-08-03', '2018-02-18', FALSE, 12),
       (183, 'jedworthie52', 'NEW', '284-937-5859', 'ycherry52@slashdot.org', '21 Thierer Crossing', 2, '', 'Male',
        '1996-08-16', '2023-12-16', FALSE, 7),
       (184, 'aquarrell53', 'BASIC', '613-832-8932', 'lmackeogh53@google.com.hk', '994 Green Lane', 14, '', 'Female',
        '1967-07-31', '2020-11-11', FALSE, 8),
       (185, 'jtofpik54', 'VIP', '757-244-1564', 'kselly54@unblog.fr', '7 Morningstar Terrace', 7, '', 'Female',
        '1988-11-07', '2020-03-14', FALSE, 12),
       (186, 'cambrosini55', 'NEW', '839-966-2744', 'dspirit55@phoca.cz', '45 Briar Crest Terrace', 8,
        'Curabitur convallis. Duis consequat dui nec nisi volutpat eleifend.', 'Male', '1991-10-28', '2022-08-14',
        FALSE, 2),
       (187, 'smundle56', 'VVIP', '790-942-6345', 'ccattow56@webeden.co.uk', '22 Forest Dale Road', 13,
        'Ut at dolor quis odio consequat varius. Integer ac leo.', 'Male', '1949-08-02', '2021-05-28', FALSE, 2),
       (188, 'bmcturlough57', 'NEW', '819-919-2853', 'vjikovsky57@virginia.edu', '005 Scott Circle', 10,
        'Fusce lacus purus, aliquet at, feugiat non, pretium quis, lectus. Suspendisse potenti.', 'Female',
        '2003-07-24', '2018-12-03', FALSE, 4),
       (189, 'flotze58', 'NEW', '143-551-9519', 'twillicott58@google.com.au', '7387 Ludington Circle', 7, '', 'Male',
        '1965-06-06', '2019-10-06', FALSE, 7),
       (190, 'dbohler59', 'VIP', '956-102-4572', 'hcortez59@phpbb.com', '6 Mayfield Trail', 2,
        'Proin leo odio, porttitor id, consequat in, consequat ut, nulla.', 'Female', '1992-05-25', '2018-02-15',
        FALSE, 11),
       (191, 'tlasselle5a', 'VIP', '941-788-7428', 'sponnsett5a@dell.com', '38 Hanover Road', 5, '', 'Male',
        '1988-07-07', '2021-09-07', FALSE, 10),
       (192, 'mlandell5b', 'BASIC', '149-906-0314', 'ssyer5b@bigcartel.com', '35 Eagan Place', 17, 'Nulla tempus.',
        'Male', '1949-01-29', '2020-11-04', FALSE, 2),
       (193, 'jrizzardi5c', 'VVIP', '519-481-4902', 'awyrill5c@nhs.uk', '5 Westport Trail', 4,
        'Cras mi pede, malesuada in, imperdiet et, commodo vulputate, justo.', 'Male', '1946-01-03', '2021-01-01',
        FALSE, 5),
       (194, 'morridge5d', 'BASIC', '481-502-5839', 'dlebarree5d@columbia.edu', '92187 Dwight Circle', 14,
        'Aliquam erat volutpat. In congue.', 'Male', '2001-03-02', '2021-09-25', FALSE, 10),
       (195, 'tettritch5e', 'NEW', '261-619-1473', 'bpeniman5e@squarespace.com', '55 Milwaukee Junction', 15,
        'Vestibulum ante ipsum primis magna vestibulum aliquet ultrices, erat tortor sollicitudin mi, sit amet lobortis sapien sapien non mi. Integer ac neque.',
        'Male', '1991-11-09', '2022-10-19', FALSE, 2),
       (196, 'stellenbrook5f', 'NEW', '405-200-3684', 'fbruntje5f@indiatimes.com', '39904 Claremont Way', 11,
        'Phasellus id sapien in sapien iaculis congue.', 'Female', '2003-07-27', '2019-07-26', FALSE, 7),
       (197, 'kdemougeot5g', 'NEW', '676-543-2063', 'astreatfeild5g@csmonitor.com', '550 Mallard Way', 9,
        'Nam ultrices, libero non Sed vel enim sit amet nunc viverra dapibus.',
        'Female', '1973-07-10', '2018-09-03', FALSE, 1),
       (198, 'enenci5h', 'NEW', '648-550-4954', 'adodell5h@hubpages.com', '9 Corben Pass', 19, '', 'Female',
        '1967-05-06', '2020-08-03', FALSE, 11),
       (199, 'rchampken5i', 'VVIP', '439-104-1373', 'gbroderick5i@npr.org', '4 8th Plaza', 16,
        'Sed vel enim sit amet nunc viverra dapibus. Nulla suscipit ligula in lacus.', 'Female', '1964-09-11',
        '2021-02-10', FALSE, 1),
       (200, 'mglaze5j', 'BASIC', '721-969-1224', 'jharewood5j@canalblog.com', '382 Vera Trail', 12, '', 'Female',
        '1951-09-16', '2019-09-15', FALSE, 10);

INSERT INTO customer_preference (id, customer_id, is_smoking, purpose, is_pet, preferred_checkin_time,
                                 preferred_checkout_time, dietary_restrictions, funnel, interest,
                                 Is_breakfast_preferred)
VALUES (1, 1, FALSE, 'FAMILY TRIP', TRUE, '14:41:18', '09:49:03', '', 'WALK-INS', 'PHOTOGRAPHY', FALSE),
       (2, 2, TRUE, 'TRAVEL', FALSE, '15:32:07', '07:50:23', '', 'ONLINE TRAVEL AGENCIES', 'READING', FALSE),
       (3, 3, FALSE, 'TRAVEL', FALSE, '14:44:04', '12:42:58', 'SOY', 'GROUP BOOKINGS', 'COOKING', TRUE),
       (4, 4, TRUE, 'BUSINESS', FALSE, '10:22:58', '14:01:29', 'SOY', 'REFERRAL PROGRAMS', 'COOKING', FALSE),
       (5, 5, FALSE, 'BUSINESS', TRUE, '14:36:19', '10:56:56', '', 'TRAVEL AGENTS', 'GARDENING', FALSE),
       (6, 6, TRUE, 'BUSINESS', FALSE, '13:56:30', '15:27:44', '', 'TRAVEL AGENTS', 'GARDENING', TRUE),
       (7, 7, TRUE, 'FAMILY TRIP', FALSE, '14:08:30', '08:17:46', '', 'TRAVEL AGENTS', 'COOKING', FALSE),
       (8, 8, TRUE, 'STAYCATION', FALSE, '12:10:06', '09:23:58', 'TREE NUT', 'CORPORATE CONTRACTS', 'GOLF',
        FALSE),
       (9, 9, FALSE, 'STAYCATION', FALSE, '12:50:01', '15:03:07', '', 'CORPORATE CONTRACTS', 'FITNESS', TRUE),
       (10, 10, FALSE, 'BUSINESS', TRUE, '15:37:44', '10:35:53', '', 'TOUR OPERATORS', 'PHOTOGRAPHY', FALSE),
       (11, 11, TRUE, 'FAMILY TRIP', FALSE, '10:40:56', '09:24:40', 'SOY', 'HOTEL OFFICIAL WEBSITE', 'TRAVELING',
        TRUE),
       (12, 12, FALSE, 'BUSINESS', FALSE, '10:59:07', '09:33:45', 'MUSTARD', 'CORPORATE CONTRACTS', 'GOLF', TRUE),
       (13, 13, FALSE, 'BUSINESS', FALSE, '10:17:32', '12:09:29', 'TREE NUT', 'TRAVEL AGENTS', 'GOLF', FALSE),
       (14, 14, TRUE, 'TRAVEL', TRUE, '13:52:16', '13:45:06', 'MUSTARD', 'TOUR OPERATORS', 'READING', TRUE),
       (15, 15, TRUE, 'BUSINESS', FALSE, '11:10:32', '15:35:56', '', 'SOCIAL MEDIA', 'GARDENING', FALSE),
       (16, 16, FALSE, 'STAYCATION', TRUE, '12:11:12', '12:52:34', '', 'CORPORATE CONTRACTS', 'MUSIC', FALSE),
       (17, 17, TRUE, 'TRAVEL', FALSE, '14:47:10', '09:18:24', '', 'GROUP BOOKINGS', 'MUSIC', TRUE),
       (18, 18, FALSE, 'BUSINESS', FALSE, '14:52:19', '07:37:14', 'FISH', 'SOCIAL MEDIA', 'TRAVELING', FALSE),
       (19, 19, TRUE, 'TRAVEL', FALSE, '16:39:41', '11:38:27', 'FISH', 'TRAVEL AGENTS', 'PHOTOGRAPHY', TRUE),
       (20, 20, TRUE, 'TRAVEL', FALSE, '14:48:54', '11:08:10', '', 'TOUR OPERATORS', 'COOKING', TRUE),
       (21, 21, FALSE, 'TRAVEL', TRUE, '14:02:21', '15:27:40', '', 'CORPORATE CONTRACTS', 'MUSIC', TRUE),
       (22, 22, FALSE, 'STAYCATION', TRUE, '11:58:25', '13:01:10', '', 'ONLINE TRAVEL AGENCIES', 'PHOTOGRAPHY',
        TRUE),
       (23, 23, FALSE, 'BUSINESS', TRUE, '11:21:44', '11:44:05', '', 'SOCIAL MEDIA', 'PHOTOGRAPHY', TRUE),
       (24, 24, TRUE, 'FAMILY TRIP', TRUE, '13:41:38', '11:30:44', 'FISH', 'WALK-INS', 'GOLF', FALSE),
       (25, 25, FALSE, 'STAYCATION', FALSE, '14:38:32', '09:14:28', '', 'ONLINE TRAVEL AGENCIES', 'FITNESS',
        TRUE),
       (26, 26, FALSE, 'TRAVEL', TRUE, '12:47:43', '11:15:17', 'FISH', 'HOTEL OFFICIAL WEBSITE', 'GARDENING',
        TRUE),
       (27, 27, FALSE, 'STAYCATION', FALSE, '13:08:44', '11:42:16', 'FISH', 'SOCIAL MEDIA', 'HIKING', FALSE),
       (28, 28, TRUE, 'FAMILY TRIP', FALSE, '13:46:31', '07:49:25', 'TREE NUT', 'LOYALTY PROGRAMS', 'HIKING',
        TRUE),
       (29, 29, FALSE, 'FAMILY TRIP', TRUE, '12:27:26', '13:17:45', '', 'LOYALTY PROGRAMS', 'TRAVELING', FALSE),
       (30, 30, FALSE, 'STAYCATION', TRUE, '15:01:08', '10:39:57', '', 'GROUP BOOKINGS', 'FITNESS', TRUE),
       (31, 31, FALSE, 'TRAVEL', FALSE, '10:47:12', '15:34:58', 'PEANUT', 'TRAVEL AGENTS', 'HIKING', TRUE),
       (32, 32, TRUE, 'STAYCATION', TRUE, '13:18:37', '11:14:00', '', 'ONLINE TRAVEL AGENCIES', 'GARDENING',
        TRUE),
       (33, 33, FALSE, 'BUSINESS', TRUE, '14:07:34', '08:14:46', '', 'CORPORATE CONTRACTS', 'FITNESS', FALSE),
       (34, 34, TRUE, 'FAMILY TRIP', TRUE, '10:17:44', '07:44:01', '', 'SOCIAL MEDIA', 'GARDENING', TRUE),
       (35, 35, FALSE, 'BUSINESS', TRUE, '10:13:02', '11:57:09', 'SHELLFISH', 'ONLINE TRAVEL AGENCIES', 'GOLF',
        TRUE),
       (36, 36, FALSE, 'BUSINESS', TRUE, '12:19:12', '08:35:34', 'WHEAT', 'CORPORATE CONTRACTS', 'COOKING',
        FALSE),
       (37, 37, TRUE, 'STAYCATION', FALSE, '14:51:10', '08:02:05', '', 'ONLINE TRAVEL AGENCIES', 'READING',
        FALSE),
       (38, 38, FALSE, 'FAMILY TRIP', TRUE, '10:31:00', '13:54:31', '', 'HOTEL OFFICIAL WEBSITE', 'GOLF', TRUE),
       (39, 39, TRUE, 'TRAVEL', TRUE, '14:40:28', '07:26:38', 'WHEAT', 'TOUR OPERATORS', 'GOLF', TRUE),
       (40, 40, TRUE, 'STAYCATION', FALSE, '15:50:49', '10:54:23', '', 'LOYALTY PROGRAMS', 'HIKING', TRUE),
       (41, 41, TRUE, 'STAYCATION', FALSE, '16:37:21', '10:46:09', '', 'CORPORATE CONTRACTS', 'FITNESS', TRUE),
       (42, 42, TRUE, 'BUSINESS', FALSE, '10:01:35', '10:42:04', 'SESAME', 'TOUR OPERATORS', 'TRAVELING', TRUE),
       (43, 43, TRUE, 'BUSINESS', TRUE, '13:13:06', '14:49:16', 'WHEAT', 'ONLINE TRAVEL AGENCIES', 'GOLF', TRUE),
       (44, 44, FALSE, 'BUSINESS', FALSE, '11:03:36', '10:57:42', 'SOY', 'GROUP BOOKINGS', 'GOLF', FALSE),
       (45, 45, TRUE, 'FAMILY TRIP', FALSE, '12:54:47', '07:12:33', 'EGG', 'WALK-INS', 'FITNESS', TRUE),
       (46, 46, TRUE, 'TRAVEL', TRUE, '15:34:50', '07:59:38', '', 'TOUR OPERATORS', 'GOLF', FALSE),
       (47, 47, TRUE, 'FAMILY TRIP', FALSE, '12:36:45', '15:49:44', '', 'SOCIAL MEDIA', 'MUSIC', TRUE),
       (48, 48, FALSE, 'BUSINESS', TRUE, '14:13:40', '10:20:43', 'EGG', 'TOUR OPERATORS', 'GOLF', FALSE),
       (49, 49, TRUE, 'BUSINESS', FALSE, '10:30:07', '11:03:27', 'PEANUT', 'WALK-INS', 'HIKING', FALSE),
       (50, 50, TRUE, 'STAYCATION', TRUE, '11:38:18', '12:40:45', '', 'REFERRAL PROGRAMS', 'PHOTOGRAPHY', TRUE),
       (51, 51, FALSE, 'FAMILY TRIP', TRUE, '12:35:37', '09:25:56', '', 'GROUP BOOKINGS', 'FITNESS', FALSE),
       (52, 52, FALSE, 'FAMILY TRIP', TRUE, '14:36:37', '14:11:28', 'WHEAT', 'SOCIAL MEDIA', 'FITNESS', FALSE),
       (53, 53, FALSE, 'TRAVEL', FALSE, '14:16:50', '07:13:08', '', 'TOUR OPERATORS', 'MUSIC', FALSE),
       (54, 54, TRUE, 'STAYCATION', FALSE, '13:52:01', '11:51:25', 'WHEAT', 'SOCIAL MEDIA', 'GARDENING', TRUE),
       (55, 55, FALSE, 'STAYCATION', FALSE, '14:05:37', '10:18:30', '', 'SOCIAL MEDIA', 'HIKING', FALSE),
       (56, 56, TRUE, 'STAYCATION', FALSE, '16:19:24', '12:49:35', 'WHEAT', 'LOYALTY PROGRAMS', 'MUSIC', TRUE),
       (57, 57, FALSE, 'FAMILY TRIP', TRUE, '14:02:11', '11:46:33', '', 'LOYALTY PROGRAMS', 'READING', FALSE),
       (58, 58, TRUE, 'FAMILY TRIP', FALSE, '12:18:15', '15:37:38', 'SHELLFISH', 'GROUP BOOKINGS', 'HIKING',
        TRUE),
       (59, 59, FALSE, 'STAYCATION', FALSE, '14:09:57', '07:11:16', 'SESAME', 'HOTEL OFFICIAL WEBSITE', 'COOKING',
        FALSE),
       (60, 60, TRUE, 'FAMILY TRIP', FALSE, '13:38:36', '11:09:53', '', 'GROUP BOOKINGS', 'TRAVELING', TRUE),
       (61, 61, FALSE, 'BUSINESS', FALSE, '13:14:33', '12:32:34', 'FISH', 'WALK-INS', 'HIKING', TRUE),
       (62, 62, FALSE, 'FAMILY TRIP', TRUE, '14:26:46', '08:55:19', 'PEANUT', 'CORPORATE CONTRACTS', 'COOKING',
        FALSE),
       (63, 63, FALSE, 'FAMILY TRIP', TRUE, '10:43:06', '10:52:47', 'MILK', 'WALK-INS', 'COOKING', TRUE),
       (64, 64, TRUE, 'TRAVEL', FALSE, '11:33:50', '14:49:28', '', 'SOCIAL MEDIA', 'FITNESS', FALSE),
       (65, 65, FALSE, 'STAYCATION', TRUE, '11:57:44', '11:03:11', 'SESAME', 'HOTEL OFFICIAL WEBSITE',
        'PHOTOGRAPHY', FALSE),
       (66, 66, FALSE, 'TRAVEL', TRUE, '13:56:49', '14:39:15', '', 'SOCIAL MEDIA', 'MUSIC', TRUE),
       (67, 67, FALSE, 'STAYCATION', FALSE, '13:04:17', '15:20:45', 'PEANUT', 'HOTEL OFFICIAL WEBSITE', 'FITNESS',
        FALSE),
       (68, 68, FALSE, 'FAMILY TRIP', FALSE, '12:36:06', '07:50:05', '', 'SOCIAL MEDIA', 'FITNESS', TRUE),
       (69, 69, TRUE, 'STAYCATION', FALSE, '12:19:17', '07:48:19', 'WHEAT', 'TOUR OPERATORS', 'GARDENING', FALSE),
       (70, 70, FALSE, 'STAYCATION', TRUE, '11:23:38', '07:25:08', 'WHEAT', 'CORPORATE CONTRACTS', 'TRAVELING',
        TRUE),
       (71, 71, FALSE, 'TRAVEL', TRUE, '10:52:47', '11:40:22', 'SOY', 'TRAVEL AGENTS', 'PHOTOGRAPHY', FALSE),
       (72, 72, FALSE, 'STAYCATION', TRUE, '12:25:35', '07:56:37', '', 'REFERRAL PROGRAMS', 'TRAVELING', FALSE),
       (73, 73, TRUE, 'FAMILY TRIP', FALSE, '15:54:39', '12:48:26', 'MUSTARD', 'WALK-INS', 'GARDENING', TRUE),
       (74, 74, TRUE, 'TRAVEL', FALSE, '12:08:03', '13:36:34', '', 'TOUR OPERATORS', 'GOLF', FALSE),
       (75, 75, FALSE, 'TRAVEL', TRUE, '15:03:04', '10:55:17', '', 'TRAVEL AGENTS', 'MUSIC', TRUE),
       (76, 76, FALSE, 'TRAVEL', FALSE, '14:39:03', '07:48:34', '', 'HOTEL OFFICIAL WEBSITE', 'COOKING', FALSE),
       (77, 77, TRUE, 'STAYCATION', FALSE, '11:48:14', '07:56:39', 'EGG', 'CORPORATE CONTRACTS', 'READING', TRUE),
       (78, 78, TRUE, 'BUSINESS', FALSE, '16:08:56', '10:26:46', '', 'LOYALTY PROGRAMS', 'GOLF', FALSE),
       (79, 79, TRUE, 'TRAVEL', TRUE, '13:56:43', '08:22:43', '', 'REFERRAL PROGRAMS', 'GOLF', FALSE),
       (80, 80, FALSE, 'TRAVEL', FALSE, '14:35:40', '15:11:34', '', 'WALK-INS', 'PHOTOGRAPHY', TRUE),
       (81, 81, FALSE, 'FAMILY TRIP', FALSE, '12:10:39', '10:34:05', 'PEANUT', 'REFERRAL PROGRAMS', 'GOLF', TRUE),
       (82, 82, FALSE, 'BUSINESS', FALSE, '16:30:45', '15:00:18', 'MILK', 'TOUR OPERATORS', 'GOLF', FALSE),
       (83, 83, TRUE, 'TRAVEL', FALSE, '14:10:28', '10:45:46', '', 'TRAVEL AGENTS', 'PHOTOGRAPHY', FALSE),
       (84, 84, FALSE, 'BUSINESS', FALSE, '16:55:20', '13:04:22', '', 'ONLINE TRAVEL AGENCIES', 'FITNESS', FALSE),
       (85, 85, TRUE, 'FAMILY TRIP', FALSE, '14:31:41', '08:23:23', '', 'TRAVEL AGENTS', 'MUSIC', TRUE),
       (86, 86, FALSE, 'FAMILY TRIP', FALSE, '15:57:19', '10:19:36', '', 'LOYALTY PROGRAMS', 'GOLF', FALSE),
       (87, 87, FALSE, 'FAMILY TRIP', TRUE, '15:18:51', '07:05:27', '', 'GROUP BOOKINGS', 'TRAVELING', TRUE),
       (88, 88, FALSE, 'BUSINESS', FALSE, '12:05:52', '13:28:54', '', 'LOYALTY PROGRAMS', 'GARDENING', TRUE),
       (89, 89, FALSE, 'STAYCATION', FALSE, '13:21:53', '09:19:34', 'SHELLFISH', 'WALK-INS', 'PHOTOGRAPHY', TRUE),
       (90, 90, TRUE, 'TRAVEL', FALSE, '10:45:26', '09:57:25', 'EGG', 'CORPORATE CONTRACTS', 'MUSIC', FALSE),
       (91, 91, FALSE, 'STAYCATION', FALSE, '16:37:37', '09:18:41', 'SHELLFISH', 'LOYALTY PROGRAMS', 'READING',
        TRUE),
       (92, 92, TRUE, 'FAMILY TRIP', TRUE, '13:40:55', '15:50:42', 'FISH', 'REFERRAL PROGRAMS', 'PHOTOGRAPHY',
        TRUE),
       (93, 93, FALSE, 'FAMILY TRIP', TRUE, '12:55:55', '15:54:10', '', 'REFERRAL PROGRAMS', 'READING', TRUE),
       (94, 94, FALSE, 'FAMILY TRIP', FALSE, '16:45:41', '10:05:59', 'SHELLFISH', 'TRAVEL AGENTS', 'PHOTOGRAPHY',
        TRUE),
       (95, 95, FALSE, 'FAMILY TRIP', FALSE, '16:58:38', '07:58:52', '', 'TRAVEL AGENTS', 'COOKING', TRUE),
       (96, 96, FALSE, 'TRAVEL', FALSE, '13:55:38', '11:50:30', '', 'WALK-INS', 'PHOTOGRAPHY', TRUE),
       (97, 97, TRUE, 'FAMILY TRIP', FALSE, '13:08:12', '11:55:33', '', 'GROUP BOOKINGS', 'GOLF', TRUE),
       (98, 98, FALSE, 'TRAVEL', TRUE, '14:12:35', '09:00:21', 'WHEAT', 'WALK-INS', 'FITNESS', FALSE),
       (99, 99, FALSE, 'BUSINESS', TRUE, '12:35:03', '07:32:58', 'PEANUT', 'LOYALTY PROGRAMS', 'GOLF', FALSE),
       (100, 100, TRUE, 'STAYCATION', TRUE, '11:47:25', '10:08:15', 'MUSTARD', 'WALK-INS', 'TRAVELING', FALSE),
       (101, 101, FALSE, 'FAMILY TRIP', TRUE, '15:47:58', '15:02:32', 'SOY', 'TOUR OPERATORS', 'HIKING', FALSE),
       (102, 102, TRUE, 'FAMILY TRIP', FALSE, '12:38:28', '13:13:30', '', 'GROUP BOOKINGS', 'GOLF', FALSE),
       (103, 103, FALSE, 'BUSINESS', TRUE, '13:56:31', '08:09:21', 'MILK', 'TRAVEL AGENTS', 'MUSIC', FALSE),
       (104, 104, TRUE, 'TRAVEL', TRUE, '10:55:07', '07:07:38', 'MILK', 'GROUP BOOKINGS', 'READING', TRUE),
       (105, 105, TRUE, 'BUSINESS', TRUE, '15:34:26', '14:51:07', '', 'LOYALTY PROGRAMS', 'TRAVELING', FALSE),
       (106, 106, TRUE, 'FAMILY TRIP', FALSE, '15:37:52', '09:52:53', 'SESAME', 'LOYALTY PROGRAMS', 'PHOTOGRAPHY',
        FALSE),
       (107, 107, FALSE, 'STAYCATION', FALSE, '14:02:52', '07:09:47', '', 'LOYALTY PROGRAMS', 'GARDENING', TRUE),
       (108, 108, TRUE, 'STAYCATION', TRUE, '16:05:10', '14:23:04', 'SOY', 'TRAVEL AGENTS', 'COOKING', TRUE),
       (109, 109, TRUE, 'FAMILY TRIP', FALSE, '11:13:35', '13:39:25', '', 'TOUR OPERATORS', 'HIKING', FALSE),
       (110, 110, FALSE, 'STAYCATION', TRUE, '11:58:31', '09:59:37', 'MUSTARD', 'HOTEL OFFICIAL WEBSITE',
        'PHOTOGRAPHY',
        FALSE),
       (111, 111, FALSE, 'FAMILY TRIP', TRUE, '11:12:28', '14:43:10', '', 'REFERRAL PROGRAMS', 'MUSIC', FALSE),
       (112, 112, TRUE, 'FAMILY TRIP', TRUE, '13:11:49', '07:16:42', '', 'REFERRAL PROGRAMS', 'GARDENING', FALSE),
       (113, 113, FALSE, 'FAMILY TRIP', TRUE, '10:08:11', '07:08:31', 'MUSTARD', 'TRAVEL AGENTS', 'COOKING',
        TRUE),
       (114, 114, FALSE, 'TRAVEL', TRUE, '10:10:32', '12:28:49', 'TREE NUT', 'TRAVEL AGENTS', 'MUSIC', FALSE),
       (115, 115, FALSE, 'TRAVEL', TRUE, '11:17:29', '13:36:09', '', 'CORPORATE CONTRACTS', 'READING', FALSE),
       (116, 116, FALSE, 'TRAVEL', TRUE, '16:05:38', '11:46:26', 'SESAME', 'GROUP BOOKINGS', 'GARDENING', TRUE),
       (117, 117, TRUE, 'FAMILY TRIP', TRUE, '12:13:48', '13:43:57', '', 'CORPORATE CONTRACTS', 'GARDENING',
        FALSE),
       (118, 118, TRUE, 'STAYCATION', FALSE, '13:34:35', '11:15:15', '', 'HOTEL OFFICIAL WEBSITE', 'GARDENING',
        TRUE),
       (119, 119, FALSE, 'BUSINESS', TRUE, '13:19:41', '15:29:44', '', 'CORPORATE CONTRACTS', 'GARDENING', FALSE),
       (120, 120, FALSE, 'STAYCATION', TRUE, '16:10:11', '09:57:39', 'WHEAT', 'REFERRAL PROGRAMS', 'GOLF', TRUE),
       (121, 121, TRUE, 'STAYCATION', FALSE, '14:31:55', '14:10:02', '', 'HOTEL OFFICIAL WEBSITE', 'TRAVELING',
        TRUE),
       (122, 122, TRUE, 'BUSINESS', TRUE, '11:12:16', '09:24:59', '', 'WALK-INS', 'READING', FALSE),
       (123, 123, FALSE, 'FAMILY TRIP', FALSE, '13:07:11', '14:21:47', '', 'CORPORATE CONTRACTS', 'PHOTOGRAPHY',
        FALSE),
       (124, 124, TRUE, 'FAMILY TRIP', TRUE, '14:30:37', '12:55:10', 'TREE NUT', 'ONLINE TRAVEL AGENCIES', 'HIKING',
        TRUE),
       (125, 125, FALSE, 'STAYCATION', FALSE, '12:03:42', '14:42:13', '', 'GROUP BOOKINGS', 'FITNESS', TRUE),
       (126, 126, TRUE, 'TRAVEL', TRUE, '15:52:27', '08:45:22', '', 'LOYALTY PROGRAMS', 'FITNESS', FALSE),
       (127, 127, FALSE, 'BUSINESS', TRUE, '16:25:33', '13:40:41', '', 'GROUP BOOKINGS', 'GARDENING', FALSE),
       (128, 128, FALSE, 'FAMILY TRIP', FALSE, '10:17:04', '09:55:07', '', 'CORPORATE CONTRACTS', 'FITNESS',
        TRUE),
       (129, 129, FALSE, 'TRAVEL', FALSE, '15:29:50', '15:25:46', 'MUSTARD', 'TOUR OPERATORS', 'READING', FALSE),
       (130, 130, TRUE, 'FAMILY TRIP', FALSE, '10:23:18', '15:14:31', '', 'LOYALTY PROGRAMS', 'FITNESS', FALSE),
       (131, 131, FALSE, 'TRAVEL', FALSE, '14:09:03', '11:51:42', 'WHEAT', 'CORPORATE CONTRACTS', 'PHOTOGRAPHY',
        FALSE),
       (132, 132, FALSE, 'TRAVEL', TRUE, '10:48:41', '08:10:21', '', 'TRAVEL AGENTS', 'MUSIC', FALSE),
       (133, 133, TRUE, 'FAMILY TRIP', FALSE, '12:34:56', '14:41:53', 'MUSTARD', 'GROUP BOOKINGS', 'HIKING',
        FALSE),
       (134, 134, TRUE, 'FAMILY TRIP', TRUE, '11:02:03', '08:34:30', 'FISH', 'LOYALTY PROGRAMS', 'FITNESS',
        FALSE),
       (135, 135, TRUE, 'BUSINESS', FALSE, '11:18:37', '15:07:11', 'SHELLFISH', 'HOTEL OFFICIAL WEBSITE',
        'PHOTOGRAPHY', FALSE),
       (136, 136, TRUE, 'BUSINESS', TRUE, '13:23:21', '13:50:23', '', 'WALK-INS', 'PHOTOGRAPHY', TRUE),
       (137, 137, FALSE, 'BUSINESS', FALSE, '11:21:15', '11:09:57', 'TREE NUT', 'TOUR OPERATORS', 'HIKING', TRUE),
       (138, 138, TRUE, 'FAMILY TRIP', FALSE, '12:32:52', '08:05:56', 'SOY', 'CORPORATE CONTRACTS', 'GOLF', TRUE),
       (139, 139, TRUE, 'BUSINESS', FALSE, '10:42:32', '10:18:15', '', 'HOTEL OFFICIAL WEBSITE', 'FITNESS',
        FALSE),
       (140, 140, FALSE, 'STAYCATION', FALSE, '10:51:48', '11:38:16', '', 'LOYALTY PROGRAMS', 'GARDENING', TRUE),
       (141, 141, FALSE, 'TRAVEL', FALSE, '12:22:51', '09:28:04', '', 'GROUP BOOKINGS', 'HIKING', TRUE),
       (142, 142, TRUE, 'BUSINESS', TRUE, '12:06:18', '08:58:21', '', 'WALK-INS', 'GOLF', TRUE),
       (143, 143, TRUE, 'STAYCATION', FALSE, '13:02:52', '14:37:40', '', 'TRAVEL AGENTS', 'PHOTOGRAPHY', FALSE),
       (144, 144, TRUE, 'STAYCATION', FALSE, '11:54:18', '08:44:15', 'MILK', 'WALK-INS', 'FITNESS', TRUE),
       (145, 145, FALSE, 'BUSINESS', TRUE, '13:52:18', '10:14:03', '', 'TOUR OPERATORS', 'TRAVELING', TRUE),
       (146, 146, TRUE, 'STAYCATION', TRUE, '14:32:32', '13:34:40', 'WHEAT', 'CORPORATE CONTRACTS', 'TRAVELING',
        TRUE),
       (147, 147, FALSE, 'TRAVEL', TRUE, '13:27:29', '14:50:37', '', 'WALK-INS', 'GOLF', TRUE),
       (148, 148, FALSE, 'TRAVEL', TRUE, '13:13:28', '11:20:23', 'SHELLFISH', 'TOUR OPERATORS', 'FITNESS', FALSE),
       (149, 149, FALSE, 'FAMILY TRIP', FALSE, '15:28:46', '09:31:21', 'TREE NUT', 'WALK-INS', 'TRAVELING', TRUE),
       (150, 150, TRUE, 'FAMILY TRIP', TRUE, '10:40:15', '10:53:16', 'TREE NUT', 'ONLINE TRAVEL AGENCIES', 'MUSIC',
        FALSE),
       (151, 151, FALSE, 'FAMILY TRIP', TRUE, '10:10:00', '07:08:25', '', 'REFERRAL PROGRAMS', 'READING', FALSE),
       (152, 152, TRUE, 'TRAVEL', FALSE, '10:01:54', '11:50:09', '', 'ONLINE TRAVEL AGENCIES', 'GOLF', FALSE),
       (153, 153, FALSE, 'STAYCATION', TRUE, '12:34:57', '13:50:37', '', 'WALK-INS', 'GARDENING', FALSE),
       (154, 154, FALSE, 'FAMILY TRIP', FALSE, '16:04:04', '12:36:19', 'TREE NUT', 'TOUR OPERATORS', 'HIKING',
        FALSE),
       (155, 155, TRUE, 'STAYCATION', TRUE, '14:12:04', '12:05:12', 'EGG', 'HOTEL OFFICIAL WEBSITE', 'HIKING',
        TRUE),
       (156, 156, TRUE, 'TRAVEL', TRUE, '10:16:02', '08:37:52', '', 'SOCIAL MEDIA', 'GARDENING', TRUE),
       (157, 157, FALSE, 'BUSINESS', FALSE, '11:53:55', '15:58:47', 'MUSTARD', 'TRAVEL AGENTS', 'GARDENING',
        FALSE),
       (158, 158, FALSE, 'FAMILY TRIP', TRUE, '15:19:40', '11:01:02', '', 'WALK-INS', 'MUSIC', FALSE),
       (159, 159, TRUE, 'STAYCATION', TRUE, '14:01:52', '10:48:24', '', 'SOCIAL MEDIA', 'READING', TRUE),
       (160, 160, TRUE, 'FAMILY TRIP', TRUE, '13:59:08', '07:12:00', 'EGG', 'TOUR OPERATORS', 'FITNESS', FALSE),
       (161, 161, TRUE, 'FAMILY TRIP', FALSE, '15:34:41', '08:36:14', 'TREE NUT', 'LOYALTY PROGRAMS', 'GOLF',
        FALSE),
       (162, 162, TRUE, 'TRAVEL', TRUE, '10:41:03', '10:51:25', '', 'ONLINE TRAVEL AGENCIES', 'GOLF', TRUE),
       (163, 163, FALSE, 'FAMILY TRIP', TRUE, '11:01:05', '10:21:23', 'TREE NUT', 'TRAVEL AGENTS', 'READING',
        FALSE),
       (164, 164, TRUE, 'BUSINESS', FALSE, '13:35:56', '08:56:46', '', 'HOTEL OFFICIAL WEBSITE', 'MUSIC', FALSE),
       (165, 165, FALSE, 'TRAVEL', TRUE, '10:05:32', '07:05:18', 'MUSTARD', 'HOTEL OFFICIAL WEBSITE', 'MUSIC',
        TRUE),
       (166, 166, TRUE, 'TRAVEL', TRUE, '10:14:59', '15:12:24', 'SESAME', 'GROUP BOOKINGS', 'GOLF', TRUE),
       (167, 167, TRUE, 'TRAVEL', FALSE, '14:02:36', '13:05:44', '', 'TOUR OPERATORS', 'FITNESS', FALSE),
       (168, 168, TRUE, 'STAYCATION', FALSE, '16:18:55', '08:36:10', 'TREE NUT', 'GROUP BOOKINGS', 'HIKING',
        TRUE),
       (169, 169, FALSE, 'BUSINESS', TRUE, '11:58:10', '07:35:15', '', 'WALK-INS', 'COOKING', TRUE),
       (170, 170, TRUE, 'BUSINESS', FALSE, '11:40:19', '09:39:56', 'EGG', 'SOCIAL MEDIA', 'HIKING', TRUE),
       (171, 171, TRUE, 'STAYCATION', TRUE, '16:44:33', '15:52:58', 'PEANUT', 'ONLINE TRAVEL AGENCIES', 'FITNESS',
        FALSE),
       (172, 172, FALSE, 'FAMILY TRIP', TRUE, '12:32:37', '07:00:02', '', 'GROUP BOOKINGS', 'GOLF', TRUE),
       (173, 173, TRUE, 'BUSINESS', FALSE, '10:01:40', '14:28:49', 'SOY', 'TOUR OPERATORS', 'FITNESS', FALSE),
       (174, 174, FALSE, 'STAYCATION', FALSE, '12:27:43', '09:50:06', 'TREE NUT', 'CORPORATE CONTRACTS', 'COOKING',
        TRUE),
       (175, 175, TRUE, 'STAYCATION', TRUE, '12:54:48', '11:16:21', 'SHELLFISH', 'LOYALTY PROGRAMS', 'GARDENING',
        TRUE),
       (176, 176, FALSE, 'FAMILY TRIP', FALSE, '13:07:42', '14:04:14', '', 'HOTEL OFFICIAL WEBSITE', 'COOKING',
        TRUE),
       (177, 177, TRUE, 'STAYCATION', FALSE, '13:03:00', '12:25:08', 'EGG', 'REFERRAL PROGRAMS', 'GARDENING',
        FALSE),
       (178, 178, TRUE, 'BUSINESS', FALSE, '10:51:54', '08:38:22', '', 'LOYALTY PROGRAMS', 'GOLF', FALSE),
       (179, 179, FALSE, 'FAMILY TRIP', TRUE, '15:39:02', '15:14:10', 'EGG', 'TRAVEL AGENTS', 'PHOTOGRAPHY',
        FALSE),
       (180, 180, TRUE, 'FAMILY TRIP', TRUE, '10:36:47', '07:50:02', '', 'SOCIAL MEDIA', 'MUSIC', TRUE),
       (181, 181, TRUE, 'TRAVEL', FALSE, '11:10:18', '09:13:54', 'PEANUT', 'SOCIAL MEDIA', 'READING', FALSE),
       (182, 182, FALSE, 'TRAVEL', FALSE, '11:59:14', '07:02:45', '', 'WALK-INS', 'TRAVELING', FALSE),
       (183, 183, TRUE, 'FAMILY TRIP', TRUE, '13:53:07', '13:05:39', 'SOY', 'LOYALTY PROGRAMS', 'TRAVELING',
        FALSE),
       (184, 184, FALSE, 'TRAVEL', FALSE, '11:01:11', '08:51:02', '', 'HOTEL OFFICIAL WEBSITE', 'PHOTOGRAPHY',
        TRUE),
       (185, 185, TRUE, 'TRAVEL', FALSE, '12:13:09', '13:26:35', 'WHEAT', 'GROUP BOOKINGS', 'GARDENING', FALSE),
       (186, 186, TRUE, 'FAMILY TRIP', FALSE, '10:04:11', '10:34:37', '', 'SOCIAL MEDIA', 'HIKING', FALSE),
       (187, 187, FALSE, 'TRAVEL', TRUE, '10:20:49', '13:56:00', 'TREE NUT', 'REFERRAL PROGRAMS', 'HIKING', TRUE),
       (188, 188, FALSE, 'STAYCATION', TRUE, '12:21:48', '10:54:30', '', 'ONLINE TRAVEL AGENCIES', 'PHOTOGRAPHY',
        TRUE),
       (189, 189, FALSE, 'FAMILY TRIP', TRUE, '12:33:47', '12:25:05', '', 'CORPORATE CONTRACTS', 'MUSIC', FALSE),
       (190, 190, TRUE, 'FAMILY TRIP', TRUE, '11:21:38', '12:02:06', 'TREE NUT', 'ONLINE TRAVEL AGENCIES', 'HIKING',
        FALSE),
       (191, 191, TRUE, 'FAMILY TRIP', FALSE, '16:50:01', '07:07:04', 'SESAME', 'WALK-INS', 'MUSIC', TRUE),
       (192, 192, TRUE, 'TRAVEL', FALSE, '15:44:43', '07:52:00', 'MUSTARD', 'HOTEL OFFICIAL WEBSITE', 'PHOTOGRAPHY',
        TRUE),
       (193, 193, FALSE, 'FAMILY TRIP', TRUE, '15:46:53', '10:02:14', 'SHELLFISH', 'TRAVEL AGENTS', 'PHOTOGRAPHY',
        TRUE),
       (194, 194, TRUE, 'BUSINESS', TRUE, '14:10:29', '08:10:07', 'SESAME', 'GROUP BOOKINGS', 'HIKING', TRUE),
       (195, 195, FALSE, 'STAYCATION', FALSE, '13:33:07', '07:12:41', '', 'ONLINE TRAVEL AGENCIES', 'TRAVELING',
        TRUE),
       (196, 196, FALSE, 'STAYCATION', TRUE, '13:30:42', '08:45:01', 'TREE NUT', 'TRAVEL AGENTS', 'HIKING', TRUE),
       (197, 197, TRUE, 'BUSINESS', TRUE, '14:18:35', '09:32:37', '', 'WALK-INS', 'MUSIC', FALSE),
       (198, 198, FALSE, 'BUSINESS', FALSE, '10:37:53', '08:09:10', '', 'TRAVEL AGENTS', 'TRAVELING', FALSE),
       (199, 199, TRUE, 'BUSINESS', TRUE, '10:23:59', '15:01:31', 'MILK', 'WALK-INS', 'MUSIC', TRUE),
       (200, 200, TRUE, 'FAMILY TRIP', TRUE, '10:19:08', '08:34:03', 'FISH', 'REFERRAL PROGRAMS', 'GARDENING',
        TRUE);

INSERT INTO payment (id, customer_id, type, amount_before_discount, discount_amount, payment_amount, payment_date,
                     consume_type, is_refunded, payment_spot, created_reward)
VALUES (1, 109, 'cash with reward', 1313000, 1155000, 158000, '2023-11-14 00:00:00', 'HOTEL', FALSE, 'seoul',
        4740),
       (2, 22, 'credit card', 806000, 328000, 478000, '2020-08-22 00:00:00', 'DINING', FALSE, 'busan', 14340),
       (3, 139, 'reward', 376000, 321000, 55000, '2023-10-10 00:00:00', 'HOTEL', FALSE, 'sokcho', 2750),
       (4, 160, 'credit card with reward', 1230000, 35000, 1195000, '2023-10-25 00:00:00', 'DINING', FALSE,
        'sokcho', 59750),
       (5, 144, 'credit card with reward', 808000, 769000, 39000, '2020-08-30 00:00:00', 'HOTEL', FALSE, 'seoul',
        1170),
       (6, 49, 'credit card with reward', 1699000, 1639000, 60000, '2018-11-05 00:00:00', 'DINING', FALSE,
        'sokcho', 3000),
       (7, 53, 'credit card', 436000, 185000, 251000, '2020-07-18 00:00:00', 'DINING', FALSE, 'sokcho', 7530),
       (8, 165, 'reward', 630000, 321000, 309000, '2018-08-04 00:00:00', 'HOTEL', FALSE, 'seoul', 9270),
       (9, 54, 'cash', 1516000, 576000, 940000, '2019-06-14 00:00:00', 'HOTEL', FALSE, 'busan', 37600),
       (10, 157, 'credit card with reward', 277000, 193000, 84000, '2022-06-28 00:00:00', 'HOTEL', FALSE, 'busan',
        3360),
       (11, 195, 'reward', 750000, 737000, 13000, '2024-06-13 00:00:00', 'DINING', FALSE, 'busan', 390),
       (12, 132, 'cash with reward', 1536000, 191000, 1345000, '2020-11-09 00:00:00', 'HOTEL', FALSE, 'sokcho',
        67250),
       (13, 147, 'credit card', 515000, 103000, 412000, '2022-07-17 00:00:00', 'HOTEL', FALSE, 'sokcho', 12360),
       (14, 14, 'credit card', 781000, 314000, 467000, '2023-02-22 00:00:00', 'HOTEL', FALSE, 'sokcho', 23350),
       (15, 29, 'credit card', 778000, 210000, 568000, '2024-05-12 00:00:00', 'DINING', FALSE, 'seoul', 22720),
       (16, 62, 'credit card with reward', 106000, 88000, 18000, '2019-06-29 00:00:00', 'HOTEL', FALSE, 'sokcho',
        540),
       (17, 125, 'credit card with reward', 1069000, 571000, 498000, '2021-11-09 00:00:00', 'DINING', FALSE,
        'sokcho', 19920),
       (18, 4, 'reward', 732000, 308000, 424000, '2023-01-04 00:00:00', 'DINING', FALSE, 'sokcho', 12720),
       (19, 12, 'credit card with reward', 1613000, 1349000, 264000, '2020-12-05 00:00:00', 'HOTEL', FALSE,
        'sokcho', 10560),
       (20, 28, 'credit card with reward', 1504000, 1148000, 356000, '2020-01-17 00:00:00', 'DINING', FALSE,
        'busan', 10680),
       (21, 48, 'credit card', 758000, 142000, 616000, '2025-01-03 00:00:00', 'HOTEL', FALSE, 'busan', 18480),
       (22, 129, 'credit card with reward', 479000, 232000, 247000, '2022-05-29 00:00:00', 'DINING', FALSE,
        'seoul', 7410),
       (23, 13, 'cash', 1074000, 251000, 823000, '2021-12-31 00:00:00', 'DINING', FALSE, 'sokcho', 24690),
       (24, 47, 'credit card with reward', 1245000, 1205000, 40000, '2024-01-22 00:00:00', 'HOTEL', FALSE,
        'sokcho', 1600),
       (25, 94, 'cash', 682000, 540000, 142000, '2020-01-22 00:00:00', 'DINING', FALSE, 'seoul', 5680),
       (26, 113, 'reward', 1550000, 889000, 661000, '2021-06-11 00:00:00', 'HOTEL', FALSE, 'seoul', 26440),
       (27, 190, 'reward', 1319000, 871000, 448000, '2020-06-12 00:00:00', 'DINING', FALSE, 'busan', 22400),
       (28, 79, 'cash with reward', 495000, 350000, 145000, '2024-03-05 00:00:00', 'HOTEL', FALSE, 'seoul', 7250),
       (29, 189, 'cash with reward', 1481000, 1185000, 296000, '2025-02-18 00:00:00', 'DINING', FALSE, 'seoul',
        8880),
       (30, 200, 'cash', 1622000, 955000, 667000, '2024-06-14 00:00:00', 'HOTEL', FALSE, 'sokcho', 20010),
       (31, 92, 'cash', 323000, 123000, 200000, '2021-09-12 00:00:00', 'HOTEL', FALSE, 'busan', 10000),
       (32, 168, 'reward', 1028000, 190000, 838000, '2023-03-06 00:00:00', 'HOTEL', FALSE, 'sokcho', 25140),
       (33, 200, 'cash', 1789000, 141000, 1648000, '2024-05-20 00:00:00', 'HOTEL', FALSE, 'busan', 49440),
       (34, 152, 'credit card', 236000, 205000, 31000, '2022-11-13 00:00:00', 'DINING', FALSE, 'sokcho', 930),
       (35, 67, 'credit card', 480000, 35000, 445000, '2022-01-25 00:00:00', 'DINING', FALSE, 'seoul', 22250),
       (36, 10, 'credit card with reward', 1198000, 884000, 314000, '2023-01-19 00:00:00', 'DINING', FALSE,
        'seoul', 15700),
       (37, 19, 'cash', 1233000, 203000, 1030000, '2021-01-31 00:00:00', 'DINING', FALSE, 'sokcho', 41200),
       (38, 155, 'reward', 134000, 7000, 127000, '2020-12-29 00:00:00', 'DINING', FALSE, 'seoul', 5080),
       (39, 61, 'credit card', 1197000, 750000, 447000, '2021-11-14 00:00:00', 'HOTEL', FALSE, 'seoul', 13410),
       (40, 18, 'cash with reward', 1813000, 1465000, 348000, '2019-12-26 00:00:00', 'HOTEL', FALSE, 'sokcho',
        13920),
       (41, 3, 'reward', 1282000, 249000, 1033000, '2019-02-12 00:00:00', 'HOTEL', FALSE, 'sokcho', 30990),
       (42, 163, 'credit card', 1368000, 209000, 1159000, '2025-01-21 00:00:00', 'HOTEL', FALSE, 'busan', 46360),
       (43, 103, 'credit card with reward', 1244000, 1033000, 211000, '2024-04-23 00:00:00', 'HOTEL', FALSE,
        'seoul', 6330),
       (44, 151, 'reward', 1702000, 794000, 908000, '2021-07-23 00:00:00', 'DINING', FALSE, 'seoul', 27240),
       (45, 80, 'reward', 1892000, 954000, 938000, '2019-09-16 00:00:00', 'HOTEL', FALSE, 'sokcho', 28140),
       (46, 122, 'cash', 1923000, 1872000, 51000, '2021-03-30 00:00:00', 'HOTEL', FALSE, 'sokcho', 2040),
       (47, 182, 'credit card', 1040000, 737000, 303000, '2024-10-17 00:00:00', 'DINING', FALSE, 'sokcho', 9090),
       (48, 14, 'reward', 1417000, 1112000, 305000, '2022-12-02 00:00:00', 'DINING', FALSE, 'busan', 15250),
       (49, 110, 'reward', 457000, 319000, 138000, '2019-05-01 00:00:00', 'DINING', FALSE, 'sokcho', 6900),
       (50, 69, 'cash with reward', 422000, 100000, 322000, '2019-05-23 00:00:00', 'HOTEL', FALSE, 'busan',
        12880),
       (51, 4, 'credit card with reward', 287000, 167000, 120000, '2022-03-04 00:00:00', 'DINING', FALSE, 'busan',
        3600),
       (52, 193, 'reward', 1883000, 13000, 1870000, '2024-02-02 00:00:00', 'HOTEL', FALSE, 'sokcho', 93500),
       (53, 104, 'credit card', 1267000, 71000, 1196000, '2023-07-27 00:00:00', 'HOTEL', FALSE, 'busan', 35880),
       (54, 42, 'credit card', 307000, 110000, 197000, '2023-12-24 00:00:00', 'DINING', FALSE, 'sokcho', 5910),
       (55, 128, 'cash with reward', 108000, 53000, 55000, '2019-03-02 00:00:00', 'DINING', FALSE, 'seoul', 1650),
       (56, 20, 'cash with reward', 528000, 20000, 508000, '2019-05-04 00:00:00', 'HOTEL', FALSE, 'seoul', 15240),
       (57, 47, 'credit card with reward', 687000, 372000, 315000, '2024-01-12 00:00:00', 'HOTEL', FALSE, 'seoul',
        12600),
       (58, 107, 'reward', 929000, 774000, 155000, '2022-04-27 00:00:00', 'HOTEL', FALSE, 'seoul', 4650),
       (59, 51, 'cash with reward', 1517000, 940000, 577000, '2023-03-01 00:00:00', 'DINING', FALSE, 'seoul',
        17310),
       (60, 137, 'reward', 1931000, 1025000, 906000, '2020-03-30 00:00:00', 'DINING', FALSE, 'sokcho', 36240),
       (61, 176, 'cash with reward', 1064000, 167000, 897000, '2019-07-22 00:00:00', 'HOTEL', FALSE, 'busan',
        44850),
       (62, 117, 'credit card', 1139000, 453000, 686000, '2020-03-17 00:00:00', 'DINING', FALSE, 'sokcho', 34300),
       (63, 150, 'reward', 1331000, 668000, 663000, '2022-03-18 00:00:00', 'DINING', FALSE, 'sokcho', 19890),
       (64, 119, 'reward', 897000, 5000, 892000, '2021-12-24 00:00:00', 'HOTEL', FALSE, 'seoul', 26760),
       (65, 80, 'reward', 165000, 64000, 101000, '2019-08-26 00:00:00', 'DINING', FALSE, 'busan', 3030),
       (66, 39, 'cash with reward', 1970000, 9000, 1961000, '2023-12-07 00:00:00', 'HOTEL', FALSE, 'seoul',
        78440),
       (67, 76, 'cash with reward', 448000, 15000, 433000, '2022-04-09 00:00:00', 'HOTEL', FALSE, 'sokcho',
        12990),
       (68, 163, 'cash with reward', 1281000, 607000, 674000, '2024-07-16 00:00:00', 'DINING', FALSE, 'seoul',
        26960),
       (69, 44, 'reward', 1006000, 570000, 436000, '2021-05-14 00:00:00', 'DINING', FALSE, 'busan', 21800),
       (70, 114, 'credit card with reward', 415000, 332000, 83000, '2018-07-28 00:00:00', 'HOTEL', FALSE, 'seoul',
        4150),
       (71, 19, 'credit card', 178000, 61000, 117000, '2021-07-29 00:00:00', 'DINING', FALSE, 'busan', 4680),
       (72, 112, 'credit card', 966000, 629000, 337000, '2022-05-04 00:00:00', 'DINING', FALSE, 'seoul', 10110),
       (73, 61, 'cash', 163000, 33000, 130000, '2022-02-10 00:00:00', 'DINING', FALSE, 'busan', 3900),
       (74, 86, 'credit card with reward', 1530000, 801000, 729000, '2023-07-15 00:00:00', 'HOTEL', FALSE,
        'sokcho', 21870),
       (75, 63, 'cash with reward', 1719000, 351000, 1368000, '2022-11-14 00:00:00', 'HOTEL', FALSE, 'seoul',
        41040),
       (76, 47, 'credit card with reward', 1165000, 342000, 823000, '2023-08-23 00:00:00', 'DINING', FALSE,
        'busan', 32920),
       (77, 186, 'reward', 817000, 812000, 5000, '2023-12-10 00:00:00', 'HOTEL', FALSE, 'seoul', 150),
       (78, 139, 'reward', 1082000, 77000, 1005000, '2023-11-20 00:00:00', 'HOTEL', FALSE, 'sokcho', 50250),
       (79, 82, 'credit card with reward', 1585000, 8000, 1577000, '2019-06-23 00:00:00', 'HOTEL', FALSE,
        'sokcho', 78850),
       (80, 20, 'credit card with reward', 1637000, 959000, 678000, '2019-08-28 00:00:00', 'HOTEL', FALSE,
        'seoul', 20340),
       (81, 176, 'reward', 380000, 363000, 17000, '2019-01-15 00:00:00', 'DINING', FALSE, 'busan', 850),
       (82, 3, 'cash', 1223000, 123000, 1100000, '2019-07-14 00:00:00', 'DINING', FALSE, 'seoul', 33000),
       (83, 120, 'credit card', 1468000, 400000, 1068000, '2024-03-10 00:00:00', 'DINING', FALSE, 'sokcho',
        53400),
       (84, 123, 'reward', 528000, 465000, 63000, '2018-10-03 00:00:00', 'HOTEL', FALSE, 'busan', 3150),
       (85, 89, 'reward', 1712000, 151000, 1561000, '2021-02-13 00:00:00', 'HOTEL', FALSE, 'seoul', 62440),
       (86, 58, 'cash', 1069000, 25000, 1044000, '2021-08-26 00:00:00', 'DINING', FALSE, 'sokcho', 52200),
       (87, 104, 'credit card with reward', 1392000, 61000, 1331000, '2022-11-03 00:00:00', 'HOTEL', FALSE,
        'seoul', 39930),
       (88, 156, 'credit card', 1193000, 232000, 961000, '2022-01-10 00:00:00', 'DINING', FALSE, 'sokcho', 28830),
       (89, 118, 'cash', 1120000, 646000, 474000, '2019-04-05 00:00:00', 'DINING', FALSE, 'busan', 23700),
       (90, 195, 'credit card', 1094000, 353000, 741000, '2024-12-28 00:00:00', 'HOTEL', FALSE, 'seoul', 22230),
       (91, 193, 'cash', 385000, 57000, 328000, '2024-03-11 00:00:00', 'DINING', FALSE, 'seoul', 16400),
       (92, 5, 'credit card', 1370000, 1310000, 60000, '2018-09-14 00:00:00', 'DINING', FALSE, 'sokcho', 1800),
       (93, 98, 'credit card', 1084000, 525000, 559000, '2023-04-11 00:00:00', 'HOTEL', FALSE, 'sokcho', 27950),
       (94, 77, 'credit card', 1301000, 873000, 428000, '2021-08-14 00:00:00', 'DINING', FALSE, 'busan', 12840),
       (95, 180, 'cash', 1993000, 1388000, 605000, '2019-01-23 00:00:00', 'DINING', FALSE, 'sokcho', 30250),
       (96, 90, 'credit card', 1083000, 766000, 317000, '2023-10-28 00:00:00', 'DINING', FALSE, 'sokcho', 9510),
       (97, 57, 'credit card', 522000, 366000, 156000, '2023-01-27 00:00:00', 'DINING', FALSE, 'seoul', 4680),
       (98, 25, 'cash with reward', 1574000, 33000, 1541000, '2022-11-11 00:00:00', 'HOTEL', FALSE, 'seoul',
        77050),
       (99, 46, 'reward', 1820000, 489000, 1331000, '2018-05-14 00:00:00', 'DINING', FALSE, 'seoul', 39930),
       (100, 38, 'credit card with reward', 1354000, 1013000, 341000, '2019-05-21 00:00:00', 'HOTEL', FALSE,
        'busan', 17050),
       (101, 137, 'cash with reward', 158000, 128000, 30000, '2019-09-04 00:00:00', 'HOTEL', FALSE, 'sokcho',
        1200),
       (102, 141, 'credit card with reward', 1781000, 118000, 1663000, '2022-11-28 00:00:00', 'HOTEL', FALSE,
        'sokcho', 49890),
       (103, 172, 'credit card', 1926000, 633000, 1293000, '2021-10-15 00:00:00', 'DINING', FALSE, 'seoul',
        51720),
       (104, 145, 'credit card with reward', 865000, 332000, 533000, '2021-08-21 00:00:00', 'DINING', FALSE,
        'busan', 26650),
       (105, 190, 'credit card', 289000, 33000, 256000, '2020-09-13 00:00:00', 'DINING', FALSE, 'seoul', 12800),
       (106, 91, 'credit card', 1065000, 407000, 658000, '2021-03-09 00:00:00', 'DINING', FALSE, 'seoul', 19740),
       (107, 162, 'credit card with reward', 506000, 342000, 164000, '2023-02-14 00:00:00', 'HOTEL', FALSE,
        'busan', 4920),
       (108, 101, 'cash with reward', 162000, 131000, 31000, '2023-02-08 00:00:00', 'HOTEL', FALSE, 'seoul', 930),
       (109, 81, 'reward', 1142000, 964000, 178000, '2023-05-30 00:00:00', 'DINING', FALSE, 'sokcho', 7120),
       (110, 88, 'cash', 371000, 162000, 209000, '2022-03-06 00:00:00', 'DINING', FALSE, 'busan', 8360),
       (111, 15, 'cash', 1029000, 451000, 578000, '2021-02-22 00:00:00', 'HOTEL', FALSE, 'busan', 17340),
       (112, 19, 'cash', 596000, 132000, 464000, '2021-07-22 00:00:00', 'HOTEL', FALSE, 'seoul', 18560),
       (113, 82, 'credit card with reward', 1106000, 1029000, 77000, '2018-11-27 00:00:00', 'DINING', FALSE,
        'sokcho', 3850),
       (114, 92, 'credit card', 1654000, 1602000, 52000, '2022-07-21 00:00:00', 'DINING', FALSE, 'busan', 2600),
       (115, 106, 'credit card with reward', 106000, 72000, 34000, '2021-03-26 00:00:00', 'HOTEL', FALSE, 'busan',
        1020),
       (116, 131, 'reward', 1728000, 921000, 807000, '2019-12-04 00:00:00', 'HOTEL', FALSE, 'seoul', 40350),
       (117, 188, 'cash', 1356000, 776000, 580000, '2022-10-03 00:00:00', 'DINING', FALSE, 'seoul', 17400),
       (118, 103, 'credit card', 179000, 107000, 72000, '2023-10-11 00:00:00', 'HOTEL', FALSE, 'busan', 2160),
       (119, 149, 'credit card', 1835000, 200000, 1635000, '2023-11-22 00:00:00', 'HOTEL', FALSE, 'busan', 49050),
       (120, 169, 'reward', 572000, 10000, 562000, '2018-10-25 00:00:00', 'DINING', FALSE, 'sokcho', 28100),
       (121, 157, 'cash', 1181000, 224000, 957000, '2022-05-02 00:00:00', 'DINING', FALSE, 'sokcho', 38280),
       (122, 84, 'credit card with reward', 374000, 32000, 342000, '2020-09-17 00:00:00', 'DINING', FALSE,
        'busan', 10260),
       (123, 164, 'credit card', 621000, 621000, 0, '2023-10-05 00:00:00', 'HOTEL', FALSE, 'sokcho', 0),
       (124, 178, 'cash with reward', 1505000, 1489000, 16000, '2022-02-16 00:00:00', 'HOTEL', FALSE, 'sokcho',
        480),
       (125, 104, 'credit card with reward', 1390000, 644000, 746000, '2022-12-29 00:00:00', 'DINING', FALSE,
        'seoul', 22380),
       (126, 16, 'cash with reward', 714000, 650000, 64000, '2023-06-10 00:00:00', 'HOTEL', FALSE, 'busan', 1920),
       (127, 18, 'reward', 590000, 504000, 86000, '2019-03-03 00:00:00', 'DINING', FALSE, 'sokcho', 3440),
       (128, 139, 'cash with reward', 1399000, 128000, 1271000, '2023-07-20 00:00:00', 'DINING', FALSE, 'seoul',
        63550),
       (129, 200, 'cash with reward', 729000, 137000, 592000, '2024-02-26 00:00:00', 'HOTEL', FALSE, 'busan',
        17760),
       (130, 173, 'credit card', 1007000, 613000, 394000, '2018-10-17 00:00:00', 'HOTEL', FALSE, 'sokcho', 11820),
       (131, 38, 'cash', 1082000, 981000, 101000, '2019-02-01 00:00:00', 'HOTEL', FALSE, 'sokcho', 5050),
       (132, 68, 'reward', 1659000, 739000, 920000, '2023-08-10 00:00:00', 'DINING', FALSE, 'busan', 27600),
       (133, 61, 'reward', 795000, 6000, 789000, '2022-06-23 00:00:00', 'HOTEL', FALSE, 'busan', 23670),
       (134, 28, 'credit card', 1918000, 1279000, 639000, '2019-10-07 00:00:00', 'DINING', FALSE, 'busan', 19170),
       (135, 152, 'reward', 1096000, 165000, 931000, '2023-05-18 00:00:00', 'DINING', FALSE, 'sokcho', 27930),
       (136, 75, 'credit card', 307000, 117000, 190000, '2021-10-11 00:00:00', 'HOTEL', FALSE, 'busan', 5700),
       (137, 42, 'cash with reward', 1768000, 47000, 1721000, '2024-03-26 00:00:00', 'HOTEL', FALSE, 'busan',
        51630),
       (138, 133, 'credit card', 122000, 40000, 82000, '2019-08-08 00:00:00', 'HOTEL', FALSE, 'sokcho', 2460),
       (139, 108, 'credit card', 962000, 34000, 928000, '2021-07-11 00:00:00', 'DINING', FALSE, 'busan', 27840),
       (140, 92, 'cash with reward', 1070000, 163000, 907000, '2022-07-26 00:00:00', 'DINING', FALSE, 'busan',
        45350),
       (141, 121, 'cash', 935000, 259000, 676000, '2023-07-02 00:00:00', 'DINING', FALSE, 'busan', 20280),
       (142, 63, 'cash', 130000, 98000, 32000, '2023-06-17 00:00:00', 'DINING', FALSE, 'busan', 960),
       (143, 9, 'cash', 693000, 624000, 69000, '2022-06-22 00:00:00', 'DINING', FALSE, 'sokcho', 2760),
       (144, 192, 'credit card', 430000, 175000, 255000, '2024-12-06 00:00:00', 'HOTEL', FALSE, 'sokcho', 10200),
       (145, 22, 'cash with reward', 1458000, 111000, 1347000, '2020-09-08 00:00:00', 'DINING', FALSE, 'busan',
        40410),
       (146, 159, 'credit card', 926000, 515000, 411000, '2024-03-01 00:00:00', 'DINING', FALSE, 'busan', 12330),
       (147, 127, 'cash with reward', 1956000, 552000, 1404000, '2019-02-28 00:00:00', 'HOTEL', FALSE, 'seoul',
        56160),
       (148, 64, 'cash', 645000, 544000, 101000, '2021-09-03 00:00:00', 'HOTEL', FALSE, 'sokcho', 3030),
       (149, 180, 'reward', 1449000, 754000, 695000, '2019-06-25 00:00:00', 'HOTEL', FALSE, 'busan', 34750),
       (150, 184, 'cash with reward', 1435000, 1348000, 87000, '2025-01-25 00:00:00', 'DINING', FALSE, 'busan',
        2610),
       (151, 55, 'credit card with reward', 1140000, 1104000, 36000, '2019-05-10 00:00:00', 'DINING', FALSE,
        'sokcho', 1440),
       (152, 56, 'credit card with reward', 1130000, 996000, 134000, '2022-08-17 00:00:00', 'HOTEL', FALSE,
        'sokcho', 4020),
       (153, 147, 'credit card', 1243000, 856000, 387000, '2021-11-25 00:00:00', 'DINING', FALSE, 'sokcho',
        11610),
       (154, 122, 'reward', 1891000, 1197000, 694000, '2021-04-30 00:00:00', 'HOTEL', FALSE, 'busan', 27760),
       (155, 91, 'credit card with reward', 551000, 296000, 255000, '2021-08-30 00:00:00', 'DINING', FALSE,
        'busan', 7650),
       (156, 68, 'cash with reward', 1246000, 1037000, 209000, '2023-04-29 00:00:00', 'HOTEL', FALSE, 'busan',
        6270),
       (157, 193, 'credit card', 676000, 539000, 137000, '2023-05-29 00:00:00', 'DINING', FALSE, 'sokcho', 6850),
       (158, 115, 'reward', 1269000, 924000, 345000, '2023-10-26 00:00:00', 'HOTEL', FALSE, 'sokcho', 10350),
       (159, 21, 'cash', 279000, 142000, 137000, '2022-08-28 00:00:00', 'DINING', FALSE, 'busan', 6850),
       (160, 100, 'credit card with reward', 1731000, 1226000, 505000, '2023-01-05 00:00:00', 'DINING', FALSE,
        'sokcho', 15150),
       (161, 137, 'credit card with reward', 1149000, 1090000, 59000, '2019-12-29 00:00:00', 'HOTEL', FALSE,
        'sokcho', 2360),
       (162, 172, 'cash with reward', 1023000, 70000, 953000, '2021-04-20 00:00:00', 'HOTEL', FALSE, 'busan',
        38120),
       (163, 98, 'reward', 1969000, 1417000, 552000, '2023-06-07 00:00:00', 'HOTEL', FALSE, 'busan', 27600),
       (164, 124, 'credit card with reward', 1989000, 1164000, 825000, '2019-06-07 00:00:00', 'HOTEL', FALSE,
        'busan', 33000),
       (165, 138, 'reward', 427000, 354000, 73000, '2022-05-25 00:00:00', 'DINING', FALSE, 'seoul', 2190),
       (166, 83, 'cash', 1724000, 3000, 1721000, '2020-08-22 00:00:00', 'HOTEL', FALSE, 'sokcho', 51630),
       (167, 182, 'credit card with reward', 1772000, 1239000, 533000, '2025-02-01 00:00:00', 'HOTEL', FALSE,
        'seoul', 15990),
       (168, 61, 'cash with reward', 1769000, 1729000, 40000, '2021-10-29 00:00:00', 'DINING', FALSE, 'sokcho',
        1200),
       (169, 195, 'cash', 801000, 333000, 468000, '2024-05-19 00:00:00', 'DINING', FALSE, 'seoul', 14040),
       (170, 66, 'cash with reward', 960000, 428000, 532000, '2018-05-12 00:00:00', 'DINING', FALSE, 'sokcho',
        21280),
       (171, 43, 'credit card', 280000, 141000, 139000, '2022-04-09 00:00:00', 'HOTEL', FALSE, 'seoul', 4170),
       (172, 38, 'reward', 693000, 231000, 462000, '2019-02-07 00:00:00', 'HOTEL', FALSE, 'busan', 23100),
       (173, 58, 'reward', 926000, 384000, 542000, '2021-03-10 00:00:00', 'DINING', FALSE, 'seoul', 27100),
       (174, 16, 'credit card with reward', 525000, 26000, 499000, '2023-10-21 00:00:00', 'HOTEL', FALSE, 'seoul',
        14970),
       (175, 104, 'cash', 1753000, 592000, 1161000, '2023-03-12 00:00:00', 'HOTEL', FALSE, 'sokcho', 34830),
       (176, 171, 'cash with reward', 706000, 16000, 690000, '2024-03-26 00:00:00', 'HOTEL', FALSE, 'seoul',
        34500),
       (177, 56, 'cash with reward', 1655000, 390000, 1265000, '2022-12-10 00:00:00', 'HOTEL', FALSE, 'busan',
        37950),
       (178, 8, 'cash with reward', 1019000, 994000, 25000, '2023-02-15 00:00:00', 'HOTEL', FALSE, 'seoul', 1000),
       (179, 29, 'credit card', 1114000, 1007000, 107000, '2024-05-09 00:00:00', 'HOTEL', FALSE, 'seoul', 4280),
       (180, 10, 'credit card', 388000, 204000, 184000, '2023-02-08 00:00:00', 'HOTEL', FALSE, 'sokcho', 9200),
       (181, 119, 'cash', 1835000, 14000, 1821000, '2021-10-28 00:00:00', 'DINING', FALSE, 'seoul', 54630),
       (182, 9, 'cash', 674000, 133000, 541000, '2021-12-28 00:00:00', 'DINING', FALSE, 'sokcho', 21640),
       (183, 135, 'credit card', 1921000, 267000, 1654000, '2020-01-08 00:00:00', 'DINING', FALSE, 'busan',
        49620),
       (184, 156, 'cash with reward', 1874000, 427000, 1447000, '2022-03-04 00:00:00', 'HOTEL', FALSE, 'busan',
        43410),
       (185, 102, 'cash', 115000, 109000, 6000, '2024-05-10 00:00:00', 'DINING', FALSE, 'seoul', 180),
       (186, 145, 'cash with reward', 1485000, 793000, 692000, '2021-10-13 00:00:00', 'HOTEL', FALSE, 'seoul',
        34600),
       (187, 142, 'credit card with reward', 1699000, 937000, 762000, '2022-06-17 00:00:00', 'HOTEL', FALSE,
        'seoul', 38100),
       (188, 39, 'credit card', 836000, 759000, 77000, '2024-01-26 00:00:00', 'HOTEL', FALSE, 'busan', 3080),
       (189, 179, 'credit card', 441000, 57000, 384000, '2020-07-20 00:00:00', 'HOTEL', FALSE, 'busan', 19200),
       (190, 89, 'credit card with reward', 659000, 15000, 644000, '2021-04-10 00:00:00', 'DINING', FALSE,
        'sokcho', 25760),
       (191, 11, 'credit card with reward', 1350000, 1257000, 93000, '2020-08-27 00:00:00', 'HOTEL', FALSE,
        'busan', 3720),
       (192, 160, 'cash with reward', 278000, 240000, 38000, '2024-05-22 00:00:00', 'DINING', FALSE, 'busan',
        1900),
       (193, 72, 'cash with reward', 1241000, 510000, 731000, '2020-12-10 00:00:00', 'DINING', FALSE, 'busan',
        21930),
       (194, 5, 'credit card', 118000, 67000, 51000, '2018-09-10 00:00:00', 'HOTEL', FALSE, 'seoul', 1530),
       (195, 116, 'reward', 895000, 655000, 240000, '2023-07-17 00:00:00', 'HOTEL', FALSE, 'sokcho', 7200),
       (196, 14, 'credit card with reward', 195000, 78000, 117000, '2022-12-29 00:00:00', 'DINING', FALSE,
        'seoul', 5850),
       (197, 38, 'cash with reward', 1187000, 102000, 1085000, '2019-08-07 00:00:00', 'DINING', FALSE, 'busan',
        54250),
       (198, 25, 'credit card', 1144000, 236000, 908000, '2023-04-07 00:00:00', 'DINING', FALSE, 'sokcho', 45400),
       (199, 157, 'reward', 1265000, 1030000, 235000, '2022-06-10 00:00:00', 'DINING', FALSE, 'seoul', 9400),
       (200, 94, 'credit card with reward', 1253000, 469000, 784000, '2020-05-06 00:00:00', 'HOTEL', FALSE,
        'busan', 31360),
       (201, 36, 'cash with reward', 1809000, 734000, 1075000, '2024-05-25 00:00:00', 'HOTEL', FALSE, 'sokcho',
        32250),
       (202, 92, 'cash', 119000, 106000, 13000, '2021-09-23 00:00:00', 'DINING', FALSE, 'busan', 650),
       (203, 63, 'reward', 290000, 242000, 48000, '2022-08-12 00:00:00', 'DINING', FALSE, 'seoul', 1440),
       (204, 71, 'cash with reward', 1316000, 382000, 934000, '2019-10-04 00:00:00', 'DINING', FALSE, 'busan',
        28020),
       (205, 93, 'credit card', 504000, 160000, 344000, '2018-08-07 00:00:00', 'HOTEL', FALSE, 'seoul', 10320),
       (206, 169, 'reward', 705000, 617000, 88000, '2018-06-15 00:00:00', 'HOTEL', FALSE, 'busan', 4400),
       (207, 173, 'cash with reward', 1318000, 1265000, 53000, '2019-02-08 00:00:00', 'HOTEL', FALSE, 'busan',
        1590),
       (208, 148, 'cash', 1511000, 198000, 1313000, '2019-04-24 00:00:00', 'DINING', FALSE, 'seoul', 39390),
       (209, 168, 'cash', 894000, 532000, 362000, '2023-04-25 00:00:00', 'DINING', FALSE, 'seoul', 10860),
       (210, 83, 'cash with reward', 1017000, 420000, 597000, '2020-07-03 00:00:00', 'DINING', FALSE, 'seoul',
        17910),
       (211, 195, 'credit card', 1852000, 166000, 1686000, '2024-08-24 00:00:00', 'HOTEL', FALSE, 'busan', 50580),
       (212, 183, 'credit card with reward', 1262000, 763000, 499000, '2018-12-16 00:00:00', 'HOTEL', FALSE,
        'seoul', 14970),
       (213, 85, 'cash', 236000, 189000, 47000, '2019-04-03 00:00:00', 'DINING', FALSE, 'busan', 2350),
       (214, 44, 'cash with reward', 1109000, 860000, 249000, '2020-09-21 00:00:00', 'HOTEL', FALSE, 'sokcho',
        12450),
       (215, 144, 'reward', 1032000, 66000, 966000, '2020-10-13 00:00:00', 'HOTEL', FALSE, 'sokcho', 28980),
       (216, 16, 'reward', 1947000, 1207000, 740000, '2023-08-07 00:00:00', 'HOTEL', FALSE, 'sokcho', 22200),
       (217, 7, 'cash', 1409000, 584000, 825000, '2022-06-10 00:00:00', 'HOTEL', FALSE, 'seoul', 33000),
       (218, 105, 'credit card', 1263000, 408000, 855000, '2019-07-03 00:00:00', 'DINING', FALSE, 'seoul', 25650),
       (219, 99, 'credit card', 1978000, 62000, 1916000, '2023-04-26 00:00:00', 'HOTEL', FALSE, 'sokcho', 57480),
       (220, 55, 'reward', 1355000, 45000, 1310000, '2019-06-13 00:00:00', 'DINING', FALSE, 'sokcho', 52400),
       (221, 73, 'cash', 793000, 742000, 51000, '2020-08-17 00:00:00', 'DINING', FALSE, 'sokcho', 2040),
       (222, 34, 'credit card with reward', 1829000, 266000, 1563000, '2022-04-13 00:00:00', 'HOTEL', FALSE,
        'sokcho', 62520),
       (223, 145, 'cash with reward', 1721000, 1324000, 397000, '2021-12-09 00:00:00', 'HOTEL', FALSE, 'sokcho',
        19850),
       (224, 101, 'cash with reward', 1229000, 254000, 975000, '2023-01-26 00:00:00', 'DINING', FALSE, 'busan',
        29250),
       (225, 1, 'reward', 820000, 248000, 572000, '2022-02-20 00:00:00', 'DINING', FALSE, 'busan', 17160),
       (226, 32, 'cash with reward', 1422000, 305000, 1117000, '2021-07-23 00:00:00', 'HOTEL', FALSE, 'seoul',
        55850),
       (227, 183, 'reward', 1248000, 868000, 380000, '2018-07-18 00:00:00', 'HOTEL', FALSE, 'sokcho', 11400),
       (228, 82, 'credit card', 1622000, 713000, 909000, '2018-08-13 00:00:00', 'DINING', FALSE, 'sokcho', 45450),
       (229, 199, 'credit card with reward', 897000, 2000, 895000, '2020-12-29 00:00:00', 'DINING', FALSE,
        'busan', 26850),
       (230, 116, 'credit card', 424000, 418000, 6000, '2024-03-31 00:00:00', 'HOTEL', FALSE, 'sokcho', 180),
       (231, 93, 'cash', 1497000, 470000, 1027000, '2018-07-25 00:00:00', 'HOTEL', FALSE, 'seoul', 30810),
       (232, 126, 'reward', 690000, 208000, 482000, '2020-12-20 00:00:00', 'HOTEL', FALSE, 'seoul', 19280),
       (233, 6, 'cash with reward', 1484000, 1135000, 349000, '2020-01-12 00:00:00', 'DINING', FALSE, 'busan',
        17450),
       (234, 33, 'cash', 960000, 701000, 259000, '2019-03-22 00:00:00', 'DINING', FALSE, 'busan', 7770),
       (235, 122, 'reward', 941000, 99000, 842000, '2021-04-18 00:00:00', 'HOTEL', FALSE, 'busan', 33680),
       (236, 100, 'cash with reward', 1240000, 925000, 315000, '2023-02-20 00:00:00', 'DINING', FALSE, 'seoul',
        9450),
       (237, 139, 'credit card', 1992000, 921000, 1071000, '2024-01-14 00:00:00', 'HOTEL', FALSE, 'busan', 53550),
       (238, 35, 'cash', 1250000, 716000, 534000, '2020-01-23 00:00:00', 'DINING', FALSE, 'sokcho', 26700),
       (239, 181, 'cash with reward', 1349000, 438000, 911000, '2024-03-23 00:00:00', 'DINING', FALSE, 'sokcho',
        27330),
       (240, 96, 'cash with reward', 1492000, 806000, 686000, '2020-07-06 00:00:00', 'DINING', FALSE, 'sokcho',
        20580),
       (241, 48, 'credit card', 228000, 49000, 179000, '2024-08-10 00:00:00', 'DINING', FALSE, 'busan', 5370),
       (242, 155, 'reward', 1163000, 396000, 767000, '2021-02-11 00:00:00', 'HOTEL', FALSE, 'busan', 30680),
       (243, 163, 'cash with reward', 782000, 370000, 412000, '2025-02-23 00:00:00', 'DINING', FALSE, 'sokcho',
        16480),
       (244, 198, 'cash with reward', 414000, 210000, 204000, '2019-11-30 00:00:00', 'DINING', FALSE, 'busan',
        6120),
       (245, 74, 'cash with reward', 1126000, 96000, 1030000, '2023-01-14 00:00:00', 'HOTEL', FALSE, 'sokcho',
        51500),
       (246, 68, 'credit card', 1488000, 794000, 694000, '2023-12-07 00:00:00', 'DINING', FALSE, 'sokcho', 20820),
       (247, 79, 'cash with reward', 1631000, 1080000, 551000, '2024-09-03 00:00:00', 'DINING', FALSE, 'sokcho',
        27550),
       (248, 91, 'cash', 563000, 65000, 498000, '2021-08-06 00:00:00', 'HOTEL', FALSE, 'seoul', 14940),
       (249, 73, 'reward', 407000, 246000, 161000, '2021-01-03 00:00:00', 'HOTEL', FALSE, 'seoul', 6440),
       (250, 98, 'cash with reward', 285000, 41000, 244000, '2023-08-23 00:00:00', 'DINING', FALSE, 'seoul',
        12200),
       (251, 34, 'reward', 1737000, 253000, 1484000, '2023-01-02 00:00:00', 'DINING', FALSE, 'sokcho', 59360),
       (252, 64, 'reward', 238000, 18000, 220000, '2021-06-18 00:00:00', 'DINING', FALSE, 'seoul', 6600),
       (253, 70, 'reward', 673000, 331000, 342000, '2020-10-29 00:00:00', 'DINING', FALSE, 'sokcho', 17100),
       (254, 55, 'cash', 809000, 597000, 212000, '2019-02-11 00:00:00', 'HOTEL', FALSE, 'sokcho', 8480),
       (255, 17, 'credit card with reward', 1168000, 43000, 1125000, '2024-12-15 00:00:00', 'HOTEL', FALSE,
        'busan', 33750),
       (256, 193, 'cash', 569000, 63000, 506000, '2023-09-25 00:00:00', 'DINING', FALSE, 'seoul', 25300),
       (257, 63, 'credit card with reward', 1939000, 462000, 1477000, '2023-05-27 00:00:00', 'DINING', FALSE,
        'sokcho', 44310),
       (258, 1, 'cash with reward', 1075000, 601000, 474000, '2022-11-16 00:00:00', 'HOTEL', FALSE, 'seoul',
        14220),
       (259, 129, 'cash with reward', 1678000, 1469000, 209000, '2021-11-13 00:00:00', 'DINING', FALSE, 'busan',
        6270),
       (260, 19, 'credit card with reward', 603000, 263000, 340000, '2021-08-14 00:00:00', 'DINING', FALSE,
        'sokcho', 13600),
       (261, 72, 'credit card with reward', 1285000, 1231000, 54000, '2020-10-16 00:00:00', 'HOTEL', FALSE,
        'busan', 1620),
       (262, 31, 'credit card with reward', 1999000, 1537000, 462000, '2020-05-13 00:00:00', 'HOTEL', FALSE,
        'seoul', 13860),
       (263, 75, 'cash', 1811000, 1612000, 199000, '2021-12-14 00:00:00', 'DINING', FALSE, 'busan', 5970),
       (264, 147, 'cash with reward', 1652000, 1125000, 527000, '2022-09-15 00:00:00', 'DINING', FALSE, 'busan',
        15810),
       (265, 158, 'credit card', 1348000, 311000, 1037000, '2023-03-12 00:00:00', 'HOTEL', FALSE, 'seoul', 31110),
       (266, 96, 'credit card', 1784000, 1122000, 662000, '2020-07-31 00:00:00', 'HOTEL', FALSE, 'seoul', 19860),
       (267, 164, 'reward', 394000, 30000, 364000, '2024-05-14 00:00:00', 'DINING', FALSE, 'seoul', 18200),
       (268, 144, 'credit card with reward', 1469000, 1176000, 293000, '2020-11-18 00:00:00', 'DINING', FALSE,
        'sokcho', 8790),
       (269, 10, 'credit card with reward', 691000, 62000, 629000, '2022-09-25 00:00:00', 'HOTEL', FALSE, 'seoul',
        31450),
       (270, 119, 'cash with reward', 109000, 33000, 76000, '2021-04-25 00:00:00', 'HOTEL', FALSE, 'sokcho',
        2280),
       (271, 49, 'reward', 996000, 75000, 921000, '2018-05-26 00:00:00', 'DINING', FALSE, 'busan', 46050),
       (272, 23, 'credit card with reward', 1838000, 568000, 1270000, '2022-08-08 00:00:00', 'DINING', FALSE,
        'busan', 50800),
       (273, 194, 'cash', 542000, 317000, 225000, '2022-12-31 00:00:00', 'HOTEL', FALSE, 'sokcho', 6750),
       (274, 137, 'cash with reward', 981000, 928000, 53000, '2020-03-22 00:00:00', 'DINING', FALSE, 'sokcho',
        2120),
       (275, 120, 'cash', 1499000, 505000, 994000, '2024-11-07 00:00:00', 'HOTEL', FALSE, 'sokcho', 49700),
       (276, 189, 'cash with reward', 1431000, 816000, 615000, '2024-10-02 00:00:00', 'HOTEL', FALSE, 'seoul',
        18450),
       (277, 156, 'credit card', 969000, 476000, 493000, '2022-04-06 00:00:00', 'HOTEL', FALSE, 'sokcho', 14790),
       (278, 138, 'cash with reward', 1824000, 1672000, 152000, '2022-12-05 00:00:00', 'DINING', FALSE, 'busan',
        4560),
       (279, 187, 'cash with reward', 1724000, 164000, 1560000, '2024-05-27 00:00:00', 'DINING', FALSE, 'seoul',
        62400),
       (280, 153, 'credit card with reward', 450000, 330000, 120000, '2020-08-28 00:00:00', 'HOTEL', FALSE,
        'seoul', 6000),
       (281, 12, 'credit card with reward', 599000, 281000, 318000, '2021-02-25 00:00:00', 'DINING', FALSE,
        'busan', 12720),
       (282, 144, 'cash with reward', 109000, 99000, 10000, '2020-09-27 00:00:00', 'DINING', FALSE, 'seoul', 300),
       (283, 37, 'credit card', 1454000, 62000, 1392000, '2021-01-15 00:00:00', 'HOTEL', FALSE, 'seoul', 41760),
       (284, 57, 'reward', 906000, 414000, 492000, '2023-08-10 00:00:00', 'DINING', FALSE, 'seoul', 14760),
       (285, 75, 'cash with reward', 1564000, 396000, 1168000, '2022-05-12 00:00:00', 'HOTEL', FALSE, 'sokcho',
        35040),
       (286, 35, 'credit card with reward', 873000, 769000, 104000, '2020-03-03 00:00:00', 'HOTEL', FALSE,
        'busan', 5200),
       (287, 199, 'cash', 151000, 100000, 51000, '2021-03-03 00:00:00', 'DINING', FALSE, 'sokcho', 1530),
       (288, 90, 'reward', 1227000, 412000, 815000, '2023-03-01 00:00:00', 'HOTEL', FALSE, 'busan', 24450),
       (289, 143, 'credit card with reward', 263000, 211000, 52000, '2023-06-23 00:00:00', 'HOTEL', FALSE,
        'sokcho', 2600),
       (290, 55, 'reward', 159000, 115000, 44000, '2019-05-11 00:00:00', 'DINING', FALSE, 'sokcho', 1760),
       (291, 116, 'reward', 367000, 203000, 164000, '2023-12-26 00:00:00', 'HOTEL', FALSE, 'seoul', 4920),
       (292, 189, 'cash', 887000, 65000, 822000, '2024-09-03 00:00:00', 'HOTEL', FALSE, 'seoul', 24660),
       (293, 191, 'credit card with reward', 1077000, 138000, 939000, '2019-12-22 00:00:00', 'HOTEL', FALSE,
        'busan', 46950),
       (294, 135, 'cash', 378000, 119000, 259000, '2020-06-25 00:00:00', 'HOTEL', FALSE, 'busan', 7770),
       (295, 131, 'credit card with reward', 295000, 19000, 276000, '2020-03-22 00:00:00', 'HOTEL', FALSE,
        'busan', 13800),
       (296, 190, 'reward', 256000, 181000, 75000, '2020-10-15 00:00:00', 'HOTEL', FALSE, 'seoul', 3750),
       (297, 84, 'cash', 1775000, 977000, 798000, '2020-10-19 00:00:00', 'DINING', FALSE, 'sokcho', 23940),
       (298, 178, 'credit card', 927000, 21000, 906000, '2021-09-17 00:00:00', 'DINING', FALSE, 'busan', 27180),
       (299, 18, 'credit card with reward', 393000, 96000, 297000, '2019-03-12 00:00:00', 'HOTEL', FALSE, 'seoul',
        11880),
       (300, 181, 'credit card', 490000, 12000, 478000, '2023-07-11 00:00:00', 'HOTEL', FALSE, 'sokcho', 14340),
       (301, 182, 'credit card with reward', 1218000, 450000, 768000, '2024-08-08 00:00:00', 'HOTEL', FALSE,
        'seoul', 23040),
       (302, 52, 'credit card', 682000, 677000, 5000, '2023-07-09 00:00:00', 'HOTEL', FALSE, 'busan', 150),
       (303, 59, 'reward', 1940000, 143000, 1797000, '2021-01-05 00:00:00', 'DINING', FALSE, 'seoul', 53910),
       (304, 88, 'credit card with reward', 1185000, 404000, 781000, '2022-08-17 00:00:00', 'DINING', FALSE,
        'sokcho', 31240),
       (305, 161, 'cash with reward', 413000, 150000, 263000, '2019-09-20 00:00:00', 'DINING', FALSE, 'sokcho',
        10520),
       (306, 134, 'credit card', 340000, 320000, 20000, '2022-08-13 00:00:00', 'DINING', FALSE, 'seoul', 1000),
       (307, 42, 'cash with reward', 233000, 218000, 15000, '2024-02-21 00:00:00', 'HOTEL', FALSE, 'seoul', 450),
       (308, 175, 'credit card', 1595000, 1454000, 141000, '2019-05-22 00:00:00', 'DINING', FALSE, 'busan', 4230),
       (309, 194, 'credit card', 114000, 92000, 22000, '2022-06-03 00:00:00', 'DINING', FALSE, 'seoul', 660),
       (310, 121, 'cash with reward', 1176000, 575000, 601000, '2023-01-07 00:00:00', 'DINING', FALSE, 'busan',
        18030),
       (311, 73, 'reward', 1149000, 1142000, 7000, '2021-01-11 00:00:00', 'HOTEL', FALSE, 'busan', 280),
       (312, 157, 'credit card with reward', 1588000, 85000, 1503000, '2022-01-12 00:00:00', 'DINING', FALSE,
        'sokcho', 60120),
       (313, 144, 'reward', 1261000, 566000, 695000, '2021-02-12 00:00:00', 'DINING', FALSE, 'busan', 20850),
       (314, 198, 'cash with reward', 230000, 72000, 158000, '2020-09-23 00:00:00', 'HOTEL', FALSE, 'sokcho',
        4740),
       (315, 96, 'cash', 1399000, 65000, 1334000, '2020-05-24 00:00:00', 'DINING', FALSE, 'sokcho', 40020),
       (316, 169, 'credit card with reward', 829000, 346000, 483000, '2018-10-30 00:00:00', 'HOTEL', FALSE,
        'sokcho', 24150),
       (317, 196, 'cash with reward', 101000, 84000, 17000, '2024-01-17 00:00:00', 'HOTEL', FALSE, 'busan', 850),
       (318, 64, 'cash', 457000, 99000, 358000, '2021-12-21 00:00:00', 'DINING', FALSE, 'sokcho', 10740),
       (319, 97, 'cash', 1207000, 34000, 1173000, '2021-03-06 00:00:00', 'DINING', FALSE, 'seoul', 46920),
       (320, 6, 'credit card with reward', 1456000, 451000, 1005000, '2020-04-22 00:00:00', 'HOTEL', FALSE,
        'seoul', 50250),
       (321, 19, 'cash', 169000, 35000, 134000, '2021-04-23 00:00:00', 'DINING', FALSE, 'busan', 5360),
       (322, 138, 'credit card', 1759000, 54000, 1705000, '2022-11-28 00:00:00', 'DINING', FALSE, 'busan', 51150),
       (323, 35, 'credit card', 646000, 596000, 50000, '2019-11-05 00:00:00', 'DINING', FALSE, 'sokcho', 2500),
       (324, 110, 'reward', 247000, 14000, 233000, '2018-11-15 00:00:00', 'DINING', FALSE, 'seoul', 11650),
       (325, 117, 'credit card', 828000, 768000, 60000, '2020-03-08 00:00:00', 'HOTEL', FALSE, 'sokcho', 3000),
       (326, 200, 'cash with reward', 1590000, 85000, 1505000, '2024-04-19 00:00:00', 'DINING', FALSE, 'seoul',
        45150),
       (327, 136, 'cash', 1024000, 604000, 420000, '2019-12-17 00:00:00', 'HOTEL', FALSE, 'sokcho', 21000),
       (328, 47, 'credit card', 425000, 70000, 355000, '2024-06-18 00:00:00', 'DINING', FALSE, 'sokcho', 14200),
       (329, 107, 'credit card', 543000, 392000, 151000, '2022-07-03 00:00:00', 'HOTEL', FALSE, 'seoul', 4530),
       (330, 3, 'reward', 180000, 164000, 16000, '2020-01-03 00:00:00', 'HOTEL', FALSE, 'seoul', 480),
       (331, 105, 'cash', 1661000, 1096000, 565000, '2019-01-05 00:00:00', 'HOTEL', FALSE, 'sokcho', 16950),
       (332, 152, 'credit card with reward', 1758000, 87000, 1671000, '2022-11-18 00:00:00', 'DINING', FALSE,
        'busan', 50130),
       (333, 75, 'cash', 808000, 93000, 715000, '2021-12-27 00:00:00', 'HOTEL', FALSE, 'seoul', 21450),
       (334, 58, 'reward', 1719000, 1603000, 116000, '2021-02-23 00:00:00', 'DINING', FALSE, 'seoul', 5800),
       (335, 60, 'credit card', 1104000, 693000, 411000, '2019-04-27 00:00:00', 'DINING', FALSE, 'busan', 12330),
       (336, 45, 'cash with reward', 1030000, 536000, 494000, '2020-04-22 00:00:00', 'DINING', FALSE, 'seoul',
        19760),
       (337, 188, 'credit card with reward', 1010000, 544000, 466000, '2022-11-03 00:00:00', 'DINING', FALSE,
        'seoul', 13980),
       (338, 22, 'cash', 1800000, 1230000, 570000, '2020-01-18 00:00:00', 'HOTEL', FALSE, 'busan', 17100),
       (339, 59, 'credit card', 1232000, 474000, 758000, '2021-01-17 00:00:00', 'HOTEL', FALSE, 'seoul', 22740),
       (340, 56, 'reward', 575000, 441000, 134000, '2023-06-16 00:00:00', 'DINING', FALSE, 'busan', 4020),
       (341, 65, 'reward', 1461000, 265000, 1196000, '2018-11-02 00:00:00', 'DINING', FALSE, 'busan', 47840),
       (342, 172, 'cash with reward', 1930000, 1831000, 99000, '2021-06-09 00:00:00', 'HOTEL', FALSE, 'busan',
        3960),
       (343, 135, 'cash', 1927000, 419000, 1508000, '2020-04-24 00:00:00', 'HOTEL', FALSE, 'busan', 45240),
       (344, 56, 'cash with reward', 1108000, 875000, 233000, '2022-12-13 00:00:00', 'HOTEL', FALSE, 'sokcho',
        6990),
       (345, 141, 'credit card with reward', 1795000, 1092000, 703000, '2023-09-01 00:00:00', 'DINING', FALSE,
        'sokcho', 21090),
       (346, 97, 'reward', 1223000, 1203000, 20000, '2020-07-25 00:00:00', 'HOTEL', FALSE, 'seoul', 800),
       (347, 194, 'credit card with reward', 254000, 152000, 102000, '2022-10-02 00:00:00', 'HOTEL', FALSE,
        'sokcho', 3060),
       (348, 99, 'cash', 1781000, 1372000, 409000, '2023-12-01 00:00:00', 'HOTEL', FALSE, 'busan', 12270),
       (349, 52, 'cash', 731000, 609000, 122000, '2023-10-25 00:00:00', 'HOTEL', FALSE, 'seoul', 3660),
       (350, 150, 'reward', 1751000, 1519000, 232000, '2021-07-04 00:00:00', 'DINING', FALSE, 'busan', 6960),
       (351, 111, 'credit card', 649000, 484000, 165000, '2021-04-02 00:00:00', 'HOTEL', FALSE, 'sokcho', 4950),
       (352, 189, 'cash with reward', 510000, 162000, 348000, '2024-05-24 00:00:00', 'HOTEL', FALSE, 'busan',
        10440),
       (353, 92, 'credit card with reward', 864000, 226000, 638000, '2022-05-26 00:00:00', 'DINING', FALSE,
        'sokcho', 31900),
       (354, 113, 'credit card', 982000, 689000, 293000, '2022-04-17 00:00:00', 'HOTEL', FALSE, 'busan', 11720),
       (355, 17, 'cash', 1253000, 617000, 636000, '2024-03-23 00:00:00', 'HOTEL', FALSE, 'seoul', 19080),
       (356, 85, 'cash', 539000, 424000, 115000, '2018-07-17 00:00:00', 'DINING', FALSE, 'sokcho', 5750),
       (357, 158, 'credit card with reward', 1287000, 1084000, 203000, '2023-06-02 00:00:00', 'DINING', FALSE,
        'sokcho', 6090),
       (358, 21, 'cash', 933000, 411000, 522000, '2022-12-20 00:00:00', 'HOTEL', FALSE, 'sokcho', 26100),
       (359, 188, 'credit card', 647000, 644000, 3000, '2022-12-14 00:00:00', 'DINING', FALSE, 'seoul', 90),
       (360, 143, 'credit card with reward', 724000, 212000, 512000, '2024-04-15 00:00:00', 'DINING', FALSE,
        'busan', 25600),
       (361, 110, 'cash', 1275000, 865000, 410000, '2019-04-10 00:00:00', 'DINING', FALSE, 'seoul', 20500),
       (362, 146, 'cash', 1440000, 536000, 904000, '2021-11-03 00:00:00', 'HOTEL', FALSE, 'sokcho', 36160),
       (363, 60, 'cash with reward', 762000, 67000, 695000, '2018-08-28 00:00:00', 'DINING', FALSE, 'busan',
        20850),
       (364, 127, 'credit card with reward', 637000, 343000, 294000, '2019-05-08 00:00:00', 'DINING', FALSE,
        'busan', 11760),
       (365, 77, 'credit card with reward', 1873000, 1177000, 696000, '2021-08-30 00:00:00', 'HOTEL', FALSE,
        'seoul', 20880),
       (366, 195, 'credit card with reward', 1730000, 1146000, 584000, '2024-03-09 00:00:00', 'DINING', FALSE,
        'seoul', 17520),
       (367, 151, 'reward', 213000, 178000, 35000, '2020-10-31 00:00:00', 'HOTEL', FALSE, 'seoul', 1050),
       (368, 11, 'reward', 1857000, 1379000, 478000, '2020-04-10 00:00:00', 'HOTEL', FALSE, 'seoul', 19120),
       (369, 180, 'cash', 711000, 375000, 336000, '2019-02-18 00:00:00', 'HOTEL', FALSE, 'busan', 16800),
       (370, 133, 'credit card', 1863000, 169000, 1694000, '2019-12-24 00:00:00', 'HOTEL', FALSE, 'seoul', 50820),
       (371, 155, 'credit card', 1238000, 658000, 580000, '2021-03-05 00:00:00', 'HOTEL', FALSE, 'sokcho', 23200),
       (372, 176, 'reward', 1054000, 609000, 445000, '2018-09-29 00:00:00', 'HOTEL', FALSE, 'busan', 22250),
       (373, 147, 'credit card with reward', 1710000, 48000, 1662000, '2022-01-03 00:00:00', 'DINING', FALSE,
        'busan', 49860),
       (374, 172, 'reward', 624000, 292000, 332000, '2021-06-29 00:00:00', 'HOTEL', FALSE, 'busan', 13280),
       (375, 39, 'reward', 156000, 23000, 133000, '2023-10-15 00:00:00', 'DINING', FALSE, 'busan', 5320),
       (376, 36, 'credit card', 489000, 241000, 248000, '2023-12-04 00:00:00', 'HOTEL', FALSE, 'busan', 7440),
       (377, 10, 'cash with reward', 1064000, 807000, 257000, '2023-04-29 00:00:00', 'DINING', FALSE, 'seoul',
        12850),
       (378, 170, 'credit card with reward', 316000, 236000, 80000, '2021-03-28 00:00:00', 'HOTEL', FALSE,
        'busan', 2400),
       (379, 56, 'credit card', 236000, 2000, 234000, '2022-11-14 00:00:00', 'HOTEL', FALSE, 'seoul', 7020),
       (380, 136, 'credit card with reward', 217000, 3000, 214000, '2020-04-06 00:00:00', 'HOTEL', FALSE,
        'sokcho', 10700),
       (381, 133, 'credit card with reward', 356000, 150000, 206000, '2020-01-17 00:00:00', 'DINING', FALSE,
        'sokcho', 6180),
       (382, 187, 'reward', 1693000, 938000, 755000, '2024-02-16 00:00:00', 'HOTEL', FALSE, 'sokcho', 30200),
       (383, 41, 'reward', 1010000, 407000, 603000, '2021-07-06 00:00:00', 'HOTEL', FALSE, 'sokcho', 18090),
       (384, 11, 'reward', 1762000, 162000, 1600000, '2020-08-13 00:00:00', 'DINING', FALSE, 'sokcho', 64000),
       (385, 58, 'credit card', 575000, 272000, 303000, '2020-11-06 00:00:00', 'HOTEL', FALSE, 'seoul', 15150),
       (386, 157, 'credit card with reward', 1191000, 5000, 1186000, '2022-02-25 00:00:00', 'HOTEL', FALSE,
        'seoul', 47440),
       (387, 182, 'credit card with reward', 1568000, 687000, 881000, '2024-04-05 00:00:00', 'HOTEL', FALSE,
        'busan', 26430),
       (388, 103, 'cash', 744000, 255000, 489000, '2023-11-21 00:00:00', 'HOTEL', FALSE, 'sokcho', 14670),
       (389, 68, 'cash with reward', 311000, 11000, 300000, '2023-11-23 00:00:00', 'DINING', FALSE, 'sokcho',
        9000),
       (390, 14, 'reward', 731000, 240000, 491000, '2022-10-10 00:00:00', 'HOTEL', FALSE, 'sokcho', 24550),
       (391, 164, 'credit card', 1542000, 1020000, 522000, '2023-09-20 00:00:00', 'DINING', FALSE, 'seoul',
        26100),
       (392, 37, 'credit card with reward', 614000, 331000, 283000, '2021-07-13 00:00:00', 'HOTEL', FALSE,
        'seoul', 8490),
       (393, 52, 'cash with reward', 700000, 579000, 121000, '2023-11-25 00:00:00', 'HOTEL', FALSE, 'seoul',
        3630),
       (394, 141, 'cash with reward', 1466000, 288000, 1178000, '2023-04-19 00:00:00', 'DINING', FALSE, 'sokcho',
        35340),
       (395, 4, 'credit card', 1162000, 159000, 1003000, '2022-08-17 00:00:00', 'HOTEL', FALSE, 'busan', 30090),
       (396, 168, 'reward', 1821000, 320000, 1501000, '2023-05-01 00:00:00', 'DINING', FALSE, 'sokcho', 45030),
       (397, 94, 'reward', 627000, 27000, 600000, '2020-12-04 00:00:00', 'DINING', FALSE, 'busan', 24000),
       (398, 110, 'credit card', 1082000, 11000, 1071000, '2018-07-24 00:00:00', 'HOTEL', FALSE, 'busan', 53550),
       (399, 174, 'cash with reward', 1005000, 492000, 513000, '2023-08-31 00:00:00', 'DINING', FALSE, 'busan',
        15390),
       (400, 143, 'credit card with reward', 517000, 336000, 181000, '2024-01-21 00:00:00', 'DINING', FALSE,
        'sokcho', 9050),
       (401, 61, 'credit card with reward', 1000000, 480000, 520000, '2022-06-20 00:00:00', 'DINING', FALSE,
        'sokcho', 15600),
       (402, 28, 'reward', 1564000, 531000, 1033000, '2019-10-13 00:00:00', 'HOTEL', FALSE, 'busan', 30990),
       (403, 19, 'cash', 1871000, 70000, 1801000, '2021-08-22 00:00:00', 'DINING', FALSE, 'sokcho', 72040),
       (404, 130, 'cash', 1969000, 989000, 980000, '2022-08-19 00:00:00', 'DINING', FALSE, 'busan', 39200),
       (405, 162, 'credit card', 671000, 624000, 47000, '2023-01-03 00:00:00', 'DINING', FALSE, 'busan', 1410),
       (406, 32, 'credit card with reward', 1965000, 1301000, 664000, '2021-06-04 00:00:00', 'DINING', FALSE,
        'sokcho', 33200),
       (407, 133, 'cash', 706000, 137000, 569000, '2019-06-04 00:00:00', 'HOTEL', FALSE, 'seoul', 17070),
       (408, 49, 'credit card with reward', 1654000, 196000, 1458000, '2018-04-15 00:00:00', 'DINING', FALSE,
        'busan', 72900),
       (409, 10, 'credit card', 633000, 558000, 75000, '2023-01-08 00:00:00', 'HOTEL', FALSE, 'sokcho', 3750),
       (410, 82, 'cash with reward', 832000, 381000, 451000, '2018-07-09 00:00:00', 'HOTEL', FALSE, 'sokcho',
        22550),
       (411, 5, 'credit card', 1653000, 1476000, 177000, '2018-09-12 00:00:00', 'HOTEL', FALSE, 'sokcho', 5310),
       (412, 72, 'cash', 1388000, 612000, 776000, '2020-12-03 00:00:00', 'HOTEL', FALSE, 'seoul', 23280),
       (413, 59, 'cash with reward', 515000, 346000, 169000, '2021-12-07 00:00:00', 'HOTEL', FALSE, 'sokcho',
        5070),
       (414, 185, 'reward', 1841000, 1808000, 33000, '2020-05-19 00:00:00', 'HOTEL', FALSE, 'sokcho', 1320),
       (415, 58, 'credit card', 1776000, 189000, 1587000, '2021-06-21 00:00:00', 'HOTEL', FALSE, 'sokcho', 79350),
       (416, 16, 'credit card with reward', 883000, 30000, 853000, '2024-03-15 00:00:00', 'DINING', FALSE,
        'busan', 25590),
       (417, 8, 'cash with reward', 400000, 210000, 190000, '2023-11-18 00:00:00', 'DINING', FALSE, 'busan',
        7600),
       (418, 88, 'cash', 314000, 281000, 33000, '2022-07-14 00:00:00', 'DINING', FALSE, 'busan', 1320),
       (419, 149, 'cash with reward', 1957000, 1043000, 914000, '2024-01-01 00:00:00', 'DINING', FALSE, 'seoul',
        27420),
       (420, 139, 'cash with reward', 887000, 715000, 172000, '2023-10-02 00:00:00', 'DINING', FALSE, 'seoul',
        8600),
       (421, 61, 'credit card', 1134000, 924000, 210000, '2021-12-23 00:00:00', 'DINING', FALSE, 'seoul', 6300),
       (422, 148, 'reward', 1179000, 355000, 824000, '2019-04-12 00:00:00', 'HOTEL', FALSE, 'seoul', 24720),
       (423, 193, 'cash with reward', 272000, 236000, 36000, '2023-12-29 00:00:00', 'DINING', FALSE, 'seoul',
        1800),
       (424, 110, 'reward', 1089000, 323000, 766000, '2019-07-10 00:00:00', 'HOTEL', FALSE, 'seoul', 38300),
       (425, 196, 'cash', 1896000, 87000, 1809000, '2023-08-21 00:00:00', 'DINING', FALSE, 'seoul', 90450),
       (426, 86, 'credit card with reward', 284000, 39000, 245000, '2023-04-13 00:00:00', 'DINING', FALSE,
        'busan', 7350),
       (427, 9, 'cash with reward', 1271000, 620000, 651000, '2022-01-19 00:00:00', 'DINING', FALSE, 'sokcho',
        26040),
       (428, 85, 'reward', 1183000, 1010000, 173000, '2019-05-18 00:00:00', 'HOTEL', FALSE, 'sokcho', 8650),
       (429, 191, 'credit card with reward', 1957000, 248000, 1709000, '2019-08-23 00:00:00', 'HOTEL', FALSE,
        'sokcho', 85450),
       (430, 141, 'credit card with reward', 539000, 141000, 398000, '2022-12-06 00:00:00', 'DINING', FALSE,
        'sokcho', 11940),
       (431, 42, 'credit card with reward', 795000, 584000, 211000, '2024-02-22 00:00:00', 'HOTEL', FALSE,
        'busan', 6330),
       (432, 89, 'cash', 1941000, 1925000, 16000, '2021-05-19 00:00:00', 'DINING', FALSE, 'busan', 640),
       (433, 68, 'reward', 255000, 192000, 63000, '2023-07-21 00:00:00', 'DINING', FALSE, 'seoul', 1890),
       (434, 173, 'credit card with reward', 1798000, 642000, 1156000, '2018-09-16 00:00:00', 'HOTEL', FALSE,
        'sokcho', 34680),
       (435, 8, 'cash with reward', 1261000, 260000, 1001000, '2023-05-10 00:00:00', 'DINING', FALSE, 'seoul',
        40040),
       (436, 41, 'cash', 1585000, 852000, 733000, '2022-05-19 00:00:00', 'HOTEL', FALSE, 'busan', 21990),
       (437, 10, 'credit card', 1215000, 585000, 630000, '2022-12-11 00:00:00', 'HOTEL', FALSE, 'busan', 31500),
       (438, 68, 'reward', 940000, 559000, 381000, '2024-01-13 00:00:00', 'DINING', FALSE, 'sokcho', 11430),
       (439, 179, 'reward', 125000, 101000, 24000, '2020-02-07 00:00:00', 'HOTEL', FALSE, 'seoul', 1200),
       (440, 132, 'credit card with reward', 1551000, 509000, 1042000, '2020-07-01 00:00:00', 'DINING', FALSE,
        'busan', 52100),
       (441, 136, 'credit card with reward', 1209000, 463000, 746000, '2019-07-06 00:00:00', 'HOTEL', FALSE,
        'busan', 37300),
       (442, 75, 'credit card with reward', 1951000, 234000, 1717000, '2021-09-06 00:00:00', 'DINING', FALSE,
        'busan', 51510),
       (443, 84, 'cash', 1157000, 959000, 198000, '2020-06-24 00:00:00', 'DINING', FALSE, 'busan', 5940),
       (444, 32, 'cash', 426000, 197000, 229000, '2021-02-25 00:00:00', 'HOTEL', FALSE, 'busan', 11450),
       (445, 11, 'cash', 806000, 681000, 125000, '2021-02-08 00:00:00', 'DINING', FALSE, 'sokcho', 5000),
       (446, 105, 'reward', 1359000, 136000, 1223000, '2018-11-21 00:00:00', 'DINING', FALSE, 'busan', 36690),
       (447, 3, 'cash', 528000, 333000, 195000, '2019-11-16 00:00:00', 'HOTEL', FALSE, 'busan', 5850),
       (448, 180, 'credit card', 1213000, 726000, 487000, '2019-09-14 00:00:00', 'DINING', FALSE, 'seoul', 24350),
       (449, 70, 'credit card with reward', 450000, 375000, 75000, '2020-07-15 00:00:00', 'HOTEL', FALSE,
        'sokcho', 3750),
       (450, 154, 'reward', 1448000, 299000, 1149000, '2020-09-23 00:00:00', 'HOTEL', FALSE, 'seoul', 34470),
       (451, 74, 'cash with reward', 813000, 35000, 778000, '2023-03-10 00:00:00', 'DINING', FALSE, 'sokcho',
        38900),
       (452, 54, 'reward', 349000, 196000, 153000, '2018-10-20 00:00:00', 'HOTEL', FALSE, 'seoul', 6120),
       (453, 72, 'cash with reward', 1686000, 1675000, 11000, '2020-05-20 00:00:00', 'HOTEL', FALSE, 'sokcho',
        330),
       (454, 102, 'reward', 708000, 33000, 675000, '2023-09-05 00:00:00', 'HOTEL', FALSE, 'busan', 20250),
       (455, 127, 'cash with reward', 1886000, 172000, 1714000, '2019-07-02 00:00:00', 'DINING', FALSE, 'sokcho',
        68560),
       (456, 4, 'cash', 1991000, 1255000, 736000, '2022-05-10 00:00:00', 'HOTEL', FALSE, 'busan', 22080),
       (457, 190, 'cash', 1575000, 1550000, 25000, '2020-08-22 00:00:00', 'HOTEL', FALSE, 'seoul', 1250),
       (458, 81, 'cash with reward', 1038000, 887000, 151000, '2023-03-28 00:00:00', 'DINING', FALSE, 'seoul',
        6040),
       (459, 73, 'cash with reward', 856000, 106000, 750000, '2020-05-28 00:00:00', 'HOTEL', FALSE, 'busan',
        30000),
       (460, 142, 'cash', 1182000, 933000, 249000, '2021-10-21 00:00:00', 'HOTEL', FALSE, 'sokcho', 12450),
       (461, 194, 'cash with reward', 334000, 28000, 306000, '2022-06-25 00:00:00', 'DINING', FALSE, 'sokcho',
        9180),
       (462, 193, 'reward', 271000, 250000, 21000, '2024-03-03 00:00:00', 'DINING', FALSE, 'sokcho', 1050),
       (463, 82, 'credit card with reward', 736000, 20000, 716000, '2019-06-28 00:00:00', 'DINING', FALSE,
        'sokcho', 35800),
       (464, 192, 'cash', 1070000, 748000, 322000, '2025-04-06 00:00:00', 'HOTEL', FALSE, 'busan', 12880),
       (465, 182, 'credit card with reward', 1063000, 510000, 553000, '2025-02-04 00:00:00', 'HOTEL', FALSE,
        'sokcho', 16590),
       (466, 104, 'reward', 455000, 265000, 190000, '2023-02-26 00:00:00', 'DINING', FALSE, 'busan', 5700),
       (467, 16, 'cash', 265000, 95000, 170000, '2024-02-12 00:00:00', 'DINING', FALSE, 'seoul', 5100),
       (468, 43, 'credit card', 1314000, 945000, 369000, '2022-03-03 00:00:00', 'HOTEL', FALSE, 'busan', 11070),
       (469, 31, 'credit card with reward', 1337000, 593000, 744000, '2020-04-22 00:00:00', 'HOTEL', FALSE,
        'sokcho', 22320),
       (470, 114, 'credit card', 1815000, 318000, 1497000, '2018-12-20 00:00:00', 'DINING', FALSE, 'sokcho',
        74850),
       (471, 194, 'credit card', 1983000, 139000, 1844000, '2022-04-07 00:00:00', 'DINING', FALSE, 'seoul',
        55320),
       (472, 124, 'reward', 1776000, 661000, 1115000, '2020-05-02 00:00:00', 'DINING', FALSE, 'sokcho', 44600),
       (473, 169, 'cash with reward', 1749000, 477000, 1272000, '2018-04-13 00:00:00', 'HOTEL', FALSE, 'sokcho',
        63600),
       (474, 6, 'reward', 1700000, 990000, 710000, '2019-10-16 00:00:00', 'HOTEL', FALSE, 'sokcho', 35500),
       (475, 125, 'credit card with reward', 500000, 108000, 392000, '2021-09-05 00:00:00', 'DINING', FALSE,
        'busan', 15680),
       (476, 127, 'credit card', 388000, 325000, 63000, '2019-08-03 00:00:00', 'DINING', FALSE, 'sokcho', 2520),
       (477, 29, 'reward', 1099000, 709000, 390000, '2024-04-23 00:00:00', 'DINING', FALSE, 'sokcho', 15600),
       (478, 46, 'credit card with reward', 534000, 124000, 410000, '2019-02-18 00:00:00', 'DINING', FALSE,
        'seoul', 12300),
       (479, 156, 'credit card', 1308000, 819000, 489000, '2021-08-11 00:00:00', 'DINING', FALSE, 'busan', 14670),
       (480, 162, 'cash', 1244000, 303000, 941000, '2022-05-13 00:00:00', 'DINING', FALSE, 'seoul', 28230),
       (481, 131, 'cash', 1638000, 875000, 763000, '2020-02-16 00:00:00', 'DINING', FALSE, 'busan', 38150),
       (482, 3, 'cash with reward', 1958000, 1712000, 246000, '2019-02-12 00:00:00', 'HOTEL', FALSE, 'sokcho',
        7380),
       (483, 33, 'credit card', 1569000, 444000, 1125000, '2018-08-20 00:00:00', 'HOTEL', FALSE, 'sokcho', 33750),
       (484, 11, 'credit card', 342000, 176000, 166000, '2020-12-02 00:00:00', 'HOTEL', FALSE, 'seoul', 6640),
       (485, 132, 'cash', 1640000, 488000, 1152000, '2020-06-06 00:00:00', 'HOTEL', FALSE, 'busan', 57600),
       (486, 141, 'reward', 602000, 59000, 543000, '2023-06-14 00:00:00', 'HOTEL', FALSE, 'busan', 16290),
       (487, 78, 'cash', 1047000, 653000, 394000, '2021-09-12 00:00:00', 'DINING', FALSE, 'busan', 19700),
       (488, 138, 'cash with reward', 1143000, 1054000, 89000, '2023-01-10 00:00:00', 'DINING', FALSE, 'seoul',
        2670),
       (489, 119, 'cash', 873000, 548000, 325000, '2021-12-07 00:00:00', 'HOTEL', FALSE, 'sokcho', 9750),
       (490, 199, 'credit card with reward', 1492000, 128000, 1364000, '2020-09-26 00:00:00', 'DINING', FALSE,
        'busan', 40920),
       (491, 34, 'cash with reward', 785000, 577000, 208000, '2022-11-15 00:00:00', 'HOTEL', FALSE, 'seoul',
        8320),
       (492, 123, 'credit card', 407000, 133000, 274000, '2018-04-17 00:00:00', 'HOTEL', FALSE, 'sokcho', 13700),
       (493, 168, 'cash', 676000, 401000, 275000, '2022-11-12 00:00:00', 'HOTEL', FALSE, 'seoul', 8250),
       (494, 63, 'cash', 1617000, 179000, 1438000, '2023-03-23 00:00:00', 'HOTEL', FALSE, 'busan', 43140),
       (495, 187, 'credit card with reward', 547000, 46000, 501000, '2024-04-16 00:00:00', 'HOTEL', FALSE,
        'seoul', 20040),
       (496, 157, 'credit card with reward', 919000, 904000, 15000, '2022-01-22 00:00:00', 'DINING', FALSE,
        'busan', 600),
       (497, 147, 'cash', 1776000, 52000, 1724000, '2022-01-15 00:00:00', 'DINING', FALSE, 'sokcho', 51720),
       (498, 126, 'reward', 1116000, 26000, 1090000, '2020-07-09 00:00:00', 'DINING', FALSE, 'seoul', 43600),
       (499, 96, 'cash with reward', 295000, 12000, 283000, '2021-02-16 00:00:00', 'DINING', FALSE, 'busan',
        8490),
       (500, 113, 'credit card with reward', 653000, 73000, 580000, '2021-12-04 00:00:00', 'HOTEL', FALSE,
        'busan', 23200),
       (501, 2, 'reward', 1383000, 260000, 1123000, '2021-09-21 00:00:00', 'HOTEL', FALSE, 'sokcho', 33690),
       (502, 53, 'cash with reward', 496000, 125000, 371000, '2020-08-09 00:00:00', 'HOTEL', FALSE, 'busan',
        11130),
       (503, 185, 'cash with reward', 303000, 264000, 39000, '2020-01-16 00:00:00', 'DINING', FALSE, 'busan',
        1560),
       (504, 73, 'credit card with reward', 1324000, 703000, 621000, '2021-04-11 00:00:00', 'DINING', FALSE,
        'seoul', 24840),
       (505, 149, 'credit card with reward', 471000, 201000, 270000, '2024-08-27 00:00:00', 'DINING', FALSE,
        'seoul', 8100),
       (506, 69, 'cash', 514000, 129000, 385000, '2019-11-10 00:00:00', 'DINING', FALSE, 'sokcho', 15400),
       (507, 85, 'credit card with reward', 1735000, 967000, 768000, '2018-06-09 00:00:00', 'HOTEL', FALSE,
        'sokcho', 38400),
       (508, 196, 'credit card with reward', 258000, 146000, 112000, '2023-06-25 00:00:00', 'DINING', FALSE,
        'seoul', 5600),
       (509, 170, 'reward', 166000, 107000, 59000, '2022-01-16 00:00:00', 'HOTEL', FALSE, 'sokcho', 1770),
       (510, 27, 'cash with reward', 783000, 660000, 123000, '2018-08-06 00:00:00', 'DINING', FALSE, 'busan',
        3690),
       (511, 38, 'credit card', 758000, 509000, 249000, '2019-08-17 00:00:00', 'HOTEL', FALSE, 'seoul', 12450),
       (512, 93, 'cash', 1035000, 767000, 268000, '2018-06-30 00:00:00', 'DINING', FALSE, 'sokcho', 8040),
       (513, 63, 'credit card with reward', 285000, 62000, 223000, '2022-10-19 00:00:00', 'DINING', FALSE,
        'seoul', 6690),
       (514, 55, 'cash with reward', 142000, 100000, 42000, '2018-10-09 00:00:00', 'DINING', FALSE, 'seoul',
        1680),
       (515, 9, 'credit card', 1039000, 148000, 891000, '2022-08-21 00:00:00', 'HOTEL', FALSE, 'sokcho', 35640),
       (516, 78, 'cash with reward', 1778000, 1774000, 4000, '2021-10-17 00:00:00', 'DINING', FALSE, 'busan',
        200),
       (517, 14, 'cash', 1657000, 678000, 979000, '2022-09-18 00:00:00', 'DINING', FALSE, 'busan', 48950),
       (518, 162, 'reward', 313000, 253000, 60000, '2023-02-22 00:00:00', 'DINING', FALSE, 'seoul', 1800),
       (519, 56, 'cash', 1011000, 579000, 432000, '2023-01-17 00:00:00', 'HOTEL', FALSE, 'busan', 12960),
       (520, 31, 'reward', 1040000, 892000, 148000, '2021-01-03 00:00:00', 'HOTEL', FALSE, 'seoul', 4440),
       (521, 66, 'credit card with reward', 1697000, 151000, 1546000, '2018-09-30 00:00:00', 'DINING', FALSE,
        'busan', 61840),
       (522, 171, 'credit card with reward', 1057000, 362000, 695000, '2024-05-28 00:00:00', 'DINING', FALSE,
        'busan', 34750),
       (523, 167, 'reward', 689000, 147000, 542000, '2019-05-13 00:00:00', 'HOTEL', FALSE, 'busan', 16260),
       (524, 192, 'reward', 1959000, 1454000, 505000, '2024-08-05 00:00:00', 'HOTEL', FALSE, 'busan', 20200),
       (525, 95, 'cash with reward', 808000, 239000, 569000, '2019-08-21 00:00:00', 'HOTEL', FALSE, 'seoul',
        17070),
       (526, 145, 'credit card with reward', 1473000, 584000, 889000, '2021-12-17 00:00:00', 'HOTEL', FALSE,
        'sokcho', 44450),
       (527, 13, 'cash with reward', 1487000, 936000, 551000, '2021-10-02 00:00:00', 'DINING', FALSE, 'busan',
        16530),
       (528, 146, 'credit card', 1176000, 360000, 816000, '2021-07-19 00:00:00', 'DINING', FALSE, 'sokcho',
        32640),
       (529, 62, 'cash', 793000, 736000, 57000, '2020-03-20 00:00:00', 'HOTEL', FALSE, 'seoul', 1710),
       (530, 32, 'reward', 789000, 494000, 295000, '2021-02-04 00:00:00', 'DINING', FALSE, 'sokcho', 14750),
       (531, 37, 'reward', 566000, 353000, 213000, '2022-01-10 00:00:00', 'DINING', FALSE, 'seoul', 6390),
       (532, 85, 'reward', 834000, 244000, 590000, '2018-12-05 00:00:00', 'DINING', FALSE, 'sokcho', 29500),
       (533, 72, 'cash', 1676000, 354000, 1322000, '2020-07-03 00:00:00', 'HOTEL', FALSE, 'seoul', 39660),
       (534, 26, 'reward', 1118000, 816000, 302000, '2024-02-24 00:00:00', 'DINING', FALSE, 'sokcho', 9060),
       (535, 144, 'credit card with reward', 809000, 241000, 568000, '2021-06-18 00:00:00', 'HOTEL', FALSE,
        'busan', 17040),
       (536, 178, 'credit card with reward', 1256000, 1246000, 10000, '2021-11-22 00:00:00', 'DINING', FALSE,
        'sokcho', 300),
       (537, 195, 'credit card with reward', 1469000, 492000, 977000, '2024-06-03 00:00:00', 'HOTEL', FALSE,
        'seoul', 29310),
       (538, 81, 'reward', 595000, 224000, 371000, '2023-02-03 00:00:00', 'DINING', FALSE, 'busan', 14840),
       (539, 20, 'cash with reward', 1411000, 701000, 710000, '2019-08-21 00:00:00', 'HOTEL', FALSE, 'seoul',
        21300),
       (540, 84, 'reward', 1234000, 170000, 1064000, '2020-09-14 00:00:00', 'DINING', FALSE, 'busan', 31920),
       (541, 91, 'reward', 116000, 67000, 49000, '2021-12-01 00:00:00', 'DINING', FALSE, 'seoul', 1470),
       (542, 73, 'cash', 1960000, 1527000, 433000, '2020-12-20 00:00:00', 'DINING', FALSE, 'busan', 17320),
       (543, 163, 'reward', 1062000, 685000, 377000, '2024-05-04 00:00:00', 'DINING', FALSE, 'busan', 15080),
       (544, 160, 'credit card', 574000, 46000, 528000, '2024-04-28 00:00:00', 'HOTEL', FALSE, 'seoul', 26400),
       (545, 92, 'cash with reward', 429000, 201000, 228000, '2022-07-26 00:00:00', 'HOTEL', FALSE, 'seoul',
        11400),
       (546, 112, 'cash with reward', 1662000, 1626000, 36000, '2022-05-09 00:00:00', 'DINING', FALSE, 'sokcho',
        1080),
       (547, 151, 'credit card', 384000, 367000, 17000, '2021-05-04 00:00:00', 'HOTEL', FALSE, 'sokcho', 510),
       (548, 197, 'credit card with reward', 1643000, 1561000, 82000, '2018-07-30 00:00:00', 'HOTEL', FALSE,
        'busan', 4100),
       (549, 100, 'cash', 1190000, 1065000, 125000, '2023-01-29 00:00:00', 'DINING', FALSE, 'busan', 3750),
       (550, 4, 'cash with reward', 504000, 494000, 10000, '2022-02-14 00:00:00', 'HOTEL', FALSE, 'seoul', 300),
       (551, 31, 'credit card', 1845000, 972000, 873000, '2020-04-09 00:00:00', 'DINING', FALSE, 'seoul', 26190),
       (552, 7, 'credit card', 1330000, 476000, 854000, '2022-02-02 00:00:00', 'DINING', FALSE, 'busan', 34160),
       (553, 156, 'credit card', 1748000, 1265000, 483000, '2021-11-12 00:00:00', 'HOTEL', FALSE, 'busan', 14490),
       (554, 65, 'cash', 1135000, 389000, 746000, '2018-07-04 00:00:00', 'HOTEL', FALSE, 'seoul', 29840),
       (555, 27, 'credit card', 1844000, 55000, 1789000, '2018-10-05 00:00:00', 'DINING', FALSE, 'sokcho', 53670),
       (556, 180, 'cash', 156000, 48000, 108000, '2019-04-02 00:00:00', 'DINING', FALSE, 'sokcho', 5400),
       (557, 171, 'cash with reward', 1065000, 11000, 1054000, '2024-06-14 00:00:00', 'DINING', FALSE, 'seoul',
        52700),
       (558, 185, 'reward', 1740000, 309000, 1431000, '2020-07-02 00:00:00', 'HOTEL', FALSE, 'seoul', 57240),
       (559, 186, 'credit card', 1458000, 462000, 996000, '2023-11-29 00:00:00', 'DINING', FALSE, 'busan', 29880),
       (560, 184, 'cash', 1733000, 1595000, 138000, '2024-09-19 00:00:00', 'DINING', FALSE, 'seoul', 4140),
       (561, 152, 'credit card with reward', 1294000, 1157000, 137000, '2022-06-04 00:00:00', 'HOTEL', FALSE,
        'busan', 4110),
       (562, 168, 'cash with reward', 1935000, 528000, 1407000, '2022-07-31 00:00:00', 'HOTEL', FALSE, 'sokcho',
        42210),
       (563, 45, 'cash', 1119000, 418000, 701000, '2021-01-22 00:00:00', 'DINING', FALSE, 'busan', 28040),
       (564, 93, 'reward', 1406000, 1385000, 21000, '2018-09-13 00:00:00', 'DINING', FALSE, 'sokcho', 630),
       (565, 151, 'credit card with reward', 1279000, 916000, 363000, '2020-11-11 00:00:00', 'HOTEL', FALSE,
        'seoul', 10890),
       (566, 164, 'cash with reward', 390000, 343000, 47000, '2024-03-30 00:00:00', 'HOTEL', FALSE, 'busan',
        2350),
       (567, 144, 'credit card', 775000, 148000, 627000, '2021-06-21 00:00:00', 'DINING', FALSE, 'busan', 18810),
       (568, 160, 'credit card', 1160000, 480000, 680000, '2024-04-01 00:00:00', 'HOTEL', FALSE, 'busan', 34000),
       (569, 142, 'reward', 224000, 35000, 189000, '2022-05-21 00:00:00', 'HOTEL', FALSE, 'sokcho', 9450),
       (570, 57, 'credit card with reward', 1045000, 54000, 991000, '2023-09-04 00:00:00', 'DINING', FALSE,
        'seoul', 29730),
       (571, 6, 'credit card with reward', 1521000, 616000, 905000, '2019-07-14 00:00:00', 'HOTEL', FALSE,
        'seoul', 45250),
       (572, 190, 'cash', 1843000, 95000, 1748000, '2020-11-20 00:00:00', 'HOTEL', FALSE, 'sokcho', 87400),
       (573, 145, 'cash', 216000, 52000, 164000, '2021-08-05 00:00:00', 'DINING', FALSE, 'sokcho', 8200),
       (574, 178, 'cash', 1557000, 673000, 884000, '2022-06-12 00:00:00', 'HOTEL', FALSE, 'seoul', 26520),
       (575, 86, 'cash', 861000, 330000, 531000, '2023-09-08 00:00:00', 'DINING', FALSE, 'seoul', 15930),
       (576, 100, 'reward', 883000, 634000, 249000, '2023-05-18 00:00:00', 'HOTEL', FALSE, 'sokcho', 7470),
       (577, 138, 'credit card', 1498000, 374000, 1124000, '2022-11-20 00:00:00', 'DINING', FALSE, 'sokcho',
        33720),
       (578, 96, 'reward', 983000, 924000, 59000, '2020-08-17 00:00:00', 'DINING', FALSE, 'sokcho', 1770),
       (579, 12, 'cash with reward', 1047000, 501000, 546000, '2021-02-28 00:00:00', 'DINING', FALSE, 'seoul',
        21840),
       (580, 14, 'cash with reward', 1655000, 1651000, 4000, '2022-11-25 00:00:00', 'HOTEL', FALSE, 'seoul', 200),
       (581, 109, 'credit card with reward', 1885000, 1630000, 255000, '2023-07-16 00:00:00', 'HOTEL', FALSE,
        'sokcho', 7650),
       (582, 104, 'cash', 798000, 328000, 470000, '2022-10-13 00:00:00', 'DINING', FALSE, 'seoul', 14100),
       (583, 8, 'credit card', 379000, 109000, 270000, '2022-12-13 00:00:00', 'HOTEL', FALSE, 'sokcho', 10800),
       (584, 46, 'cash with reward', 1111000, 874000, 237000, '2018-12-27 00:00:00', 'DINING', FALSE, 'seoul',
        7110),
       (585, 155, 'cash', 1230000, 884000, 346000, '2020-07-17 00:00:00', 'DINING', FALSE, 'busan', 13840),
       (586, 11, 'cash', 1710000, 369000, 1341000, '2020-06-26 00:00:00', 'HOTEL', FALSE, 'busan', 53640),
       (587, 125, 'credit card', 1855000, 702000, 1153000, '2021-09-21 00:00:00', 'HOTEL', FALSE, 'busan', 46120),
       (588, 175, 'cash', 1097000, 94000, 1003000, '2019-02-23 00:00:00', 'DINING', FALSE, 'seoul', 30090),
       (589, 83, 'cash', 534000, 71000, 463000, '2020-10-05 00:00:00', 'HOTEL', FALSE, 'busan', 13890),
       (590, 50, 'reward', 1612000, 877000, 735000, '2023-01-24 00:00:00', 'HOTEL', FALSE, 'busan', 29400),
       (591, 30, 'reward', 237000, 128000, 109000, '2023-01-23 00:00:00', 'DINING', FALSE, 'seoul', 3270),
       (592, 136, 'credit card with reward', 1451000, 1057000, 394000, '2019-12-07 00:00:00', 'HOTEL', FALSE,
        'seoul', 19700),
       (593, 42, 'credit card', 582000, 485000, 97000, '2023-12-09 00:00:00', 'HOTEL', FALSE, 'busan', 2910),
       (594, 197, 'cash', 1240000, 81000, 1159000, '2019-03-16 00:00:00', 'HOTEL', FALSE, 'sokcho', 57950),
       (595, 184, 'credit card', 732000, 411000, 321000, '2025-01-08 00:00:00', 'HOTEL', FALSE, 'seoul', 9630),
       (596, 89, 'reward', 688000, 264000, 424000, '2021-07-24 00:00:00', 'HOTEL', FALSE, 'seoul', 16960),
       (597, 155, 'cash with reward', 922000, 40000, 882000, '2020-07-29 00:00:00', 'DINING', FALSE, 'busan',
        35280),
       (598, 199, 'credit card with reward', 734000, 353000, 381000, '2020-11-17 00:00:00', 'DINING', FALSE,
        'seoul', 11430),
       (599, 75, 'cash with reward', 560000, 247000, 313000, '2021-10-05 00:00:00', 'HOTEL', FALSE, 'seoul',
        9390),
       (600, 1, 'cash with reward', 261000, 203000, 58000, '2022-03-13 00:00:00', 'HOTEL', FALSE, 'seoul', 1740),
       (601, 83, 'reward', 889000, 269000, 620000, '2020-11-26 00:00:00', 'DINING', FALSE, 'busan', 18600),
       (602, 120, 'credit card with reward', 1810000, 1044000, 766000, '2024-08-05 00:00:00', 'DINING', FALSE,
        'busan', 38300),
       (603, 82, 'reward', 703000, 113000, 590000, '2019-05-31 00:00:00', 'DINING', FALSE, 'busan', 29500),
       (604, 110, 'credit card', 1598000, 1513000, 85000, '2019-07-01 00:00:00', 'DINING', FALSE, 'sokcho', 4250),
       (605, 159, 'cash', 533000, 152000, 381000, '2023-10-26 00:00:00', 'HOTEL', FALSE, 'seoul', 11430),
       (606, 179, 'credit card with reward', 1636000, 1082000, 554000, '2020-06-10 00:00:00', 'HOTEL', FALSE,
        'seoul', 27700),
       (607, 132, 'credit card with reward', 842000, 757000, 85000, '2019-12-19 00:00:00', 'DINING', FALSE,
        'seoul', 4250),
       (608, 181, 'cash', 797000, 524000, 273000, '2024-01-26 00:00:00', 'DINING', FALSE, 'busan', 8190),
       (609, 60, 'reward', 906000, 245000, 661000, '2019-04-05 00:00:00', 'HOTEL', FALSE, 'sokcho', 19830),
       (610, 109, 'cash with reward', 440000, 12000, 428000, '2024-04-19 00:00:00', 'HOTEL', FALSE, 'sokcho',
        12840),
       (611, 125, 'cash', 1586000, 1509000, 77000, '2021-10-05 00:00:00', 'DINING', FALSE, 'busan', 3080),
       (612, 188, 'credit card with reward', 1350000, 1233000, 117000, '2022-07-12 00:00:00', 'DINING', FALSE,
        'sokcho', 3510),
       (613, 13, 'credit card with reward', 1017000, 276000, 741000, '2021-03-19 00:00:00', 'DINING', FALSE,
        'seoul', 22230),
       (614, 41, 'credit card', 1994000, 1374000, 620000, '2022-03-13 00:00:00', 'DINING', FALSE, 'busan', 18600),
       (615, 95, 'credit card', 212000, 72000, 140000, '2019-04-15 00:00:00', 'HOTEL', FALSE, 'sokcho', 4200),
       (616, 122, 'credit card with reward', 602000, 216000, 386000, '2021-10-03 00:00:00', 'HOTEL', FALSE,
        'busan', 15440),
       (617, 46, 'reward', 1011000, 66000, 945000, '2018-08-06 00:00:00', 'DINING', FALSE, 'busan', 28350),
       (618, 153, 'credit card', 188000, 164000, 24000, '2019-10-15 00:00:00', 'HOTEL', FALSE, 'seoul', 1200),
       (619, 31, 'cash', 1074000, 508000, 566000, '2021-02-25 00:00:00', 'DINING', FALSE, 'seoul', 16980),
       (620, 145, 'reward', 1307000, 501000, 806000, '2022-03-16 00:00:00', 'HOTEL', FALSE, 'seoul', 40300),
       (621, 72, 'cash with reward', 1716000, 1636000, 80000, '2020-08-14 00:00:00', 'HOTEL', FALSE, 'sokcho',
        2400),
       (622, 133, 'credit card with reward', 930000, 817000, 113000, '2020-02-02 00:00:00', 'DINING', FALSE,
        'sokcho', 3390),
       (623, 128, 'credit card', 967000, 808000, 159000, '2020-02-09 00:00:00', 'DINING', FALSE, 'seoul', 4770),
       (624, 22, 'cash with reward', 1987000, 1707000, 280000, '2020-05-07 00:00:00', 'HOTEL', FALSE, 'seoul',
        8400),
       (625, 5, 'cash with reward', 690000, 192000, 498000, '2018-10-25 00:00:00', 'DINING', FALSE, 'busan',
        14940),
       (626, 165, 'cash', 1986000, 1317000, 669000, '2019-06-02 00:00:00', 'DINING', FALSE, 'sokcho', 20070),
       (627, 9, 'cash with reward', 107000, 61000, 46000, '2022-06-06 00:00:00', 'HOTEL', FALSE, 'sokcho', 1840),
       (628, 108, 'reward', 618000, 92000, 526000, '2022-05-11 00:00:00', 'HOTEL', FALSE, 'seoul', 15780),
       (629, 88, 'credit card', 237000, 191000, 46000, '2021-12-21 00:00:00', 'DINING', FALSE, 'seoul', 1840),
       (630, 136, 'reward', 1266000, 1202000, 64000, '2019-08-15 00:00:00', 'HOTEL', FALSE, 'seoul', 3200),
       (631, 16, 'cash', 1573000, 665000, 908000, '2024-02-06 00:00:00', 'DINING', FALSE, 'sokcho', 27240),
       (632, 15, 'reward', 655000, 222000, 433000, '2020-09-28 00:00:00', 'DINING', FALSE, 'busan', 12990),
       (633, 196, 'cash with reward', 829000, 778000, 51000, '2024-02-28 00:00:00', 'DINING', FALSE, 'busan',
        2550),
       (634, 85, 'cash', 868000, 412000, 456000, '2019-02-12 00:00:00', 'HOTEL', FALSE, 'sokcho', 22800),
       (635, 78, 'reward', 350000, 339000, 11000, '2021-08-08 00:00:00', 'DINING', FALSE, 'seoul', 550),
       (636, 145, 'credit card', 1836000, 923000, 913000, '2022-04-09 00:00:00', 'HOTEL', FALSE, 'sokcho', 45650),
       (637, 31, 'reward', 278000, 95000, 183000, '2020-07-26 00:00:00', 'HOTEL', FALSE, 'seoul', 5490),
       (638, 195, 'credit card with reward', 1637000, 468000, 1169000, '2024-02-26 00:00:00', 'DINING', FALSE,
        'busan', 35070),
       (639, 45, 'cash with reward', 983000, 854000, 129000, '2020-04-25 00:00:00', 'HOTEL', FALSE, 'seoul',
        5160),
       (640, 138, 'cash', 1553000, 1325000, 228000, '2022-08-06 00:00:00', 'DINING', FALSE, 'busan', 6840),
       (641, 101, 'credit card with reward', 1864000, 1524000, 340000, '2023-03-03 00:00:00', 'DINING', FALSE,
        'sokcho', 10200),
       (642, 192, 'cash with reward', 182000, 2000, 180000, '2025-01-03 00:00:00', 'DINING', FALSE, 'sokcho',
        7200),
       (643, 55, 'reward', 674000, 575000, 99000, '2019-02-01 00:00:00', 'HOTEL', FALSE, 'seoul', 3960),
       (644, 102, 'credit card', 1508000, 623000, 885000, '2024-05-07 00:00:00', 'HOTEL', FALSE, 'busan', 26550),
       (645, 74, 'credit card', 290000, 218000, 72000, '2022-10-21 00:00:00', 'HOTEL', FALSE, 'sokcho', 3600),
       (646, 178, 'credit card with reward', 1428000, 916000, 512000, '2022-04-02 00:00:00', 'HOTEL', FALSE,
        'sokcho', 15360),
       (647, 127, 'credit card', 635000, 465000, 170000, '2019-07-15 00:00:00', 'HOTEL', FALSE, 'busan', 6800),
       (648, 161, 'credit card with reward', 151000, 50000, 101000, '2019-03-31 00:00:00', 'HOTEL', FALSE,
        'seoul', 4040),
       (649, 24, 'reward', 253000, 12000, 241000, '2022-11-04 00:00:00', 'DINING', FALSE, 'busan', 7230),
       (650, 182, 'credit card with reward', 1267000, 1132000, 135000, '2024-05-16 00:00:00', 'DINING', FALSE,
        'busan', 4050),
       (651, 98, 'cash', 748000, 350000, 398000, '2022-11-17 00:00:00', 'DINING', FALSE, 'sokcho', 19900),
       (652, 199, 'cash', 1154000, 125000, 1029000, '2021-06-24 00:00:00', 'DINING', FALSE, 'sokcho', 30870),
       (653, 32, 'cash', 157000, 5000, 152000, '2021-05-01 00:00:00', 'HOTEL', FALSE, 'seoul', 7600),
       (654, 167, 'cash with reward', 468000, 8000, 460000, '2019-07-01 00:00:00', 'DINING', FALSE, 'seoul',
        13800),
       (655, 63, 'credit card with reward', 1049000, 780000, 269000, '2022-08-04 00:00:00', 'DINING', FALSE,
        'busan', 8070),
       (656, 87, 'cash', 1278000, 575000, 703000, '2020-06-25 00:00:00', 'HOTEL', FALSE, 'sokcho', 21090),
       (657, 44, 'reward', 886000, 24000, 862000, '2020-10-24 00:00:00', 'HOTEL', FALSE, 'busan', 43100),
       (658, 189, 'cash with reward', 288000, 53000, 235000, '2024-06-10 00:00:00', 'HOTEL', FALSE, 'busan',
        7050),
       (659, 72, 'cash', 1851000, 1102000, 749000, '2020-07-31 00:00:00', 'DINING', FALSE, 'seoul', 22470),
       (660, 3, 'cash', 1565000, 674000, 891000, '2019-07-18 00:00:00', 'HOTEL', FALSE, 'seoul', 26730),
       (661, 15, 'credit card with reward', 1637000, 416000, 1221000, '2021-03-12 00:00:00', 'HOTEL', FALSE,
        'busan', 36630),
       (662, 195, 'credit card', 1820000, 1701000, 119000, '2024-09-24 00:00:00', 'DINING', FALSE, 'seoul', 3570),
       (663, 121, 'credit card', 1981000, 195000, 1786000, '2023-01-23 00:00:00', 'DINING', FALSE, 'seoul',
        53580),
       (664, 183, 'cash with reward', 1325000, 984000, 341000, '2018-08-23 00:00:00', 'HOTEL', FALSE, 'busan',
        10230),
       (665, 133, 'cash with reward', 1005000, 183000, 822000, '2019-07-06 00:00:00', 'DINING', FALSE, 'busan',
        24660),
       (666, 150, 'cash with reward', 1791000, 138000, 1653000, '2021-09-25 00:00:00', 'HOTEL', FALSE, 'seoul',
        49590),
       (667, 26, 'cash with reward', 1845000, 1104000, 741000, '2024-01-17 00:00:00', 'HOTEL', FALSE, 'sokcho',
        22230),
       (668, 4, 'credit card with reward', 1498000, 764000, 734000, '2022-06-15 00:00:00', 'HOTEL', FALSE,
        'sokcho', 22020),
       (669, 128, 'credit card with reward', 1346000, 588000, 758000, '2019-06-07 00:00:00', 'DINING', FALSE,
        'seoul', 22740),
       (670, 23, 'reward', 1723000, 671000, 1052000, '2022-03-19 00:00:00', 'DINING', FALSE, 'seoul', 42080),
       (671, 81, 'reward', 192000, 96000, 96000, '2023-08-23 00:00:00', 'HOTEL', FALSE, 'sokcho', 3840),
       (672, 156, 'reward', 585000, 521000, 64000, '2022-02-21 00:00:00', 'DINING', FALSE, 'busan', 1920),
       (673, 60, 'credit card', 895000, 296000, 599000, '2019-03-15 00:00:00', 'HOTEL', FALSE, 'busan', 17970),
       (674, 118, 'cash with reward', 736000, 567000, 169000, '2019-10-28 00:00:00', 'HOTEL', FALSE, 'sokcho',
        8450),
       (675, 171, 'cash with reward', 1966000, 1575000, 391000, '2023-12-30 00:00:00', 'HOTEL', FALSE, 'busan',
        19550),
       (676, 93, 'cash with reward', 631000, 519000, 112000, '2019-01-16 00:00:00', 'DINING', FALSE, 'seoul',
        3360),
       (677, 12, 'cash', 941000, 930000, 11000, '2020-11-12 00:00:00', 'HOTEL', FALSE, 'seoul', 440),
       (678, 46, 'reward', 1633000, 680000, 953000, '2018-10-14 00:00:00', 'HOTEL', FALSE, 'sokcho', 28590),
       (679, 1, 'reward', 1159000, 899000, 260000, '2022-01-27 00:00:00', 'DINING', FALSE, 'sokcho', 7800),
       (680, 29, 'credit card', 1475000, 1090000, 385000, '2024-01-12 00:00:00', 'HOTEL', FALSE, 'busan', 15400),
       (681, 154, 'credit card with reward', 1590000, 96000, 1494000, '2020-01-28 00:00:00', 'HOTEL', FALSE,
        'sokcho', 44820),
       (682, 188, 'credit card', 348000, 65000, 283000, '2023-04-20 00:00:00', 'HOTEL', FALSE, 'sokcho', 8490),
       (683, 26, 'cash with reward', 557000, 289000, 268000, '2024-01-04 00:00:00', 'HOTEL', FALSE, 'busan',
        8040),
       (684, 88, 'cash', 1446000, 449000, 997000, '2022-09-05 00:00:00', 'DINING', FALSE, 'busan', 39880),
       (685, 144, 'cash', 1583000, 896000, 687000, '2020-09-08 00:00:00', 'DINING', FALSE, 'seoul', 20610),
       (686, 134, 'reward', 1324000, 940000, 384000, '2022-06-30 00:00:00', 'DINING', FALSE, 'seoul', 19200),
       (687, 5, 'cash with reward', 1045000, 320000, 725000, '2018-06-15 00:00:00', 'DINING', FALSE, 'busan',
        21750),
       (688, 47, 'credit card', 1382000, 1339000, 43000, '2023-10-26 00:00:00', 'HOTEL', FALSE, 'seoul', 1720),
       (689, 182, 'credit card', 674000, 567000, 107000, '2024-11-12 00:00:00', 'HOTEL', FALSE, 'sokcho', 3210),
       (690, 118, 'credit card with reward', 1501000, 554000, 947000, '2019-06-09 00:00:00', 'HOTEL', FALSE,
        'busan', 47350),
       (691, 185, 'cash', 1666000, 1441000, 225000, '2020-09-15 00:00:00', 'HOTEL', FALSE, 'seoul', 9000),
       (692, 159, 'reward', 1564000, 1144000, 420000, '2023-09-14 00:00:00', 'HOTEL', FALSE, 'seoul', 12600),
       (693, 3, 'credit card', 295000, 289000, 6000, '2019-05-07 00:00:00', 'DINING', FALSE, 'sokcho', 180),
       (694, 90, 'credit card with reward', 1204000, 327000, 877000, '2023-09-23 00:00:00', 'DINING', FALSE,
        'sokcho', 26310),
       (695, 150, 'reward', 1605000, 301000, 1304000, '2021-07-19 00:00:00', 'HOTEL', FALSE, 'seoul', 39120),
       (696, 42, 'reward', 806000, 778000, 28000, '2023-07-28 00:00:00', 'DINING', FALSE, 'sokcho', 840),
       (697, 72, 'cash', 813000, 561000, 252000, '2020-08-28 00:00:00', 'DINING', FALSE, 'sokcho', 7560),
       (698, 153, 'cash with reward', 1714000, 1616000, 98000, '2020-02-23 00:00:00', 'DINING', FALSE, 'busan',
        4900),
       (699, 110, 'cash with reward', 1422000, 1197000, 225000, '2018-10-13 00:00:00', 'HOTEL', FALSE, 'seoul',
        11250),
       (700, 124, 'cash with reward', 417000, 412000, 5000, '2019-08-01 00:00:00', 'HOTEL', FALSE, 'seoul', 200),
       (701, 22, 'credit card', 1425000, 359000, 1066000, '2020-08-02 00:00:00', 'DINING', FALSE, 'busan', 31980),
       (702, 115, 'credit card with reward', 1022000, 873000, 149000, '2022-11-19 00:00:00', 'DINING', FALSE,
        'busan', 4470),
       (703, 23, 'reward', 894000, 706000, 188000, '2022-05-11 00:00:00', 'DINING', FALSE, 'seoul', 7520),
       (704, 133, 'reward', 1308000, 358000, 950000, '2019-09-25 00:00:00', 'DINING', FALSE, 'sokcho', 28500),
       (705, 85, 'credit card with reward', 697000, 633000, 64000, '2018-07-15 00:00:00', 'HOTEL', FALSE, 'busan',
        3200),
       (706, 145, 'cash with reward', 843000, 573000, 270000, '2022-03-14 00:00:00', 'HOTEL', FALSE, 'seoul',
        13500),
       (707, 73, 'credit card with reward', 1838000, 457000, 1381000, '2020-09-24 00:00:00', 'HOTEL', FALSE,
        'busan', 55240),
       (708, 171, 'credit card with reward', 1348000, 956000, 392000, '2024-03-02 00:00:00', 'DINING', FALSE,
        'busan', 19600),
       (709, 8, 'reward', 1701000, 1625000, 76000, '2022-12-22 00:00:00', 'HOTEL', FALSE, 'sokcho', 3040),
       (710, 93, 'cash with reward', 1112000, 304000, 808000, '2019-01-03 00:00:00', 'HOTEL', FALSE, 'busan',
        24240),
       (711, 82, 'cash', 1755000, 1225000, 530000, '2019-05-12 00:00:00', 'DINING', FALSE, 'seoul', 26500),
       (712, 158, 'credit card', 818000, 486000, 332000, '2024-01-27 00:00:00', 'DINING', FALSE, 'sokcho', 9960),
       (713, 35, 'credit card with reward', 1671000, 493000, 1178000, '2020-07-09 00:00:00', 'HOTEL', FALSE,
        'seoul', 58900),
       (714, 5, 'reward', 639000, 463000, 176000, '2018-03-10 00:00:00', 'HOTEL', FALSE, 'seoul', 5280),
       (715, 60, 'credit card with reward', 701000, 232000, 469000, '2019-06-04 00:00:00', 'DINING', FALSE,
        'seoul', 14070),
       (716, 194, 'cash', 1560000, 241000, 1319000, '2022-11-05 00:00:00', 'HOTEL', FALSE, 'busan', 39570),
       (717, 65, 'credit card with reward', 1432000, 196000, 1236000, '2019-01-28 00:00:00', 'HOTEL', FALSE,
        'sokcho', 49440),
       (718, 83, 'reward', 1596000, 59000, 1537000, '2021-03-20 00:00:00', 'HOTEL', FALSE, 'busan', 46110),
       (719, 132, 'credit card', 1092000, 509000, 583000, '2020-05-14 00:00:00', 'HOTEL', FALSE, 'seoul', 29150),
       (720, 46, 'cash', 1568000, 1230000, 338000, '2019-02-05 00:00:00', 'DINING', FALSE, 'sokcho', 10140),
       (721, 148, 'cash', 982000, 819000, 163000, '2018-08-27 00:00:00', 'DINING', FALSE, 'sokcho', 4890),
       (722, 55, 'cash', 1043000, 586000, 457000, '2019-06-25 00:00:00', 'HOTEL', FALSE, 'busan', 18280),
       (723, 111, 'credit card', 1717000, 1544000, 173000, '2021-02-08 00:00:00', 'HOTEL', FALSE, 'sokcho', 5190),
       (724, 131, 'cash with reward', 1857000, 1439000, 418000, '2019-05-05 00:00:00', 'DINING', FALSE, 'sokcho',
        20900),
       (725, 182, 'credit card', 1350000, 55000, 1295000, '2024-12-07 00:00:00', 'HOTEL', FALSE, 'seoul', 38850),
       (726, 114, 'credit card', 285000, 76000, 209000, '2019-01-04 00:00:00', 'DINING', FALSE, 'busan', 10450),
       (727, 63, 'cash', 434000, 117000, 317000, '2023-07-30 00:00:00', 'DINING', FALSE, 'seoul', 9510),
       (728, 175, 'credit card with reward', 452000, 87000, 365000, '2019-08-28 00:00:00', 'HOTEL', FALSE,
        'sokcho', 10950),
       (729, 139, 'reward', 716000, 33000, 683000, '2023-03-11 00:00:00', 'HOTEL', FALSE, 'busan', 34150),
       (730, 179, 'credit card', 1363000, 776000, 587000, '2019-12-29 00:00:00', 'DINING', FALSE, 'seoul', 29350),
       (731, 67, 'credit card', 1340000, 601000, 739000, '2022-01-20 00:00:00', 'HOTEL', FALSE, 'seoul', 36950),
       (732, 33, 'credit card with reward', 1552000, 909000, 643000, '2019-01-25 00:00:00', 'DINING', FALSE,
        'sokcho', 19290),
       (733, 96, 'credit card', 789000, 397000, 392000, '2020-07-12 00:00:00', 'HOTEL', FALSE, 'busan', 11760),
       (734, 158, 'credit card', 1234000, 239000, 995000, '2023-08-14 00:00:00', 'HOTEL', FALSE, 'seoul', 29850),
       (735, 99, 'cash', 1496000, 67000, 1429000, '2023-04-01 00:00:00', 'DINING', FALSE, 'sokcho', 42870),
       (736, 3, 'credit card', 1644000, 521000, 1123000, '2019-03-29 00:00:00', 'HOTEL', FALSE, 'busan', 33690),
       (737, 11, 'reward', 750000, 205000, 545000, '2020-06-28 00:00:00', 'DINING', FALSE, 'busan', 21800),
       (738, 74, 'cash', 1746000, 493000, 1253000, '2022-04-14 00:00:00', 'DINING', FALSE, 'sokcho', 62650),
       (739, 30, 'cash with reward', 1983000, 1009000, 974000, '2023-01-28 00:00:00', 'HOTEL', FALSE, 'seoul',
        29220),
       (740, 8, 'reward', 1620000, 493000, 1127000, '2023-01-22 00:00:00', 'HOTEL', FALSE, 'sokcho', 45080),
       (741, 146, 'credit card', 1884000, 102000, 1782000, '2021-11-02 00:00:00', 'DINING', FALSE, 'seoul',
        71280),
       (742, 165, 'cash with reward', 799000, 266000, 533000, '2018-12-23 00:00:00', 'DINING', FALSE, 'seoul',
        15990),
       (743, 51, 'credit card', 1151000, 128000, 1023000, '2023-01-19 00:00:00', 'DINING', FALSE, 'busan', 30690),
       (744, 176, 'reward', 1761000, 738000, 1023000, '2019-04-12 00:00:00', 'DINING', FALSE, 'busan', 51150),
       (745, 128, 'cash with reward', 1700000, 455000, 1245000, '2019-10-05 00:00:00', 'HOTEL', FALSE, 'busan',
        37350),
       (746, 148, 'cash', 1763000, 334000, 1429000, '2018-10-29 00:00:00', 'DINING', FALSE, 'busan', 42870),
       (747, 38, 'cash with reward', 179000, 11000, 168000, '2019-11-15 00:00:00', 'DINING', FALSE, 'sokcho',
        8400),
       (748, 28, 'credit card with reward', 1305000, 426000, 879000, '2020-04-20 00:00:00', 'DINING', FALSE,
        'seoul', 26370),
       (749, 195, 'credit card', 1989000, 877000, 1112000, '2024-02-21 00:00:00', 'DINING', FALSE, 'sokcho',
        33360),
       (750, 89, 'credit card with reward', 1835000, 1401000, 434000, '2021-07-08 00:00:00', 'HOTEL', FALSE,
        'seoul', 17360),
       (751, 31, 'credit card', 804000, 339000, 465000, '2020-03-16 00:00:00', 'DINING', FALSE, 'seoul', 13950),
       (752, 77, 'reward', 872000, 695000, 177000, '2022-03-08 00:00:00', 'DINING', FALSE, 'seoul', 5310),
       (753, 182, 'credit card', 254000, 68000, 186000, '2025-02-09 00:00:00', 'HOTEL', FALSE, 'sokcho', 5580),
       (754, 156, 'cash with reward', 601000, 361000, 240000, '2022-01-11 00:00:00', 'HOTEL', FALSE, 'busan',
        7200),
       (755, 88, 'credit card', 1616000, 124000, 1492000, '2022-08-02 00:00:00', 'HOTEL', FALSE, 'sokcho', 59680),
       (756, 29, 'cash', 483000, 115000, 368000, '2023-11-12 00:00:00', 'HOTEL', FALSE, 'sokcho', 14720),
       (757, 79, 'credit card', 1080000, 897000, 183000, '2024-07-18 00:00:00', 'DINING', FALSE, 'seoul', 9150),
       (758, 188, 'reward', 473000, 450000, 23000, '2023-05-29 00:00:00', 'HOTEL', FALSE, 'sokcho', 690),
       (759, 86, 'credit card with reward', 1659000, 463000, 1196000, '2023-06-21 00:00:00', 'DINING', FALSE,
        'busan', 35880),
       (760, 61, 'credit card', 744000, 480000, 264000, '2022-04-25 00:00:00', 'HOTEL', FALSE, 'seoul', 7920),
       (761, 132, 'credit card', 632000, 627000, 5000, '2020-03-08 00:00:00', 'DINING', FALSE, 'sokcho', 250),
       (762, 84, 'credit card with reward', 166000, 70000, 96000, '2021-02-02 00:00:00', 'HOTEL', FALSE, 'sokcho',
        2880),
       (763, 172, 'cash with reward', 447000, 23000, 424000, '2021-08-10 00:00:00', 'HOTEL', FALSE, 'seoul',
        16960),
       (764, 175, 'credit card with reward', 1427000, 855000, 572000, '2019-02-12 00:00:00', 'DINING', FALSE,
        'busan', 17160),
       (765, 14, 'credit card with reward', 1353000, 29000, 1324000, '2022-11-21 00:00:00', 'DINING', FALSE,
        'seoul', 66200),
       (766, 16, 'cash with reward', 207000, 46000, 161000, '2023-09-02 00:00:00', 'DINING', FALSE, 'seoul',
        4830),
       (767, 9, 'credit card with reward', 1835000, 939000, 896000, '2022-01-15 00:00:00', 'HOTEL', FALSE,
        'sokcho', 35840),
       (768, 50, 'credit card', 1544000, 284000, 1260000, '2023-01-29 00:00:00', 'DINING', FALSE, 'sokcho',
        50400),
       (769, 94, 'cash', 772000, 210000, 562000, '2019-12-19 00:00:00', 'DINING', FALSE, 'busan', 22480),
       (770, 111, 'credit card with reward', 319000, 88000, 231000, '2020-12-30 00:00:00', 'DINING', FALSE,
        'seoul', 6930),
       (771, 15, 'reward', 1850000, 1307000, 543000, '2020-10-15 00:00:00', 'HOTEL', FALSE, 'seoul', 16290),
       (772, 91, 'credit card', 1327000, 1091000, 236000, '2021-04-08 00:00:00', 'HOTEL', FALSE, 'busan', 7080),
       (773, 119, 'credit card with reward', 978000, 263000, 715000, '2022-04-06 00:00:00', 'DINING', FALSE,
        'sokcho', 21450),
       (774, 98, 'reward', 279000, 91000, 188000, '2022-11-12 00:00:00', 'HOTEL', FALSE, 'busan', 9400),
       (775, 115, 'cash', 254000, 4000, 250000, '2023-11-08 00:00:00', 'HOTEL', FALSE, 'seoul', 7500),
       (776, 15, 'cash with reward', 482000, 137000, 345000, '2021-01-24 00:00:00', 'DINING', FALSE, 'sokcho',
        10350),
       (777, 131, 'credit card with reward', 156000, 28000, 128000, '2020-01-10 00:00:00', 'HOTEL', FALSE,
        'sokcho', 6400),
       (778, 95, 'credit card with reward', 149000, 132000, 17000, '2019-10-31 00:00:00', 'DINING', FALSE,
        'busan', 510),
       (779, 30, 'credit card', 358000, 87000, 271000, '2023-11-01 00:00:00', 'DINING', FALSE, 'busan', 8130),
       (780, 175, 'reward', 243000, 102000, 141000, '2019-03-16 00:00:00', 'DINING', FALSE, 'seoul', 4230),
       (781, 107, 'credit card with reward', 916000, 580000, 336000, '2022-08-26 00:00:00', 'DINING', FALSE,
        'busan', 10080),
       (782, 32, 'credit card', 207000, 10000, 197000, '2020-12-21 00:00:00', 'DINING', FALSE, 'sokcho', 9850),
       (783, 193, 'credit card', 1457000, 1298000, 159000, '2023-11-01 00:00:00', 'DINING', FALSE, 'seoul', 7950),
       (784, 155, 'credit card with reward', 1206000, 347000, 859000, '2021-03-20 00:00:00', 'DINING', FALSE,
        'seoul', 34360),
       (785, 198, 'credit card with reward', 808000, 37000, 771000, '2019-12-19 00:00:00', 'HOTEL', FALSE,
        'busan', 23130),
       (786, 36, 'cash with reward', 1115000, 927000, 188000, '2024-06-19 00:00:00', 'HOTEL', FALSE, 'busan',
        5640),
       (787, 55, 'cash with reward', 108000, 59000, 49000, '2018-08-20 00:00:00', 'DINING', FALSE, 'sokcho',
        1960),
       (788, 34, 'credit card', 938000, 764000, 174000, '2022-07-26 00:00:00', 'HOTEL', FALSE, 'busan', 6960),
       (789, 44, 'credit card', 1693000, 1575000, 118000, '2021-03-11 00:00:00', 'HOTEL', FALSE, 'busan', 5900),
       (790, 157, 'credit card with reward', 1634000, 636000, 998000, '2021-09-03 00:00:00', 'HOTEL', FALSE,
        'seoul', 39920),
       (791, 45, 'credit card', 1171000, 118000, 1053000, '2020-05-31 00:00:00', 'HOTEL', FALSE, 'seoul', 42120),
       (792, 83, 'cash with reward', 881000, 406000, 475000, '2020-10-21 00:00:00', 'DINING', FALSE, 'seoul',
        14250),
       (793, 143, 'cash with reward', 1322000, 361000, 961000, '2023-09-04 00:00:00', 'HOTEL', FALSE, 'busan',
        48050),
       (794, 78, 'cash', 1838000, 1547000, 291000, '2021-07-31 00:00:00', 'HOTEL', FALSE, 'sokcho', 14550),
       (795, 178, 'reward', 1164000, 968000, 196000, '2022-06-18 00:00:00', 'DINING', FALSE, 'busan', 5880),
       (796, 11, 'reward', 156000, 142000, 14000, '2020-08-04 00:00:00', 'HOTEL', FALSE, 'seoul', 560),
       (797, 177, 'credit card with reward', 801000, 423000, 378000, '2024-04-23 00:00:00', 'DINING', FALSE,
        'seoul', 11340),
       (798, 85, 'credit card', 369000, 177000, 192000, '2019-01-31 00:00:00', 'DINING', FALSE, 'sokcho', 9600),
       (799, 57, 'reward', 109000, 12000, 97000, '2022-12-30 00:00:00', 'HOTEL', FALSE, 'seoul', 2910),
       (800, 197, 'cash with reward', 145000, 9000, 136000, '2019-02-01 00:00:00', 'DINING', FALSE, 'sokcho',
        6800),
       (801, 185, 'cash', 772000, 62000, 710000, '2020-01-22 00:00:00', 'HOTEL', FALSE, 'busan', 28400),
       (802, 21, 'credit card with reward', 1071000, 1009000, 62000, '2022-10-08 00:00:00', 'HOTEL', FALSE,
        'sokcho', 3100),
       (803, 104, 'cash', 892000, 734000, 158000, '2023-04-01 00:00:00', 'HOTEL', FALSE, 'seoul', 4740),
       (804, 54, 'reward', 173000, 23000, 150000, '2019-03-31 00:00:00', 'DINING', FALSE, 'busan', 6000),
       (805, 38, 'cash', 442000, 193000, 249000, '2019-02-17 00:00:00', 'HOTEL', FALSE, 'seoul', 12450),
       (806, 97, 'credit card', 1544000, 101000, 1443000, '2020-08-20 00:00:00', 'HOTEL', FALSE, 'busan', 57720),
       (807, 39, 'cash with reward', 1092000, 722000, 370000, '2023-10-26 00:00:00', 'HOTEL', FALSE, 'sokcho',
        14800),
       (808, 12, 'credit card with reward', 662000, 459000, 203000, '2021-07-02 00:00:00', 'HOTEL', FALSE,
        'sokcho', 8120),
       (809, 124, 'cash', 1898000, 1318000, 580000, '2019-12-05 00:00:00', 'HOTEL', FALSE, 'seoul', 23200),
       (810, 98, 'cash', 1131000, 1051000, 80000, '2023-08-14 00:00:00', 'HOTEL', FALSE, 'sokcho', 4000),
       (811, 109, 'reward', 1467000, 1112000, 355000, '2024-06-29 00:00:00', 'HOTEL', FALSE, 'seoul', 10650),
       (812, 45, 'cash', 1735000, 420000, 1315000, '2020-07-13 00:00:00', 'DINING', FALSE, 'sokcho', 52600),
       (813, 35, 'cash with reward', 1949000, 1584000, 365000, '2019-08-02 00:00:00', 'HOTEL', FALSE, 'busan',
        18250),
       (814, 107, 'credit card', 464000, 435000, 29000, '2021-12-28 00:00:00', 'DINING', FALSE, 'sokcho', 870),
       (815, 129, 'cash with reward', 720000, 104000, 616000, '2022-05-28 00:00:00', 'DINING', FALSE, 'seoul',
        18480),
       (816, 75, 'cash with reward', 980000, 538000, 442000, '2021-06-29 00:00:00', 'DINING', FALSE, 'busan',
        13260),
       (817, 55, 'credit card', 942000, 807000, 135000, '2018-09-05 00:00:00', 'DINING', FALSE, 'sokcho', 5400),
       (818, 173, 'cash with reward', 636000, 454000, 182000, '2018-10-20 00:00:00', 'DINING', FALSE, 'seoul',
        5460),
       (819, 141, 'reward', 1090000, 119000, 971000, '2023-06-07 00:00:00', 'DINING', FALSE, 'sokcho', 29130),
       (820, 189, 'cash', 1016000, 145000, 871000, '2024-07-16 00:00:00', 'HOTEL', FALSE, 'busan', 26130),
       (821, 195, 'credit card', 1385000, 98000, 1287000, '2024-05-17 00:00:00', 'HOTEL', FALSE, 'sokcho', 38610),
       (822, 139, 'credit card with reward', 1614000, 1520000, 94000, '2023-05-08 00:00:00', 'HOTEL', FALSE,
        'busan', 4700),
       (823, 185, 'reward', 1540000, 791000, 749000, '2020-11-06 00:00:00', 'DINING', FALSE, 'busan', 29960),
       (824, 56, 'credit card', 1274000, 377000, 897000, '2023-01-29 00:00:00', 'DINING', FALSE, 'busan', 26910),
       (825, 174, 'reward', 1993000, 1119000, 874000, '2023-09-06 00:00:00', 'DINING', FALSE, 'seoul', 26220),
       (826, 85, 'credit card', 493000, 456000, 37000, '2019-02-03 00:00:00', 'HOTEL', FALSE, 'sokcho', 1850),
       (827, 155, 'cash', 1634000, 796000, 838000, '2021-06-01 00:00:00', 'HOTEL', FALSE, 'sokcho', 33520),
       (828, 112, 'credit card with reward', 1301000, 58000, 1243000, '2022-09-14 00:00:00', 'DINING', FALSE,
        'busan', 37290),
       (829, 138, 'cash with reward', 1226000, 728000, 498000, '2022-11-21 00:00:00', 'HOTEL', FALSE, 'busan',
        14940),
       (830, 200, 'cash', 1069000, 76000, 993000, '2024-03-27 00:00:00', 'HOTEL', FALSE, 'sokcho', 29790),
       (831, 116, 'credit card with reward', 577000, 233000, 344000, '2024-02-23 00:00:00', 'DINING', FALSE,
        'sokcho', 10320),
       (832, 127, 'credit card with reward', 1730000, 1382000, 348000, '2019-08-24 00:00:00', 'DINING', FALSE,
        'seoul', 13920),
       (833, 132, 'credit card', 1370000, 1124000, 246000, '2020-10-02 00:00:00', 'HOTEL', FALSE, 'busan', 12300),
       (834, 110, 'cash', 1160000, 695000, 465000, '2018-08-24 00:00:00', 'HOTEL', FALSE, 'seoul', 23250),
       (835, 178, 'cash', 1675000, 1368000, 307000, '2022-04-06 00:00:00', 'DINING', FALSE, 'sokcho', 9210),
       (836, 187, 'reward', 1001000, 688000, 313000, '2024-09-25 00:00:00', 'HOTEL', FALSE, 'seoul', 12520),
       (837, 90, 'credit card', 983000, 329000, 654000, '2022-12-22 00:00:00', 'DINING', FALSE, 'seoul', 19620),
       (838, 92, 'reward', 1496000, 620000, 876000, '2022-08-02 00:00:00', 'HOTEL', FALSE, 'sokcho', 43800),
       (839, 109, 'cash', 1397000, 179000, 1218000, '2024-05-28 00:00:00', 'DINING', FALSE, 'busan', 36540),
       (840, 61, 'reward', 1311000, 462000, 849000, '2021-09-04 00:00:00', 'HOTEL', FALSE, 'busan', 25470),
       (841, 55, 'credit card', 1847000, 572000, 1275000, '2019-04-04 00:00:00', 'HOTEL', FALSE, 'sokcho', 51000),
       (842, 57, 'credit card with reward', 1706000, 481000, 1225000, '2023-04-23 00:00:00', 'HOTEL', FALSE,
        'busan', 36750),
       (843, 121, 'credit card', 131000, 34000, 97000, '2023-06-22 00:00:00', 'HOTEL', FALSE, 'busan', 2910),
       (844, 102, 'credit card with reward', 1977000, 202000, 1775000, '2023-10-31 00:00:00', 'HOTEL', FALSE,
        'busan', 53250),
       (845, 138, 'credit card with reward', 664000, 154000, 510000, '2022-10-26 00:00:00', 'DINING', FALSE,
        'busan', 15300),
       (846, 45, 'cash', 955000, 752000, 203000, '2020-05-04 00:00:00', 'HOTEL', FALSE, 'busan', 8120),
       (847, 115, 'reward', 1880000, 377000, 1503000, '2023-06-08 00:00:00', 'HOTEL', FALSE, 'sokcho', 45090),
       (848, 83, 'cash with reward', 1844000, 1828000, 16000, '2020-09-27 00:00:00', 'HOTEL', FALSE, 'sokcho',
        480),
       (849, 166, 'credit card with reward', 451000, 89000, 362000, '2023-08-15 00:00:00', 'HOTEL', FALSE,
        'sokcho', 18100),
       (850, 52, 'credit card with reward', 103000, 10000, 93000, '2023-10-13 00:00:00', 'DINING', FALSE, 'seoul',
        2790),
       (851, 46, 'cash', 717000, 400000, 317000, '2018-09-16 00:00:00', 'HOTEL', FALSE, 'seoul', 9510),
       (852, 194, 'reward', 1356000, 1083000, 273000, '2022-08-25 00:00:00', 'HOTEL', FALSE, 'sokcho', 8190),
       (853, 132, 'credit card', 816000, 791000, 25000, '2020-06-08 00:00:00', 'DINING', FALSE, 'busan', 1250),
       (854, 49, 'cash', 166000, 154000, 12000, '2018-10-31 00:00:00', 'HOTEL', FALSE, 'busan', 600),
       (855, 158, 'cash with reward', 244000, 59000, 185000, '2023-08-24 00:00:00', 'HOTEL', FALSE, 'busan',
        5550),
       (856, 13, 'reward', 190000, 44000, 146000, '2021-08-16 00:00:00', 'HOTEL', FALSE, 'seoul', 4380),
       (857, 128, 'credit card with reward', 1684000, 1465000, 219000, '2020-01-30 00:00:00', 'DINING', FALSE,
        'sokcho', 6570),
       (858, 5, 'cash with reward', 856000, 362000, 494000, '2018-11-28 00:00:00', 'HOTEL', FALSE, 'busan',
        14820),
       (859, 89, 'reward', 103000, 74000, 29000, '2021-06-25 00:00:00', 'DINING', FALSE, 'sokcho', 1160),
       (860, 113, 'credit card', 127000, 8000, 119000, '2022-05-17 00:00:00', 'DINING', FALSE, 'busan', 4760),
       (861, 1, 'cash with reward', 1773000, 804000, 969000, '2022-04-26 00:00:00', 'DINING', FALSE, 'busan',
        29070),
       (862, 7, 'credit card', 1948000, 590000, 1358000, '2022-07-17 00:00:00', 'DINING', FALSE, 'busan', 54320),
       (863, 133, 'credit card with reward', 325000, 85000, 240000, '2020-02-10 00:00:00', 'DINING', FALSE,
        'seoul', 7200),
       (864, 60, 'credit card with reward', 1665000, 1527000, 138000, '2019-01-05 00:00:00', 'HOTEL', FALSE,
        'busan', 4140),
       (865, 159, 'credit card', 1314000, 383000, 931000, '2023-09-27 00:00:00', 'DINING', FALSE, 'busan', 27930),
       (866, 17, 'credit card', 1158000, 914000, 244000, '2024-01-22 00:00:00', 'DINING', FALSE, 'busan', 7320),
       (867, 193, 'credit card with reward', 1510000, 224000, 1286000, '2023-07-25 00:00:00', 'HOTEL', FALSE,
        'seoul', 64300),
       (868, 79, 'credit card', 305000, 62000, 243000, '2024-09-30 00:00:00', 'DINING', FALSE, 'sokcho', 12150),
       (869, 156, 'credit card', 1857000, 365000, 1492000, '2022-02-17 00:00:00', 'HOTEL', FALSE, 'seoul', 44760),
       (870, 99, 'cash', 409000, 345000, 64000, '2023-10-09 00:00:00', 'HOTEL', FALSE, 'sokcho', 1920),
       (871, 75, 'credit card with reward', 890000, 445000, 445000, '2022-03-05 00:00:00', 'HOTEL', FALSE,
        'seoul', 13350),
       (872, 193, 'cash with reward', 967000, 234000, 733000, '2023-11-25 00:00:00', 'HOTEL', FALSE, 'busan',
        36650),
       (873, 47, 'cash', 654000, 93000, 561000, '2024-05-23 00:00:00', 'DINING', FALSE, 'seoul', 22440),
       (874, 4, 'cash', 635000, 629000, 6000, '2022-03-20 00:00:00', 'HOTEL', FALSE, 'sokcho', 180),
       (875, 137, 'credit card', 978000, 77000, 901000, '2020-03-22 00:00:00', 'HOTEL', FALSE, 'busan', 36040),
       (876, 125, 'credit card with reward', 269000, 78000, 191000, '2021-05-21 00:00:00', 'DINING', FALSE,
        'seoul', 7640),
       (877, 157, 'cash with reward', 348000, 44000, 304000, '2022-07-01 00:00:00', 'HOTEL', FALSE, 'sokcho',
        12160),
       (878, 120, 'credit card with reward', 1972000, 1656000, 316000, '2024-09-16 00:00:00', 'DINING', FALSE,
        'sokcho', 15800),
       (879, 3, 'credit card', 1214000, 896000, 318000, '2019-12-12 00:00:00', 'HOTEL', FALSE, 'sokcho', 9540),
       (880, 2, 'credit card with reward', 192000, 178000, 14000, '2022-02-17 00:00:00', 'DINING', FALSE, 'busan',
        420),
       (881, 142, 'credit card', 1644000, 162000, 1482000, '2021-12-04 00:00:00', 'HOTEL', FALSE, 'seoul', 74100),
       (882, 88, 'cash with reward', 409000, 264000, 145000, '2021-12-03 00:00:00', 'DINING', FALSE, 'seoul',
        5800),
       (883, 105, 'cash with reward', 164000, 85000, 79000, '2018-10-10 00:00:00', 'HOTEL', FALSE, 'busan', 2370),
       (884, 143, 'reward', 1452000, 451000, 1001000, '2024-04-22 00:00:00', 'DINING', FALSE, 'seoul', 50050),
       (885, 119, 'credit card', 1807000, 1661000, 146000, '2021-05-31 00:00:00', 'HOTEL', FALSE, 'seoul', 4380),
       (886, 200, 'credit card', 264000, 193000, 71000, '2023-12-01 00:00:00', 'DINING', FALSE, 'seoul', 2130),
       (887, 95, 'cash with reward', 1277000, 327000, 950000, '2019-07-24 00:00:00', 'DINING', FALSE, 'busan',
        28500),
       (888, 16, 'reward', 1376000, 1338000, 38000, '2024-01-12 00:00:00', 'HOTEL', FALSE, 'busan', 1140),
       (889, 155, 'credit card with reward', 1459000, 895000, 564000, '2021-01-24 00:00:00', 'DINING', FALSE,
        'busan', 22560),
       (890, 173, 'reward', 815000, 443000, 372000, '2018-12-06 00:00:00', 'HOTEL', FALSE, 'seoul', 11160),
       (891, 192, 'credit card with reward', 1092000, 453000, 639000, '2024-10-13 00:00:00', 'HOTEL', FALSE,
        'busan', 25560),
       (892, 18, 'credit card with reward', 1968000, 346000, 1622000, '2020-01-16 00:00:00', 'DINING', FALSE,
        'sokcho', 64880),
       (893, 165, 'reward', 535000, 98000, 437000, '2018-10-07 00:00:00', 'DINING', FALSE, 'seoul', 13110),
       (894, 48, 'cash with reward', 1922000, 762000, 1160000, '2024-10-28 00:00:00', 'HOTEL', FALSE, 'seoul',
        34800),
       (895, 158, 'credit card', 123000, 19000, 104000, '2023-06-12 00:00:00', 'HOTEL', FALSE, 'sokcho', 3120),
       (896, 170, 'cash with reward', 1070000, 91000, 979000, '2021-08-08 00:00:00', 'HOTEL', FALSE, 'seoul',
        29370),
       (897, 13, 'credit card with reward', 1859000, 1734000, 125000, '2021-04-08 00:00:00', 'HOTEL', FALSE,
        'busan', 3750),
       (898, 63, 'cash', 332000, 126000, 206000, '2022-08-22 00:00:00', 'HOTEL', FALSE, 'seoul', 6180),
       (899, 175, 'cash', 258000, 181000, 77000, '2019-07-03 00:00:00', 'HOTEL', FALSE, 'seoul', 2310),
       (900, 129, 'credit card with reward', 1237000, 83000, 1154000, '2021-09-24 00:00:00', 'DINING', FALSE,
        'sokcho', 34620),
       (901, 190, 'reward', 867000, 164000, 703000, '2020-11-15 00:00:00', 'DINING', FALSE, 'busan', 35150),
       (902, 28, 'credit card with reward', 1359000, 306000, 1053000, '2020-03-27 00:00:00', 'DINING', FALSE,
        'seoul', 31590),
       (903, 69, 'cash with reward', 1210000, 338000, 872000, '2019-04-15 00:00:00', 'HOTEL', FALSE, 'busan',
        34880),
       (904, 81, 'credit card', 1487000, 325000, 1162000, '2023-05-06 00:00:00', 'HOTEL', FALSE, 'sokcho', 46480),
       (905, 62, 'credit card with reward', 969000, 957000, 12000, '2019-12-30 00:00:00', 'HOTEL', FALSE,
        'sokcho', 360),
       (906, 148, 'reward', 718000, 260000, 458000, '2018-08-09 00:00:00', 'HOTEL', FALSE, 'sokcho', 13740),
       (907, 91, 'credit card with reward', 487000, 201000, 286000, '2021-07-16 00:00:00', 'HOTEL', FALSE,
        'busan', 8580),
       (908, 5, 'reward', 566000, 3000, 563000, '2018-11-06 00:00:00', 'HOTEL', FALSE, 'seoul', 16890),
       (909, 24, 'credit card', 1722000, 320000, 1402000, '2023-03-29 00:00:00', 'DINING', FALSE, 'seoul', 42060),
       (910, 111, 'cash with reward', 351000, 323000, 28000, '2021-04-20 00:00:00', 'HOTEL', FALSE, 'sokcho',
        840),
       (911, 97, 'reward', 1704000, 1303000, 401000, '2020-11-11 00:00:00', 'DINING', FALSE, 'busan', 16040),
       (912, 54, 'cash', 1769000, 1019000, 750000, '2018-10-10 00:00:00', 'HOTEL', FALSE, 'seoul', 30000),
       (913, 121, 'cash with reward', 1135000, 42000, 1093000, '2023-05-04 00:00:00', 'DINING', FALSE, 'sokcho',
        32790),
       (914, 60, 'cash with reward', 1001000, 194000, 807000, '2018-10-05 00:00:00', 'HOTEL', FALSE, 'seoul',
        24210),
       (915, 127, 'cash', 1696000, 46000, 1650000, '2019-03-25 00:00:00', 'HOTEL', FALSE, 'sokcho', 66000),
       (916, 55, 'credit card with reward', 491000, 464000, 27000, '2018-08-10 00:00:00', 'HOTEL', FALSE,
        'sokcho', 1080),
       (917, 70, 'cash with reward', 1915000, 1408000, 507000, '2019-12-22 00:00:00', 'HOTEL', FALSE, 'seoul',
        25350),
       (918, 79, 'cash', 754000, 411000, 343000, '2024-10-13 00:00:00', 'DINING', FALSE, 'sokcho', 17150),
       (919, 19, 'reward', 587000, 195000, 392000, '2021-05-12 00:00:00', 'HOTEL', FALSE, 'seoul', 15680),
       (920, 152, 'credit card', 999000, 865000, 134000, '2023-03-26 00:00:00', 'HOTEL', FALSE, 'sokcho', 4020),
       (921, 163, 'cash with reward', 1208000, 25000, 1183000, '2024-07-05 00:00:00', 'DINING', FALSE, 'busan',
        47320),
       (922, 171, 'credit card', 529000, 282000, 247000, '2024-04-25 00:00:00', 'DINING', FALSE, 'seoul', 12350),
       (923, 86, 'credit card with reward', 207000, 28000, 179000, '2023-02-22 00:00:00', 'DINING', FALSE,
        'seoul', 5370),
       (924, 199, 'reward', 1893000, 44000, 1849000, '2021-07-28 00:00:00', 'HOTEL', FALSE, 'seoul', 55470),
       (925, 12, 'cash with reward', 1229000, 1017000, 212000, '2021-01-17 00:00:00', 'DINING', FALSE, 'seoul',
        8480),
       (926, 144, 'cash with reward', 347000, 343000, 4000, '2020-11-05 00:00:00', 'HOTEL', FALSE, 'sokcho', 120),
       (927, 25, 'cash', 344000, 56000, 288000, '2023-07-29 00:00:00', 'HOTEL', FALSE, 'seoul', 14400),
       (928, 9, 'credit card', 1020000, 751000, 269000, '2022-03-20 00:00:00', 'DINING', FALSE, 'sokcho', 10760),
       (929, 164, 'credit card', 378000, 12000, 366000, '2023-09-10 00:00:00', 'HOTEL', FALSE, 'sokcho', 18300),
       (930, 179, 'credit card', 1550000, 1069000, 481000, '2020-02-25 00:00:00', 'DINING', FALSE, 'busan',
        24050),
       (931, 42, 'cash', 1274000, 700000, 574000, '2023-10-26 00:00:00', 'HOTEL', FALSE, 'seoul', 17220),
       (932, 112, 'cash', 1691000, 410000, 1281000, '2021-09-27 00:00:00', 'DINING', FALSE, 'seoul', 38430),
       (933, 141, 'cash with reward', 1015000, 567000, 448000, '2023-04-15 00:00:00', 'DINING', FALSE, 'busan',
        13440),
       (934, 175, 'reward', 610000, 468000, 142000, '2019-11-18 00:00:00', 'HOTEL', FALSE, 'sokcho', 4260),
       (935, 60, 'credit card with reward', 1420000, 1145000, 275000, '2018-12-17 00:00:00', 'HOTEL', FALSE,
        'sokcho', 8250),
       (936, 97, 'cash', 1678000, 775000, 903000, '2021-03-04 00:00:00', 'HOTEL', FALSE, 'sokcho', 36120),
       (937, 41, 'credit card', 256000, 154000, 102000, '2022-04-12 00:00:00', 'HOTEL', FALSE, 'sokcho', 3060),
       (938, 111, 'cash with reward', 1314000, 565000, 749000, '2021-02-07 00:00:00', 'DINING', FALSE, 'sokcho',
        22470),
       (939, 154, 'reward', 164000, 14000, 150000, '2020-07-08 00:00:00', 'DINING', FALSE, 'seoul', 4500),
       (940, 53, 'cash', 1723000, 1703000, 20000, '2021-04-28 00:00:00', 'HOTEL', FALSE, 'seoul', 600),
       (941, 63, 'cash with reward', 754000, 361000, 393000, '2022-11-27 00:00:00', 'HOTEL', FALSE, 'sokcho',
        11790),
       (942, 192, 'cash', 899000, 671000, 228000, '2025-03-01 00:00:00', 'HOTEL', FALSE, 'seoul', 9120),
       (943, 82, 'cash', 1787000, 1270000, 517000, '2018-07-30 00:00:00', 'DINING', FALSE, 'seoul', 25850),
       (944, 148, 'cash with reward', 1386000, 225000, 1161000, '2018-11-15 00:00:00', 'HOTEL', FALSE, 'seoul',
        34830),
       (945, 105, 'cash with reward', 1895000, 1796000, 99000, '2019-05-10 00:00:00', 'HOTEL', FALSE, 'busan',
        2970),
       (946, 173, 'reward', 1508000, 819000, 689000, '2018-11-10 00:00:00', 'DINING', FALSE, 'sokcho', 20670),
       (947, 174, 'credit card', 802000, 628000, 174000, '2023-09-28 00:00:00', 'HOTEL', FALSE, 'busan', 5220),
       (948, 162, 'cash with reward', 1034000, 57000, 977000, '2022-05-15 00:00:00', 'DINING', FALSE, 'sokcho',
        29310),
       (949, 99, 'reward', 773000, 293000, 480000, '2023-10-28 00:00:00', 'DINING', FALSE, 'sokcho', 14400),
       (950, 88, 'credit card', 1310000, 827000, 483000, '2022-02-26 00:00:00', 'HOTEL', FALSE, 'busan', 19320),
       (951, 71, 'cash', 209000, 86000, 123000, '2020-02-16 00:00:00', 'DINING', FALSE, 'sokcho', 3690),
       (952, 180, 'cash', 1176000, 905000, 271000, '2019-06-19 00:00:00', 'HOTEL', FALSE, 'busan', 13550),
       (953, 186, 'cash', 274000, 30000, 244000, '2023-08-18 00:00:00', 'DINING', FALSE, 'busan', 7320),
       (954, 190, 'cash', 910000, 398000, 512000, '2020-03-17 00:00:00', 'HOTEL', FALSE, 'seoul', 25600),
       (955, 200, 'credit card with reward', 1759000, 1657000, 102000, '2024-07-08 00:00:00', 'DINING', FALSE,
        'sokcho', 3060),
       (956, 67, 'reward', 566000, 390000, 176000, '2022-03-17 00:00:00', 'HOTEL', FALSE, 'busan', 8800),
       (957, 2, 'credit card with reward', 464000, 26000, 438000, '2021-12-08 00:00:00', 'HOTEL', FALSE, 'sokcho',
        13140),
       (958, 57, 'credit card', 142000, 2000, 140000, '2023-07-13 00:00:00', 'HOTEL', FALSE, 'busan', 4200),
       (959, 144, 'cash', 370000, 358000, 12000, '2020-08-21 00:00:00', 'HOTEL', FALSE, 'busan', 360),
       (960, 73, 'reward', 442000, 256000, 186000, '2021-04-11 00:00:00', 'DINING', FALSE, 'busan', 7440),
       (961, 129, 'cash', 1237000, 804000, 433000, '2021-10-25 00:00:00', 'HOTEL', FALSE, 'seoul', 12990),
       (962, 184, 'reward', 981000, 715000, 266000, '2024-11-05 00:00:00', 'DINING', FALSE, 'seoul', 7980),
       (963, 200, 'credit card', 1830000, 178000, 1652000, '2024-09-03 00:00:00', 'DINING', FALSE, 'busan',
        49560),
       (964, 19, 'cash', 790000, 665000, 125000, '2021-05-07 00:00:00', 'DINING', FALSE, 'sokcho', 5000),
       (965, 132, 'credit card with reward', 574000, 336000, 238000, '2019-12-23 00:00:00', 'HOTEL', FALSE,
        'seoul', 11900),
       (966, 8, 'reward', 548000, 530000, 18000, '2023-09-19 00:00:00', 'HOTEL', FALSE, 'sokcho', 720),
       (967, 130, 'reward', 903000, 404000, 499000, '2023-01-21 00:00:00', 'DINING', FALSE, 'busan', 19960),
       (968, 167, 'cash', 1591000, 5000, 1586000, '2019-06-15 00:00:00', 'DINING', FALSE, 'seoul', 47580),
       (969, 133, 'reward', 1647000, 603000, 1044000, '2020-02-09 00:00:00', 'DINING', FALSE, 'sokcho', 31320),
       (970, 51, 'credit card', 879000, 104000, 775000, '2023-01-20 00:00:00', 'HOTEL', FALSE, 'busan', 23250),
       (971, 114, 'credit card with reward', 1996000, 833000, 1163000, '2018-03-03 00:00:00', 'HOTEL', FALSE,
        'sokcho', 58150),
       (972, 105, 'cash', 996000, 667000, 329000, '2018-09-05 00:00:00', 'HOTEL', FALSE, 'sokcho', 9870),
       (973, 185, 'credit card with reward', 359000, 156000, 203000, '2020-03-22 00:00:00', 'HOTEL', FALSE,
        'busan', 8120),
       (974, 48, 'reward', 1996000, 1196000, 800000, '2024-11-09 00:00:00', 'DINING', FALSE, 'sokcho', 24000),
       (975, 12, 'reward', 1165000, 466000, 699000, '2021-05-14 00:00:00', 'DINING', FALSE, 'busan', 27960),
       (976, 140, 'cash', 1988000, 876000, 1112000, '2023-03-14 00:00:00', 'DINING', FALSE, 'seoul', 55600),
       (977, 139, 'cash with reward', 225000, 119000, 106000, '2023-04-27 00:00:00', 'HOTEL', FALSE, 'busan',
        5300),
       (978, 98, 'credit card', 1199000, 195000, 1004000, '2023-06-06 00:00:00', 'DINING', FALSE, 'seoul', 50200),
       (979, 188, 'reward', 712000, 140000, 572000, '2022-09-23 00:00:00', 'DINING', FALSE, 'sokcho', 17160),
       (980, 50, 'credit card', 1127000, 533000, 594000, '2023-04-28 00:00:00', 'HOTEL', FALSE, 'busan', 23760),
       (981, 25, 'credit card with reward', 1907000, 64000, 1843000, '2023-01-21 00:00:00', 'HOTEL', FALSE,
        'seoul', 92150),
       (982, 47, 'cash with reward', 633000, 38000, 595000, '2023-09-21 00:00:00', 'HOTEL', FALSE, 'sokcho',
        23800),
       (983, 138, 'cash', 800000, 402000, 398000, '2022-07-12 00:00:00', 'DINING', FALSE, 'sokcho', 11940),
       (984, 145, 'reward', 508000, 93000, 415000, '2021-07-30 00:00:00', 'HOTEL', FALSE, 'sokcho', 20750),
       (985, 97, 'reward', 648000, 134000, 514000, '2021-02-14 00:00:00', 'DINING', FALSE, 'sokcho', 20560),
       (986, 100, 'cash with reward', 1028000, 40000, 988000, '2023-08-11 00:00:00', 'HOTEL', FALSE, 'sokcho',
        29640),
       (987, 123, 'credit card with reward', 1475000, 927000, 548000, '2018-11-24 00:00:00', 'HOTEL', FALSE,
        'seoul', 27400),
       (988, 135, 'credit card with reward', 1941000, 1215000, 726000, '2020-06-13 00:00:00', 'DINING', FALSE,
        'sokcho', 21780),
       (989, 159, 'cash', 1419000, 527000, 892000, '2023-12-28 00:00:00', 'HOTEL', FALSE, 'seoul', 26760),
       (990, 164, 'credit card', 1878000, 906000, 972000, '2024-05-16 00:00:00', 'HOTEL', FALSE, 'sokcho', 48600),
       (991, 175, 'credit card with reward', 917000, 313000, 604000, '2019-12-25 00:00:00', 'HOTEL', FALSE,
        'seoul', 18120),
       (992, 73, 'cash', 828000, 685000, 143000, '2020-11-25 00:00:00', 'DINING', FALSE, 'busan', 5720),
       (993, 163, 'reward', 1606000, 819000, 787000, '2025-02-24 00:00:00', 'DINING', FALSE, 'busan', 31480),
       (994, 96, 'cash', 1056000, 690000, 366000, '2020-04-18 00:00:00', 'HOTEL', FALSE, 'sokcho', 10980),
       (995, 34, 'cash with reward', 187000, 74000, 113000, '2023-01-23 00:00:00', 'HOTEL', FALSE, 'busan', 4520),
       (996, 151, 'credit card', 1723000, 739000, 984000, '2020-12-11 00:00:00', 'HOTEL', FALSE, 'busan', 29520),
       (997, 29, 'credit card', 1031000, 440000, 591000, '2023-11-02 00:00:00', 'DINING', FALSE, 'seoul', 23640),
       (998, 20, 'credit card with reward', 462000, 177000, 285000, '2019-03-30 00:00:00', 'DINING', FALSE,
        'seoul', 8550),
       (999, 183, 'cash', 1972000, 1856000, 116000, '2018-08-05 00:00:00', 'DINING', FALSE, 'busan', 3480),
       (1000, 187, 'credit card', 143000, 6000, 137000, '2024-03-08 00:00:00', 'DINING', FALSE, 'busan', 5480);

INSERT INTO hotel_room (id, hotel, address, room_number, room_type)
VALUES (1, 'SEOUL', 'SEOUL GANGNAM', 1701, 'SUPERIOR'),
       (2, 'BUSAN', 'BUSAN HEAUNDEA', 1612, 'EXECUTIVE_SUITE'),
       (3, 'SOKCHO', 'KANGWONDO SOKCHO', 908, 'RESIDENTIAL_SUITE'),
       (4, 'SEOUL', 'SEOUL GANGNAM', 1001, 'PREMIER_SUITE'),
       (5, 'BUSAN', 'BUSAN HEAUNDEA', 1110, 'PREMIER_SUITE'),
       (6, 'SOKCHO', 'KANGWONDO SOKCHO', 901, 'EXECUTIVE_SUITE'),
       (7, 'SEOUL', 'SEOUL GANGNAM', 705, 'RESIDENTIAL_SUITE'),
       (8, 'BUSAN', 'BUSAN HEAUNDEA', 415, 'PLAZA_SUITE'),
       (9, 'SOKCHO', 'KANGWONDO SOKCHO', 1408, 'DELUXE_DOUBLE'),
       (10, 'SEOUL', 'SEOUL GANGNAM', 706, 'SUPERIOR'),
       (11, 'BUSAN', 'BUSAN HEAUNDEA', 1410, 'DELUXE_TWIN'),
       (12, 'SOKCHO', 'KANGWONDO SOKCHO', 1813, 'PREMIER_SUITE'),
       (13, 'SEOUL', 'SEOUL GANGNAM', 402, 'ROYAL_SUITE'),
       (14, 'BUSAN', 'BUSAN HEAUNDEA', 1313, 'EXECUTIVE_SUITE'),
       (15, 'SOKCHO', 'KANGWONDO SOKCHO', 1207, 'PRESIDENTIAL_SUITE'),
       (16, 'SEOUL', 'SEOUL GANGNAM', 612, 'ROYAL_SUITE'),
       (17, 'BUSAN', 'BUSAN HEAUNDEA', 709, 'DELUXE_TWIN'),
       (18, 'SOKCHO', 'KANGWONDO SOKCHO', 1815, 'PREMIER_SUITE'),
       (19, 'SEOUL', 'SEOUL GANGNAM', 410, 'ROYAL_SUITE'),
       (20, 'BUSAN', 'BUSAN HEAUNDEA', 1502, 'EXECUTIVE_SUITE'),
       (21, 'SOKCHO', 'KANGWONDO SOKCHO', 510, 'PRESIDENTIAL_SUITE'),
       (22, 'SEOUL', 'SEOUL GANGNAM', 415, 'DELUXE_DOUBLE'),
       (23, 'BUSAN', 'BUSAN HEAUNDEA', 1111, 'RESIDENTIAL_SUITE'),
       (24, 'SOKCHO', 'KANGWONDO SOKCHO', 1215, 'DELUXE_DOUBLE'),
       (25, 'SEOUL', 'SEOUL GANGNAM', 1602, 'PRESIDENTIAL_SUITE'),
       (26, 'BUSAN', 'BUSAN HEAUNDEA', 708, 'ROYAL_SUITE'),
       (27, 'SOKCHO', 'KANGWONDO SOKCHO', 601, 'RESIDENTIAL_SUITE'),
       (28, 'SEOUL', 'SEOUL GANGNAM', 1511, 'RESIDENTIAL_SUITE'),
       (29, 'BUSAN', 'BUSAN HEAUNDEA', 1204, 'EXECUTIVE_SUITE'),
       (30, 'SOKCHO', 'KANGWONDO SOKCHO', 903, 'DELUXE_DOUBLE'),
       (31, 'SEOUL', 'SEOUL GANGNAM', 808, 'DELUXE_DOUBLE'),
       (32, 'BUSAN', 'BUSAN HEAUNDEA', 607, 'ROYAL_SUITE'),
       (33, 'SOKCHO', 'KANGWONDO SOKCHO', 1513, 'DELUXE_DOUBLE'),
       (34, 'SEOUL', 'SEOUL GANGNAM', 415, 'RESIDENTIAL_SUITE'),
       (35, 'BUSAN', 'BUSAN HEAUNDEA', 512, 'PREMIER_SUITE'),
       (36, 'SOKCHO', 'KANGWONDO SOKCHO', 1004, 'PREMIER_SUITE'),
       (37, 'SEOUL', 'SEOUL GANGNAM', 1402, 'DELUXE_DOUBLE'),
       (38, 'BUSAN', 'BUSAN HEAUNDEA', 703, 'PRESIDENTIAL_SUITE'),
       (39, 'SOKCHO', 'KANGWONDO SOKCHO', 503, 'ROYAL_SUITE'),
       (40, 'SEOUL', 'SEOUL GANGNAM', 401, 'SUPERIOR'),
       (41, 'BUSAN', 'BUSAN HEAUNDEA', 1503, 'SUPERIOR'),
       (42, 'SOKCHO', 'KANGWONDO SOKCHO', 1108, 'PREMIER_SUITE'),
       (43, 'SEOUL', 'SEOUL GANGNAM', 1004, 'DELUXE_DOUBLE'),
       (44, 'BUSAN', 'BUSAN HEAUNDEA', 908, 'ROYAL_SUITE'),
       (45, 'SOKCHO', 'KANGWONDO SOKCHO', 914, 'PRESIDENTIAL_SUITE'),
       (46, 'SEOUL', 'SEOUL GANGNAM', 507, 'ROYAL_SUITE'),
       (47, 'BUSAN', 'BUSAN HEAUNDEA', 505, 'SUPERIOR'),
       (48, 'SOKCHO', 'KANGWONDO SOKCHO', 1811, 'DELUXE_DOUBLE'),
       (49, 'SEOUL', 'SEOUL GANGNAM', 1708, 'DELUXE_TWIN'),
       (50, 'BUSAN', 'BUSAN HEAUNDEA', 713, 'PREMIER_SUITE'),
       (51, 'SOKCHO', 'KANGWONDO SOKCHO', 1108, 'PLAZA_SUITE'),
       (52, 'SEOUL', 'SEOUL GANGNAM', 811, 'PLAZA_SUITE'),
       (53, 'BUSAN', 'BUSAN HEAUNDEA', 1409, 'EXECUTIVE_SUITE'),
       (54, 'SOKCHO', 'KANGWONDO SOKCHO', 1113, 'PRESIDENTIAL_SUITE'),
       (55, 'SEOUL', 'SEOUL GANGNAM', 1304, 'SUPERIOR'),
       (56, 'BUSAN', 'BUSAN HEAUNDEA', 1810, 'ROYAL_SUITE'),
       (57, 'SOKCHO', 'KANGWONDO SOKCHO', 1208, 'PREMIER_SUITE'),
       (58, 'SEOUL', 'SEOUL GANGNAM', 1609, 'DELUXE_DOUBLE'),
       (59, 'BUSAN', 'BUSAN HEAUNDEA', 1512, 'PRESIDENTIAL_SUITE'),
       (60, 'SOKCHO', 'KANGWONDO SOKCHO', 409, 'DELUXE_DOUBLE'),
       (61, 'SEOUL', 'SEOUL GANGNAM', 1805, 'DELUXE_TWIN'),
       (62, 'BUSAN', 'BUSAN HEAUNDEA', 1711, 'PREMIER_SUITE'),
       (63, 'SOKCHO', 'KANGWONDO SOKCHO', 505, 'RESIDENTIAL_SUITE'),
       (64, 'SEOUL', 'SEOUL GANGNAM', 503, 'RESIDENTIAL_SUITE'),
       (65, 'BUSAN', 'BUSAN HEAUNDEA', 1714, 'SUPERIOR'),
       (66, 'SOKCHO', 'KANGWONDO SOKCHO', 1707, 'PREMIER_SUITE'),
       (67, 'SEOUL', 'SEOUL GANGNAM', 1712, 'EXECUTIVE_SUITE'),
       (68, 'BUSAN', 'BUSAN HEAUNDEA', 1405, 'PLAZA_SUITE'),
       (69, 'SOKCHO', 'KANGWONDO SOKCHO', 906, 'EXECUTIVE_SUITE'),
       (70, 'SEOUL', 'SEOUL GANGNAM', 715, 'DELUXE_DOUBLE'),
       (71, 'BUSAN', 'BUSAN HEAUNDEA', 1113, 'PLAZA_SUITE'),
       (72, 'SOKCHO', 'KANGWONDO SOKCHO', 604, 'EXECUTIVE_SUITE'),
       (73, 'SEOUL', 'SEOUL GANGNAM', 1308, 'PLAZA_SUITE'),
       (74, 'BUSAN', 'BUSAN HEAUNDEA', 805, 'PREMIER_SUITE'),
       (75, 'SOKCHO', 'KANGWONDO SOKCHO', 915, 'ROYAL_SUITE'),
       (76, 'SEOUL', 'SEOUL GANGNAM', 1008, 'PRESIDENTIAL_SUITE'),
       (77, 'BUSAN', 'BUSAN HEAUNDEA', 1809, 'PRESIDENTIAL_SUITE'),
       (78, 'SOKCHO', 'KANGWONDO SOKCHO', 404, 'DELUXE_TWIN'),
       (79, 'SEOUL', 'SEOUL GANGNAM', 912, 'PRESIDENTIAL_SUITE'),
       (80, 'BUSAN', 'BUSAN HEAUNDEA', 1715, 'DELUXE_DOUBLE'),
       (81, 'SOKCHO', 'KANGWONDO SOKCHO', 810, 'PREMIER_SUITE'),
       (82, 'SEOUL', 'SEOUL GANGNAM', 904, 'ROYAL_SUITE'),
       (83, 'BUSAN', 'BUSAN HEAUNDEA', 1009, 'EXECUTIVE_SUITE'),
       (84, 'SOKCHO', 'KANGWONDO SOKCHO', 511, 'SUPERIOR'),
       (85, 'SEOUL', 'SEOUL GANGNAM', 1506, 'RESIDENTIAL_SUITE'),
       (86, 'BUSAN', 'BUSAN HEAUNDEA', 1303, 'EXECUTIVE_SUITE'),
       (87, 'SOKCHO', 'KANGWONDO SOKCHO', 614, 'ROYAL_SUITE'),
       (88, 'SEOUL', 'SEOUL GANGNAM', 413, 'RESIDENTIAL_SUITE'),
       (89, 'BUSAN', 'BUSAN HEAUNDEA', 1213, 'DELUXE_DOUBLE'),
       (90, 'SOKCHO', 'KANGWONDO SOKCHO', 1308, 'DELUXE_TWIN'),
       (91, 'SEOUL', 'SEOUL GANGNAM', 1011, 'EXECUTIVE_SUITE'),
       (92, 'BUSAN', 'BUSAN HEAUNDEA', 401, 'ROYAL_SUITE'),
       (93, 'SOKCHO', 'KANGWONDO SOKCHO', 715, 'PREMIER_SUITE'),
       (94, 'SEOUL', 'SEOUL GANGNAM', 1414, 'RESIDENTIAL_SUITE'),
       (95, 'BUSAN', 'BUSAN HEAUNDEA', 606, 'ROYAL_SUITE'),
       (96, 'SOKCHO', 'KANGWONDO SOKCHO', 1407, 'EXECUTIVE_SUITE'),
       (97, 'SEOUL', 'SEOUL GANGNAM', 1805, 'EXECUTIVE_SUITE'),
       (98, 'BUSAN', 'BUSAN HEAUNDEA', 1201, 'ROYAL_SUITE'),
       (99, 'SOKCHO', 'KANGWONDO SOKCHO', 1301, 'PRESIDENTIAL_SUITE'),
       (100, 'SEOUL', 'SEOUL GANGNAM', 1511, 'PREMIER_SUITE'),
       (101, 'BUSAN', 'BUSAN HEAUNDEA', 514, 'DELUXE_DOUBLE'),
       (102, 'SOKCHO', 'KANGWONDO SOKCHO', 1314, 'SUPERIOR'),
       (103, 'SEOUL', 'SEOUL GANGNAM', 1712, 'SUPERIOR'),
       (104, 'BUSAN', 'BUSAN HEAUNDEA', 406, 'PRESIDENTIAL_SUITE'),
       (105, 'SOKCHO', 'KANGWONDO SOKCHO', 911, 'RESIDENTIAL_SUITE'),
       (106, 'SEOUL', 'SEOUL GANGNAM', 1805, 'SUPERIOR'),
       (107, 'BUSAN', 'BUSAN HEAUNDEA', 906, 'PLAZA_SUITE'),
       (108, 'SOKCHO', 'KANGWONDO SOKCHO', 1805, 'PREMIER_SUITE'),
       (109, 'SEOUL', 'SEOUL GANGNAM', 409, 'SUPERIOR'),
       (110, 'BUSAN', 'BUSAN HEAUNDEA', 807, 'RESIDENTIAL_SUITE'),
       (111, 'SOKCHO', 'KANGWONDO SOKCHO', 1612, 'EXECUTIVE_SUITE'),
       (112, 'SEOUL', 'SEOUL GANGNAM', 414, 'PLAZA_SUITE'),
       (113, 'BUSAN', 'BUSAN HEAUNDEA', 503, 'SUPERIOR'),
       (114, 'SOKCHO', 'KANGWONDO SOKCHO', 813, 'PRESIDENTIAL_SUITE'),
       (115, 'SEOUL', 'SEOUL GANGNAM', 806, 'EXECUTIVE_SUITE'),
       (116, 'BUSAN', 'BUSAN HEAUNDEA', 1412, 'PREMIER_SUITE'),
       (117, 'SOKCHO', 'KANGWONDO SOKCHO', 1108, 'DELUXE_TWIN'),
       (118, 'SEOUL', 'SEOUL GANGNAM', 1412, 'RESIDENTIAL_SUITE'),
       (119, 'BUSAN', 'BUSAN HEAUNDEA', 1810, 'PLAZA_SUITE'),
       (120, 'SOKCHO', 'KANGWONDO SOKCHO', 1402, 'DELUXE_DOUBLE'),
       (121, 'SEOUL', 'SEOUL GANGNAM', 1111, 'ROYAL_SUITE'),
       (122, 'BUSAN', 'BUSAN HEAUNDEA', 1602, 'PLAZA_SUITE'),
       (123, 'SOKCHO', 'KANGWONDO SOKCHO', 801, 'ROYAL_SUITE'),
       (124, 'SEOUL', 'SEOUL GANGNAM', 1301, 'PLAZA_SUITE'),
       (125, 'BUSAN', 'BUSAN HEAUNDEA', 1103, 'PLAZA_SUITE'),
       (126, 'SOKCHO', 'KANGWONDO SOKCHO', 1801, 'ROYAL_SUITE'),
       (127, 'SEOUL', 'SEOUL GANGNAM', 413, 'DELUXE_DOUBLE'),
       (128, 'BUSAN', 'BUSAN HEAUNDEA', 807, 'EXECUTIVE_SUITE'),
       (129, 'SOKCHO', 'KANGWONDO SOKCHO', 1813, 'PLAZA_SUITE'),
       (130, 'SEOUL', 'SEOUL GANGNAM', 902, 'DELUXE_DOUBLE'),
       (131, 'BUSAN', 'BUSAN HEAUNDEA', 1515, 'EXECUTIVE_SUITE'),
       (132, 'SOKCHO', 'KANGWONDO SOKCHO', 810, 'SUPERIOR'),
       (133, 'SEOUL', 'SEOUL GANGNAM', 1411, 'DELUXE_DOUBLE'),
       (134, 'BUSAN', 'BUSAN HEAUNDEA', 1414, 'PRESIDENTIAL_SUITE'),
       (135, 'SOKCHO', 'KANGWONDO SOKCHO', 609, 'DELUXE_DOUBLE'),
       (136, 'SEOUL', 'SEOUL GANGNAM', 1313, 'RESIDENTIAL_SUITE'),
       (137, 'BUSAN', 'BUSAN HEAUNDEA', 712, 'DELUXE_DOUBLE'),
       (138, 'SOKCHO', 'KANGWONDO SOKCHO', 1301, 'PLAZA_SUITE'),
       (139, 'SEOUL', 'SEOUL GANGNAM', 1013, 'PRESIDENTIAL_SUITE'),
       (140, 'BUSAN', 'BUSAN HEAUNDEA', 1308, 'PLAZA_SUITE'),
       (141, 'SOKCHO', 'KANGWONDO SOKCHO', 1304, 'RESIDENTIAL_SUITE'),
       (142, 'SEOUL', 'SEOUL GANGNAM', 1810, 'ROYAL_SUITE'),
       (143, 'BUSAN', 'BUSAN HEAUNDEA', 804, 'DELUXE_TWIN'),
       (144, 'SOKCHO', 'KANGWONDO SOKCHO', 603, 'DELUXE_TWIN'),
       (145, 'SEOUL', 'SEOUL GANGNAM', 901, 'DELUXE_TWIN'),
       (146, 'BUSAN', 'BUSAN HEAUNDEA', 1010, 'RESIDENTIAL_SUITE'),
       (147, 'SOKCHO', 'KANGWONDO SOKCHO', 709, 'SUPERIOR'),
       (148, 'SEOUL', 'SEOUL GANGNAM', 1301, 'DELUXE_TWIN'),
       (149, 'BUSAN', 'BUSAN HEAUNDEA', 1512, 'DELUXE_TWIN'),
       (150, 'SOKCHO', 'KANGWONDO SOKCHO', 812, 'EXECUTIVE_SUITE'),
       (151, 'SEOUL', 'SEOUL GANGNAM', 604, 'PLAZA_SUITE'),
       (152, 'BUSAN', 'BUSAN HEAUNDEA', 1812, 'ROYAL_SUITE'),
       (153, 'SOKCHO', 'KANGWONDO SOKCHO', 1110, 'SUPERIOR'),
       (154, 'SEOUL', 'SEOUL GANGNAM', 1814, 'PLAZA_SUITE'),
       (155, 'BUSAN', 'BUSAN HEAUNDEA', 1508, 'PRESIDENTIAL_SUITE'),
       (156, 'SOKCHO', 'KANGWONDO SOKCHO', 401, 'DELUXE_DOUBLE'),
       (157, 'SEOUL', 'SEOUL GANGNAM', 706, 'PRESIDENTIAL_SUITE'),
       (158, 'BUSAN', 'BUSAN HEAUNDEA', 911, 'PLAZA_SUITE'),
       (159, 'SOKCHO', 'KANGWONDO SOKCHO', 1706, 'DELUXE_DOUBLE'),
       (160, 'SEOUL', 'SEOUL GANGNAM', 808, 'PLAZA_SUITE'),
       (161, 'BUSAN', 'BUSAN HEAUNDEA', 508, 'EXECUTIVE_SUITE'),
       (162, 'SOKCHO', 'KANGWONDO SOKCHO', 512, 'PLAZA_SUITE'),
       (163, 'SEOUL', 'SEOUL GANGNAM', 1010, 'DELUXE_TWIN'),
       (164, 'BUSAN', 'BUSAN HEAUNDEA', 510, 'DELUXE_TWIN'),
       (165, 'SOKCHO', 'KANGWONDO SOKCHO', 504, 'PREMIER_SUITE'),
       (166, 'SEOUL', 'SEOUL GANGNAM', 1006, 'ROYAL_SUITE'),
       (167, 'BUSAN', 'BUSAN HEAUNDEA', 1705, 'ROYAL_SUITE'),
       (168, 'SOKCHO', 'KANGWONDO SOKCHO', 1502, 'ROYAL_SUITE'),
       (169, 'SEOUL', 'SEOUL GANGNAM', 1510, 'DELUXE_TWIN'),
       (170, 'BUSAN', 'BUSAN HEAUNDEA', 1702, 'SUPERIOR'),
       (171, 'SOKCHO', 'KANGWONDO SOKCHO', 1301, 'SUPERIOR'),
       (172, 'SEOUL', 'SEOUL GANGNAM', 1105, 'PLAZA_SUITE'),
       (173, 'BUSAN', 'BUSAN HEAUNDEA', 1613, 'PRESIDENTIAL_SUITE'),
       (174, 'SOKCHO', 'KANGWONDO SOKCHO', 1705, 'EXECUTIVE_SUITE'),
       (175, 'SEOUL', 'SEOUL GANGNAM', 1705, 'RESIDENTIAL_SUITE'),
       (176, 'BUSAN', 'BUSAN HEAUNDEA', 1413, 'DELUXE_TWIN'),
       (177, 'SOKCHO', 'KANGWONDO SOKCHO', 912, 'PREMIER_SUITE'),
       (178, 'SEOUL', 'SEOUL GANGNAM', 1714, 'DELUXE_TWIN'),
       (179, 'BUSAN', 'BUSAN HEAUNDEA', 1714, 'ROYAL_SUITE'),
       (180, 'SOKCHO', 'KANGWONDO SOKCHO', 1803, 'SUPERIOR'),
       (181, 'SEOUL', 'SEOUL GANGNAM', 1210, 'RESIDENTIAL_SUITE'),
       (182, 'BUSAN', 'BUSAN HEAUNDEA', 1601, 'PRESIDENTIAL_SUITE'),
       (183, 'SOKCHO', 'KANGWONDO SOKCHO', 1315, 'EXECUTIVE_SUITE'),
       (184, 'SEOUL', 'SEOUL GANGNAM', 1409, 'DELUXE_DOUBLE'),
       (185, 'BUSAN', 'BUSAN HEAUNDEA', 1712, 'PREMIER_SUITE'),
       (186, 'SOKCHO', 'KANGWONDO SOKCHO', 1703, 'PREMIER_SUITE'),
       (187, 'SEOUL', 'SEOUL GANGNAM', 1207, 'DELUXE_TWIN'),
       (188, 'BUSAN', 'BUSAN HEAUNDEA', 404, 'DELUXE_DOUBLE'),
       (189, 'SOKCHO', 'KANGWONDO SOKCHO', 1109, 'DELUXE_TWIN'),
       (190, 'SEOUL', 'SEOUL GANGNAM', 1310, 'DELUXE_DOUBLE'),
       (191, 'BUSAN', 'BUSAN HEAUNDEA', 1401, 'DELUXE_TWIN'),
       (192, 'SOKCHO', 'KANGWONDO SOKCHO', 1013, 'PRESIDENTIAL_SUITE'),
       (193, 'SEOUL', 'SEOUL GANGNAM', 503, 'DELUXE_TWIN'),
       (194, 'BUSAN', 'BUSAN HEAUNDEA', 910, 'DELUXE_DOUBLE'),
       (195, 'SOKCHO', 'KANGWONDO SOKCHO', 1401, 'PREMIER_SUITE'),
       (196, 'SEOUL', 'SEOUL GANGNAM', 1510, 'EXECUTIVE_SUITE'),
       (197, 'BUSAN', 'BUSAN HEAUNDEA', 713, 'PLAZA_SUITE'),
       (198, 'SOKCHO', 'KANGWONDO SOKCHO', 1514, 'PLAZA_SUITE'),
       (199, 'SEOUL', 'SEOUL GANGNAM', 511, 'SUPERIOR'),
       (200, 'BUSAN', 'BUSAN HEAUNDEA', 515, 'SUPERIOR'),
       (201, 'SOKCHO', 'KANGWONDO SOKCHO', 904, 'DELUXE_DOUBLE'),
       (202, 'SEOUL', 'SEOUL GANGNAM', 1806, 'DELUXE_DOUBLE'),
       (203, 'BUSAN', 'BUSAN HEAUNDEA', 1301, 'RESIDENTIAL_SUITE'),
       (204, 'SOKCHO', 'KANGWONDO SOKCHO', 1204, 'SUPERIOR'),
       (205, 'SEOUL', 'SEOUL GANGNAM', 712, 'DELUXE_DOUBLE'),
       (206, 'BUSAN', 'BUSAN HEAUNDEA', 512, 'PREMIER_SUITE'),
       (207, 'SOKCHO', 'KANGWONDO SOKCHO', 501, 'SUPERIOR'),
       (208, 'SEOUL', 'SEOUL GANGNAM', 915, 'RESIDENTIAL_SUITE'),
       (209, 'BUSAN', 'BUSAN HEAUNDEA', 505, 'SUPERIOR'),
       (210, 'SOKCHO', 'KANGWONDO SOKCHO', 1608, 'RESIDENTIAL_SUITE'),
       (211, 'SEOUL', 'SEOUL GANGNAM', 913, 'EXECUTIVE_SUITE'),
       (212, 'BUSAN', 'BUSAN HEAUNDEA', 1508, 'EXECUTIVE_SUITE'),
       (213, 'SOKCHO', 'KANGWONDO SOKCHO', 1712, 'DELUXE_DOUBLE'),
       (214, 'SEOUL', 'SEOUL GANGNAM', 514, 'PLAZA_SUITE'),
       (215, 'BUSAN', 'BUSAN HEAUNDEA', 907, 'RESIDENTIAL_SUITE'),
       (216, 'SOKCHO', 'KANGWONDO SOKCHO', 410, 'DELUXE_TWIN'),
       (217, 'SEOUL', 'SEOUL GANGNAM', 601, 'RESIDENTIAL_SUITE'),
       (218, 'BUSAN', 'BUSAN HEAUNDEA', 514, 'RESIDENTIAL_SUITE'),
       (219, 'SOKCHO', 'KANGWONDO SOKCHO', 413, 'DELUXE_DOUBLE'),
       (220, 'SEOUL', 'SEOUL GANGNAM', 810, 'PLAZA_SUITE'),
       (221, 'BUSAN', 'BUSAN HEAUNDEA', 1207, 'DELUXE_TWIN'),
       (222, 'SOKCHO', 'KANGWONDO SOKCHO', 1404, 'PLAZA_SUITE'),
       (223, 'SEOUL', 'SEOUL GANGNAM', 708, 'PLAZA_SUITE'),
       (224, 'BUSAN', 'BUSAN HEAUNDEA', 1807, 'ROYAL_SUITE'),
       (225, 'SOKCHO', 'KANGWONDO SOKCHO', 1810, 'SUPERIOR'),
       (226, 'SEOUL', 'SEOUL GANGNAM', 515, 'EXECUTIVE_SUITE'),
       (227, 'BUSAN', 'BUSAN HEAUNDEA', 709, 'PLAZA_SUITE'),
       (228, 'SOKCHO', 'KANGWONDO SOKCHO', 1601, 'SUPERIOR'),
       (229, 'SEOUL', 'SEOUL GANGNAM', 1502, 'ROYAL_SUITE'),
       (230, 'BUSAN', 'BUSAN HEAUNDEA', 1413, 'PREMIER_SUITE'),
       (231, 'SOKCHO', 'KANGWONDO SOKCHO', 1613, 'PRESIDENTIAL_SUITE'),
       (232, 'SEOUL', 'SEOUL GANGNAM', 507, 'PRESIDENTIAL_SUITE'),
       (233, 'BUSAN', 'BUSAN HEAUNDEA', 1606, 'PLAZA_SUITE'),
       (234, 'SOKCHO', 'KANGWONDO SOKCHO', 814, 'PREMIER_SUITE'),
       (235, 'SEOUL', 'SEOUL GANGNAM', 1608, 'ROYAL_SUITE'),
       (236, 'BUSAN', 'BUSAN HEAUNDEA', 1612, 'SUPERIOR'),
       (237, 'SOKCHO', 'KANGWONDO SOKCHO', 806, 'SUPERIOR'),
       (238, 'SEOUL', 'SEOUL GANGNAM', 1409, 'PRESIDENTIAL_SUITE'),
       (239, 'BUSAN', 'BUSAN HEAUNDEA', 1304, 'SUPERIOR'),
       (240, 'SOKCHO', 'KANGWONDO SOKCHO', 1414, 'SUPERIOR'),
       (241, 'SEOUL', 'SEOUL GANGNAM', 1002, 'DELUXE_TWIN'),
       (242, 'BUSAN', 'BUSAN HEAUNDEA', 505, 'PLAZA_SUITE'),
       (243, 'SOKCHO', 'KANGWONDO SOKCHO', 1606, 'DELUXE_DOUBLE'),
       (244, 'SEOUL', 'SEOUL GANGNAM', 710, 'PRESIDENTIAL_SUITE'),
       (245, 'BUSAN', 'BUSAN HEAUNDEA', 1404, 'SUPERIOR'),
       (246, 'SOKCHO', 'KANGWONDO SOKCHO', 1311, 'PLAZA_SUITE'),
       (247, 'SEOUL', 'SEOUL GANGNAM', 1403, 'DELUXE_TWIN'),
       (248, 'BUSAN', 'BUSAN HEAUNDEA', 412, 'EXECUTIVE_SUITE'),
       (249, 'SOKCHO', 'KANGWONDO SOKCHO', 1015, 'EXECUTIVE_SUITE'),
       (250, 'SEOUL', 'SEOUL GANGNAM', 908, 'ROYAL_SUITE'),
       (251, 'BUSAN', 'BUSAN HEAUNDEA', 1410, 'DELUXE_DOUBLE'),
       (252, 'SOKCHO', 'KANGWONDO SOKCHO', 1003, 'DELUXE_TWIN'),
       (253, 'SEOUL', 'SEOUL GANGNAM', 814, 'PLAZA_SUITE'),
       (254, 'BUSAN', 'BUSAN HEAUNDEA', 1511, 'RESIDENTIAL_SUITE'),
       (255, 'SOKCHO', 'KANGWONDO SOKCHO', 401, 'RESIDENTIAL_SUITE'),
       (256, 'SEOUL', 'SEOUL GANGNAM', 1104, 'DELUXE_TWIN'),
       (257, 'BUSAN', 'BUSAN HEAUNDEA', 905, 'PREMIER_SUITE'),
       (258, 'SOKCHO', 'KANGWONDO SOKCHO', 1812, 'PLAZA_SUITE'),
       (259, 'SEOUL', 'SEOUL GANGNAM', 403, 'PREMIER_SUITE'),
       (260, 'BUSAN', 'BUSAN HEAUNDEA', 1402, 'SUPERIOR'),
       (261, 'SOKCHO', 'KANGWONDO SOKCHO', 701, 'EXECUTIVE_SUITE'),
       (262, 'SEOUL', 'SEOUL GANGNAM', 1604, 'RESIDENTIAL_SUITE'),
       (263, 'BUSAN', 'BUSAN HEAUNDEA', 1611, 'DELUXE_DOUBLE'),
       (264, 'SOKCHO', 'KANGWONDO SOKCHO', 502, 'ROYAL_SUITE'),
       (265, 'SEOUL', 'SEOUL GANGNAM', 507, 'RESIDENTIAL_SUITE'),
       (266, 'BUSAN', 'BUSAN HEAUNDEA', 1809, 'RESIDENTIAL_SUITE'),
       (267, 'SOKCHO', 'KANGWONDO SOKCHO', 803, 'PLAZA_SUITE'),
       (268, 'SEOUL', 'SEOUL GANGNAM', 411, 'RESIDENTIAL_SUITE'),
       (269, 'BUSAN', 'BUSAN HEAUNDEA', 1301, 'ROYAL_SUITE'),
       (270, 'SOKCHO', 'KANGWONDO SOKCHO', 1413, 'ROYAL_SUITE'),
       (271, 'SEOUL', 'SEOUL GANGNAM', 806, 'EXECUTIVE_SUITE'),
       (272, 'BUSAN', 'BUSAN HEAUNDEA', 1506, 'PLAZA_SUITE'),
       (273, 'SOKCHO', 'KANGWONDO SOKCHO', 1313, 'PRESIDENTIAL_SUITE'),
       (274, 'SEOUL', 'SEOUL GANGNAM', 1207, 'ROYAL_SUITE'),
       (275, 'BUSAN', 'BUSAN HEAUNDEA', 708, 'DELUXE_DOUBLE'),
       (276, 'SOKCHO', 'KANGWONDO SOKCHO', 912, 'PRESIDENTIAL_SUITE'),
       (277, 'SEOUL', 'SEOUL GANGNAM', 1615, 'DELUXE_TWIN'),
       (278, 'BUSAN', 'BUSAN HEAUNDEA', 1406, 'SUPERIOR'),
       (279, 'SOKCHO', 'KANGWONDO SOKCHO', 1504, 'RESIDENTIAL_SUITE'),
       (280, 'SEOUL', 'SEOUL GANGNAM', 609, 'SUPERIOR'),
       (281, 'BUSAN', 'BUSAN HEAUNDEA', 1815, 'PREMIER_SUITE'),
       (282, 'SOKCHO', 'KANGWONDO SOKCHO', 1811, 'PRESIDENTIAL_SUITE'),
       (283, 'SEOUL', 'SEOUL GANGNAM', 1405, 'RESIDENTIAL_SUITE'),
       (284, 'BUSAN', 'BUSAN HEAUNDEA', 614, 'PREMIER_SUITE'),
       (285, 'SOKCHO', 'KANGWONDO SOKCHO', 1211, 'SUPERIOR'),
       (286, 'SEOUL', 'SEOUL GANGNAM', 1110, 'PREMIER_SUITE'),
       (287, 'BUSAN', 'BUSAN HEAUNDEA', 912, 'EXECUTIVE_SUITE'),
       (288, 'SOKCHO', 'KANGWONDO SOKCHO', 1508, 'SUPERIOR'),
       (289, 'SEOUL', 'SEOUL GANGNAM', 905, 'EXECUTIVE_SUITE'),
       (290, 'BUSAN', 'BUSAN HEAUNDEA', 412, 'EXECUTIVE_SUITE'),
       (291, 'SOKCHO', 'KANGWONDO SOKCHO', 1615, 'PRESIDENTIAL_SUITE'),
       (292, 'SEOUL', 'SEOUL GANGNAM', 1115, 'DELUXE_TWIN'),
       (293, 'BUSAN', 'BUSAN HEAUNDEA', 407, 'ROYAL_SUITE'),
       (294, 'SOKCHO', 'KANGWONDO SOKCHO', 1808, 'PLAZA_SUITE'),
       (295, 'SEOUL', 'SEOUL GANGNAM', 1510, 'SUPERIOR'),
       (296, 'BUSAN', 'BUSAN HEAUNDEA', 915, 'SUPERIOR'),
       (297, 'SOKCHO', 'KANGWONDO SOKCHO', 1511, 'PREMIER_SUITE'),
       (298, 'SEOUL', 'SEOUL GANGNAM', 1109, 'ROYAL_SUITE'),
       (299, 'BUSAN', 'BUSAN HEAUNDEA', 1806, 'RESIDENTIAL_SUITE'),
       (300, 'SOKCHO', 'KANGWONDO SOKCHO', 410, 'EXECUTIVE_SUITE'),
       (301, 'SEOUL', 'SEOUL GANGNAM', 604, 'DELUXE_DOUBLE'),
       (302, 'BUSAN', 'BUSAN HEAUNDEA', 1101, 'PREMIER_SUITE'),
       (303, 'SOKCHO', 'KANGWONDO SOKCHO', 1014, 'DELUXE_DOUBLE'),
       (304, 'SEOUL', 'SEOUL GANGNAM', 1201, 'SUPERIOR'),
       (305, 'BUSAN', 'BUSAN HEAUNDEA', 1312, 'ROYAL_SUITE'),
       (306, 'SOKCHO', 'KANGWONDO SOKCHO', 709, 'ROYAL_SUITE'),
       (307, 'SEOUL', 'SEOUL GANGNAM', 705, 'EXECUTIVE_SUITE'),
       (308, 'BUSAN', 'BUSAN HEAUNDEA', 1107, 'RESIDENTIAL_SUITE'),
       (309, 'SOKCHO', 'KANGWONDO SOKCHO', 1006, 'EXECUTIVE_SUITE'),
       (310, 'SEOUL', 'SEOUL GANGNAM', 1305, 'PRESIDENTIAL_SUITE'),
       (311, 'BUSAN', 'BUSAN HEAUNDEA', 1202, 'SUPERIOR'),
       (312, 'SOKCHO', 'KANGWONDO SOKCHO', 1612, 'ROYAL_SUITE'),
       (313, 'SEOUL', 'SEOUL GANGNAM', 1115, 'EXECUTIVE_SUITE'),
       (314, 'BUSAN', 'BUSAN HEAUNDEA', 713, 'DELUXE_DOUBLE'),
       (315, 'SOKCHO', 'KANGWONDO SOKCHO', 1310, 'DELUXE_DOUBLE'),
       (316, 'SEOUL', 'SEOUL GANGNAM', 610, 'DELUXE_TWIN'),
       (317, 'BUSAN', 'BUSAN HEAUNDEA', 1711, 'DELUXE_DOUBLE'),
       (318, 'SOKCHO', 'KANGWONDO SOKCHO', 1003, 'PRESIDENTIAL_SUITE'),
       (319, 'SEOUL', 'SEOUL GANGNAM', 1112, 'ROYAL_SUITE'),
       (320, 'BUSAN', 'BUSAN HEAUNDEA', 1206, 'SUPERIOR'),
       (321, 'SOKCHO', 'KANGWONDO SOKCHO', 1514, 'RESIDENTIAL_SUITE'),
       (322, 'SEOUL', 'SEOUL GANGNAM', 606, 'DELUXE_DOUBLE'),
       (323, 'BUSAN', 'BUSAN HEAUNDEA', 1110, 'EXECUTIVE_SUITE'),
       (324, 'SOKCHO', 'KANGWONDO SOKCHO', 1707, 'ROYAL_SUITE'),
       (325, 'SEOUL', 'SEOUL GANGNAM', 1409, 'ROYAL_SUITE'),
       (326, 'BUSAN', 'BUSAN HEAUNDEA', 1802, 'RESIDENTIAL_SUITE'),
       (327, 'SOKCHO', 'KANGWONDO SOKCHO', 1013, 'DELUXE_TWIN'),
       (328, 'SEOUL', 'SEOUL GANGNAM', 514, 'PRESIDENTIAL_SUITE'),
       (329, 'BUSAN', 'BUSAN HEAUNDEA', 1602, 'PRESIDENTIAL_SUITE'),
       (330, 'SOKCHO', 'KANGWONDO SOKCHO', 1714, 'DELUXE_TWIN'),
       (331, 'SEOUL', 'SEOUL GANGNAM', 1708, 'PREMIER_SUITE'),
       (332, 'BUSAN', 'BUSAN HEAUNDEA', 1314, 'RESIDENTIAL_SUITE'),
       (333, 'SOKCHO', 'KANGWONDO SOKCHO', 808, 'EXECUTIVE_SUITE'),
       (334, 'SEOUL', 'SEOUL GANGNAM', 1407, 'PREMIER_SUITE'),
       (335, 'BUSAN', 'BUSAN HEAUNDEA', 1812, 'EXECUTIVE_SUITE'),
       (336, 'SOKCHO', 'KANGWONDO SOKCHO', 1508, 'PRESIDENTIAL_SUITE'),
       (337, 'SEOUL', 'SEOUL GANGNAM', 1106, 'DELUXE_DOUBLE'),
       (338, 'BUSAN', 'BUSAN HEAUNDEA', 908, 'PREMIER_SUITE'),
       (339, 'SOKCHO', 'KANGWONDO SOKCHO', 901, 'DELUXE_TWIN'),
       (340, 'SEOUL', 'SEOUL GANGNAM', 911, 'DELUXE_TWIN'),
       (341, 'BUSAN', 'BUSAN HEAUNDEA', 1402, 'DELUXE_DOUBLE'),
       (342, 'SOKCHO', 'KANGWONDO SOKCHO', 1315, 'SUPERIOR'),
       (343, 'SEOUL', 'SEOUL GANGNAM', 705, 'SUPERIOR'),
       (344, 'BUSAN', 'BUSAN HEAUNDEA', 1613, 'DELUXE_TWIN'),
       (345, 'SOKCHO', 'KANGWONDO SOKCHO', 408, 'PRESIDENTIAL_SUITE'),
       (346, 'SEOUL', 'SEOUL GANGNAM', 1105, 'DELUXE_TWIN'),
       (347, 'BUSAN', 'BUSAN HEAUNDEA', 501, 'RESIDENTIAL_SUITE'),
       (348, 'SOKCHO', 'KANGWONDO SOKCHO', 1315, 'ROYAL_SUITE'),
       (349, 'SEOUL', 'SEOUL GANGNAM', 401, 'DELUXE_TWIN'),
       (350, 'BUSAN', 'BUSAN HEAUNDEA', 801, 'SUPERIOR'),
       (351, 'SOKCHO', 'KANGWONDO SOKCHO', 1814, 'PRESIDENTIAL_SUITE'),
       (352, 'SEOUL', 'SEOUL GANGNAM', 1009, 'ROYAL_SUITE'),
       (353, 'BUSAN', 'BUSAN HEAUNDEA', 404, 'ROYAL_SUITE'),
       (354, 'SOKCHO', 'KANGWONDO SOKCHO', 410, 'DELUXE_TWIN'),
       (355, 'SEOUL', 'SEOUL GANGNAM', 408, 'PRESIDENTIAL_SUITE'),
       (356, 'BUSAN', 'BUSAN HEAUNDEA', 408, 'SUPERIOR'),
       (357, 'SOKCHO', 'KANGWONDO SOKCHO', 1111, 'PLAZA_SUITE'),
       (358, 'SEOUL', 'SEOUL GANGNAM', 402, 'PRESIDENTIAL_SUITE'),
       (359, 'BUSAN', 'BUSAN HEAUNDEA', 1806, 'PLAZA_SUITE'),
       (360, 'SOKCHO', 'KANGWONDO SOKCHO', 1706, 'DELUXE_TWIN'),
       (361, 'SEOUL', 'SEOUL GANGNAM', 1509, 'EXECUTIVE_SUITE'),
       (362, 'BUSAN', 'BUSAN HEAUNDEA', 1314, 'RESIDENTIAL_SUITE'),
       (363, 'SOKCHO', 'KANGWONDO SOKCHO', 1805, 'SUPERIOR'),
       (364, 'SEOUL', 'SEOUL GANGNAM', 1113, 'ROYAL_SUITE'),
       (365, 'BUSAN', 'BUSAN HEAUNDEA', 609, 'RESIDENTIAL_SUITE'),
       (366, 'SOKCHO', 'KANGWONDO SOKCHO', 1713, 'PRESIDENTIAL_SUITE'),
       (367, 'SEOUL', 'SEOUL GANGNAM', 701, 'SUPERIOR'),
       (368, 'BUSAN', 'BUSAN HEAUNDEA', 1202, 'EXECUTIVE_SUITE'),
       (369, 'SOKCHO', 'KANGWONDO SOKCHO', 507, 'EXECUTIVE_SUITE'),
       (370, 'SEOUL', 'SEOUL GANGNAM', 1108, 'ROYAL_SUITE'),
       (371, 'BUSAN', 'BUSAN HEAUNDEA', 1201, 'EXECUTIVE_SUITE'),
       (372, 'SOKCHO', 'KANGWONDO SOKCHO', 405, 'RESIDENTIAL_SUITE'),
       (373, 'SEOUL', 'SEOUL GANGNAM', 703, 'PLAZA_SUITE'),
       (374, 'BUSAN', 'BUSAN HEAUNDEA', 810, 'PREMIER_SUITE'),
       (375, 'SOKCHO', 'KANGWONDO SOKCHO', 1408, 'PREMIER_SUITE'),
       (376, 'SEOUL', 'SEOUL GANGNAM', 1301, 'RESIDENTIAL_SUITE'),
       (377, 'BUSAN', 'BUSAN HEAUNDEA', 1112, 'SUPERIOR'),
       (378, 'SOKCHO', 'KANGWONDO SOKCHO', 1814, 'EXECUTIVE_SUITE'),
       (379, 'SEOUL', 'SEOUL GANGNAM', 1302, 'PLAZA_SUITE'),
       (380, 'BUSAN', 'BUSAN HEAUNDEA', 1214, 'PRESIDENTIAL_SUITE'),
       (381, 'SOKCHO', 'KANGWONDO SOKCHO', 503, 'RESIDENTIAL_SUITE'),
       (382, 'SEOUL', 'SEOUL GANGNAM', 1013, 'PLAZA_SUITE'),
       (383, 'BUSAN', 'BUSAN HEAUNDEA', 1609, 'EXECUTIVE_SUITE'),
       (384, 'SOKCHO', 'KANGWONDO SOKCHO', 509, 'EXECUTIVE_SUITE'),
       (385, 'SEOUL', 'SEOUL GANGNAM', 1306, 'PLAZA_SUITE'),
       (386, 'BUSAN', 'BUSAN HEAUNDEA', 1502, 'PRESIDENTIAL_SUITE'),
       (387, 'SOKCHO', 'KANGWONDO SOKCHO', 1107, 'PRESIDENTIAL_SUITE'),
       (388, 'SEOUL', 'SEOUL GANGNAM', 1710, 'SUPERIOR'),
       (389, 'BUSAN', 'BUSAN HEAUNDEA', 909, 'PLAZA_SUITE'),
       (390, 'SOKCHO', 'KANGWONDO SOKCHO', 1704, 'RESIDENTIAL_SUITE'),
       (391, 'SEOUL', 'SEOUL GANGNAM', 1215, 'ROYAL_SUITE'),
       (392, 'BUSAN', 'BUSAN HEAUNDEA', 1603, 'DELUXE_DOUBLE'),
       (393, 'SOKCHO', 'KANGWONDO SOKCHO', 1707, 'SUPERIOR'),
       (394, 'SEOUL', 'SEOUL GANGNAM', 1002, 'DELUXE_DOUBLE'),
       (395, 'BUSAN', 'BUSAN HEAUNDEA', 1509, 'DELUXE_DOUBLE'),
       (396, 'SOKCHO', 'KANGWONDO SOKCHO', 906, 'SUPERIOR'),
       (397, 'SEOUL', 'SEOUL GANGNAM', 808, 'ROYAL_SUITE'),
       (398, 'BUSAN', 'BUSAN HEAUNDEA', 1803, 'ROYAL_SUITE'),
       (399, 'SOKCHO', 'KANGWONDO SOKCHO', 1506, 'RESIDENTIAL_SUITE'),
       (400, 'SEOUL', 'SEOUL GANGNAM', 1304, 'PREMIER_SUITE'),
       (401, 'BUSAN', 'BUSAN HEAUNDEA', 1505, 'SUPERIOR'),
       (402, 'SOKCHO', 'KANGWONDO SOKCHO', 1114, 'RESIDENTIAL_SUITE'),
       (403, 'SEOUL', 'SEOUL GANGNAM', 1510, 'DELUXE_TWIN'),
       (404, 'BUSAN', 'BUSAN HEAUNDEA', 1505, 'PREMIER_SUITE'),
       (405, 'SOKCHO', 'KANGWONDO SOKCHO', 502, 'PLAZA_SUITE'),
       (406, 'SEOUL', 'SEOUL GANGNAM', 614, 'PREMIER_SUITE'),
       (407, 'BUSAN', 'BUSAN HEAUNDEA', 1814, 'PLAZA_SUITE'),
       (408, 'SOKCHO', 'KANGWONDO SOKCHO', 1204, 'DELUXE_DOUBLE'),
       (409, 'SEOUL', 'SEOUL GANGNAM', 602, 'PRESIDENTIAL_SUITE'),
       (410, 'BUSAN', 'BUSAN HEAUNDEA', 403, 'DELUXE_DOUBLE'),
       (411, 'SOKCHO', 'KANGWONDO SOKCHO', 1613, 'RESIDENTIAL_SUITE'),
       (412, 'SEOUL', 'SEOUL GANGNAM', 605, 'DELUXE_TWIN'),
       (413, 'BUSAN', 'BUSAN HEAUNDEA', 1205, 'SUPERIOR'),
       (414, 'SOKCHO', 'KANGWONDO SOKCHO', 1615, 'ROYAL_SUITE'),
       (415, 'SEOUL', 'SEOUL GANGNAM', 1211, 'DELUXE_DOUBLE'),
       (416, 'BUSAN', 'BUSAN HEAUNDEA', 711, 'PREMIER_SUITE'),
       (417, 'SOKCHO', 'KANGWONDO SOKCHO', 704, 'DELUXE_TWIN'),
       (418, 'SEOUL', 'SEOUL GANGNAM', 1501, 'EXECUTIVE_SUITE'),
       (419, 'BUSAN', 'BUSAN HEAUNDEA', 805, 'EXECUTIVE_SUITE'),
       (420, 'SOKCHO', 'KANGWONDO SOKCHO', 1502, 'EXECUTIVE_SUITE'),
       (421, 'SEOUL', 'SEOUL GANGNAM', 1705, 'RESIDENTIAL_SUITE'),
       (422, 'BUSAN', 'BUSAN HEAUNDEA', 1608, 'PRESIDENTIAL_SUITE'),
       (423, 'SOKCHO', 'KANGWONDO SOKCHO', 1710, 'DELUXE_DOUBLE'),
       (424, 'SEOUL', 'SEOUL GANGNAM', 1307, 'SUPERIOR'),
       (425, 'BUSAN', 'BUSAN HEAUNDEA', 708, 'SUPERIOR'),
       (426, 'SOKCHO', 'KANGWONDO SOKCHO', 1608, 'PRESIDENTIAL_SUITE'),
       (427, 'SEOUL', 'SEOUL GANGNAM', 704, 'PREMIER_SUITE'),
       (428, 'BUSAN', 'BUSAN HEAUNDEA', 406, 'PREMIER_SUITE'),
       (429, 'SOKCHO', 'KANGWONDO SOKCHO', 1411, 'RESIDENTIAL_SUITE'),
       (430, 'SEOUL', 'SEOUL GANGNAM', 1810, 'PLAZA_SUITE'),
       (431, 'BUSAN', 'BUSAN HEAUNDEA', 901, 'PRESIDENTIAL_SUITE'),
       (432, 'SOKCHO', 'KANGWONDO SOKCHO', 1603, 'DELUXE_TWIN'),
       (433, 'SEOUL', 'SEOUL GANGNAM', 1001, 'PLAZA_SUITE'),
       (434, 'BUSAN', 'BUSAN HEAUNDEA', 501, 'EXECUTIVE_SUITE'),
       (435, 'SOKCHO', 'KANGWONDO SOKCHO', 510, 'DELUXE_TWIN'),
       (436, 'SEOUL', 'SEOUL GANGNAM', 1801, 'PLAZA_SUITE'),
       (437, 'BUSAN', 'BUSAN HEAUNDEA', 514, 'SUPERIOR'),
       (438, 'SOKCHO', 'KANGWONDO SOKCHO', 1803, 'PREMIER_SUITE'),
       (439, 'SEOUL', 'SEOUL GANGNAM', 1006, 'RESIDENTIAL_SUITE'),
       (440, 'BUSAN', 'BUSAN HEAUNDEA', 1013, 'PRESIDENTIAL_SUITE'),
       (441, 'SOKCHO', 'KANGWONDO SOKCHO', 813, 'RESIDENTIAL_SUITE'),
       (442, 'SEOUL', 'SEOUL GANGNAM', 1006, 'PRESIDENTIAL_SUITE'),
       (443, 'BUSAN', 'BUSAN HEAUNDEA', 1508, 'ROYAL_SUITE'),
       (444, 'SOKCHO', 'KANGWONDO SOKCHO', 1707, 'PRESIDENTIAL_SUITE'),
       (445, 'SEOUL', 'SEOUL GANGNAM', 1602, 'DELUXE_TWIN'),
       (446, 'BUSAN', 'BUSAN HEAUNDEA', 1504, 'SUPERIOR'),
       (447, 'SOKCHO', 'KANGWONDO SOKCHO', 912, 'RESIDENTIAL_SUITE'),
       (448, 'SEOUL', 'SEOUL GANGNAM', 1706, 'EXECUTIVE_SUITE'),
       (449, 'BUSAN', 'BUSAN HEAUNDEA', 1508, 'PLAZA_SUITE'),
       (450, 'SOKCHO', 'KANGWONDO SOKCHO', 508, 'PLAZA_SUITE'),
       (451, 'SEOUL', 'SEOUL GANGNAM', 1311, 'RESIDENTIAL_SUITE'),
       (452, 'BUSAN', 'BUSAN HEAUNDEA', 601, 'PLAZA_SUITE'),
       (453, 'SOKCHO', 'KANGWONDO SOKCHO', 614, 'PLAZA_SUITE'),
       (454, 'SEOUL', 'SEOUL GANGNAM', 1608, 'PREMIER_SUITE'),
       (455, 'BUSAN', 'BUSAN HEAUNDEA', 611, 'ROYAL_SUITE'),
       (456, 'SOKCHO', 'KANGWONDO SOKCHO', 1814, 'PRESIDENTIAL_SUITE'),
       (457, 'SEOUL', 'SEOUL GANGNAM', 602, 'ROYAL_SUITE'),
       (458, 'BUSAN', 'BUSAN HEAUNDEA', 1113, 'PLAZA_SUITE'),
       (459, 'SOKCHO', 'KANGWONDO SOKCHO', 1009, 'RESIDENTIAL_SUITE'),
       (460, 'SEOUL', 'SEOUL GANGNAM', 1003, 'ROYAL_SUITE'),
       (461, 'BUSAN', 'BUSAN HEAUNDEA', 512, 'EXECUTIVE_SUITE'),
       (462, 'SOKCHO', 'KANGWONDO SOKCHO', 1608, 'PLAZA_SUITE'),
       (463, 'SEOUL', 'SEOUL GANGNAM', 1501, 'PREMIER_SUITE'),
       (464, 'BUSAN', 'BUSAN HEAUNDEA', 1611, 'DELUXE_DOUBLE'),
       (465, 'SOKCHO', 'KANGWONDO SOKCHO', 1401, 'SUPERIOR'),
       (466, 'SEOUL', 'SEOUL GANGNAM', 1814, 'DELUXE_TWIN'),
       (467, 'BUSAN', 'BUSAN HEAUNDEA', 1009, 'DELUXE_DOUBLE'),
       (468, 'SOKCHO', 'KANGWONDO SOKCHO', 1214, 'PLAZA_SUITE'),
       (469, 'SEOUL', 'SEOUL GANGNAM', 1209, 'DELUXE_DOUBLE'),
       (470, 'BUSAN', 'BUSAN HEAUNDEA', 715, 'ROYAL_SUITE'),
       (471, 'SOKCHO', 'KANGWONDO SOKCHO', 1710, 'DELUXE_TWIN'),
       (472, 'SEOUL', 'SEOUL GANGNAM', 1704, 'PREMIER_SUITE'),
       (473, 'BUSAN', 'BUSAN HEAUNDEA', 1002, 'PREMIER_SUITE'),
       (474, 'SOKCHO', 'KANGWONDO SOKCHO', 1302, 'PRESIDENTIAL_SUITE'),
       (475, 'SEOUL', 'SEOUL GANGNAM', 1101, 'EXECUTIVE_SUITE'),
       (476, 'BUSAN', 'BUSAN HEAUNDEA', 514, 'PREMIER_SUITE'),
       (477, 'SOKCHO', 'KANGWONDO SOKCHO', 1107, 'PREMIER_SUITE'),
       (478, 'SEOUL', 'SEOUL GANGNAM', 701, 'DELUXE_DOUBLE'),
       (479, 'BUSAN', 'BUSAN HEAUNDEA', 1415, 'SUPERIOR'),
       (480, 'SOKCHO', 'KANGWONDO SOKCHO', 1513, 'PRESIDENTIAL_SUITE'),
       (481, 'SEOUL', 'SEOUL GANGNAM', 1215, 'DELUXE_DOUBLE'),
       (482, 'BUSAN', 'BUSAN HEAUNDEA', 1314, 'PREMIER_SUITE'),
       (483, 'SOKCHO', 'KANGWONDO SOKCHO', 1304, 'DELUXE_TWIN'),
       (484, 'SEOUL', 'SEOUL GANGNAM', 1309, 'ROYAL_SUITE'),
       (485, 'BUSAN', 'BUSAN HEAUNDEA', 1204, 'EXECUTIVE_SUITE'),
       (486, 'SOKCHO', 'KANGWONDO SOKCHO', 504, 'DELUXE_DOUBLE'),
       (487, 'SEOUL', 'SEOUL GANGNAM', 1610, 'DELUXE_TWIN'),
       (488, 'BUSAN', 'BUSAN HEAUNDEA', 1610, 'DELUXE_DOUBLE'),
       (489, 'SOKCHO', 'KANGWONDO SOKCHO', 509, 'PRESIDENTIAL_SUITE'),
       (490, 'SEOUL', 'SEOUL GANGNAM', 602, 'EXECUTIVE_SUITE'),
       (491, 'BUSAN', 'BUSAN HEAUNDEA', 815, 'DELUXE_DOUBLE'),
       (492, 'SOKCHO', 'KANGWONDO SOKCHO', 1706, 'PLAZA_SUITE'),
       (493, 'SEOUL', 'SEOUL GANGNAM', 707, 'RESIDENTIAL_SUITE'),
       (494, 'BUSAN', 'BUSAN HEAUNDEA', 1712, 'DELUXE_DOUBLE'),
       (495, 'SOKCHO', 'KANGWONDO SOKCHO', 706, 'EXECUTIVE_SUITE'),
       (496, 'SEOUL', 'SEOUL GANGNAM', 1615, 'DELUXE_DOUBLE'),
       (497, 'BUSAN', 'BUSAN HEAUNDEA', 702, 'PLAZA_SUITE'),
       (498, 'SOKCHO', 'KANGWONDO SOKCHO', 1805, 'DELUXE_DOUBLE'),
       (499, 'SEOUL', 'SEOUL GANGNAM', 1712, 'PRESIDENTIAL_SUITE'),
       (500, 'BUSAN', 'BUSAN HEAUNDEA', 602, 'PLAZA_SUITE'),
       (501, 'SOKCHO', 'KANGWONDO SOKCHO', 609, 'DELUXE_TWIN'),
       (502, 'SEOUL', 'SEOUL GANGNAM', 1802, 'PRESIDENTIAL_SUITE'),
       (503, 'BUSAN', 'BUSAN HEAUNDEA', 501, 'DELUXE_DOUBLE'),
       (504, 'SOKCHO', 'KANGWONDO SOKCHO', 1710, 'DELUXE_DOUBLE'),
       (505, 'SEOUL', 'SEOUL GANGNAM', 1103, 'ROYAL_SUITE'),
       (506, 'BUSAN', 'BUSAN HEAUNDEA', 1709, 'DELUXE_TWIN'),
       (507, 'SOKCHO', 'KANGWONDO SOKCHO', 808, 'EXECUTIVE_SUITE'),
       (508, 'SEOUL', 'SEOUL GANGNAM', 407, 'DELUXE_DOUBLE'),
       (509, 'BUSAN', 'BUSAN HEAUNDEA', 1313, 'SUPERIOR'),
       (510, 'SOKCHO', 'KANGWONDO SOKCHO', 1401, 'PLAZA_SUITE'),
       (511, 'SEOUL', 'SEOUL GANGNAM', 1606, 'PRESIDENTIAL_SUITE'),
       (512, 'BUSAN', 'BUSAN HEAUNDEA', 1712, 'ROYAL_SUITE'),
       (513, 'SOKCHO', 'KANGWONDO SOKCHO', 502, 'DELUXE_DOUBLE'),
       (514, 'SEOUL', 'SEOUL GANGNAM', 1401, 'DELUXE_DOUBLE'),
       (515, 'BUSAN', 'BUSAN HEAUNDEA', 704, 'EXECUTIVE_SUITE'),
       (516, 'SOKCHO', 'KANGWONDO SOKCHO', 505, 'ROYAL_SUITE'),
       (517, 'SEOUL', 'SEOUL GANGNAM', 1606, 'PLAZA_SUITE'),
       (518, 'BUSAN', 'BUSAN HEAUNDEA', 1015, 'ROYAL_SUITE'),
       (519, 'SOKCHO', 'KANGWONDO SOKCHO', 506, 'EXECUTIVE_SUITE'),
       (520, 'SEOUL', 'SEOUL GANGNAM', 508, 'PREMIER_SUITE'),
       (521, 'BUSAN', 'BUSAN HEAUNDEA', 614, 'EXECUTIVE_SUITE'),
       (522, 'SOKCHO', 'KANGWONDO SOKCHO', 901, 'PLAZA_SUITE'),
       (523, 'SEOUL', 'SEOUL GANGNAM', 612, 'PRESIDENTIAL_SUITE'),
       (524, 'BUSAN', 'BUSAN HEAUNDEA', 909, 'DELUXE_DOUBLE'),
       (525, 'SOKCHO', 'KANGWONDO SOKCHO', 1103, 'DELUXE_DOUBLE'),
       (526, 'SEOUL', 'SEOUL GANGNAM', 810, 'PLAZA_SUITE'),
       (527, 'BUSAN', 'BUSAN HEAUNDEA', 609, 'DELUXE_TWIN'),
       (528, 'SOKCHO', 'KANGWONDO SOKCHO', 602, 'ROYAL_SUITE'),
       (529, 'SEOUL', 'SEOUL GANGNAM', 1006, 'RESIDENTIAL_SUITE'),
       (530, 'BUSAN', 'BUSAN HEAUNDEA', 1206, 'DELUXE_TWIN'),
       (531, 'SOKCHO', 'KANGWONDO SOKCHO', 1302, 'ROYAL_SUITE'),
       (532, 'SEOUL', 'SEOUL GANGNAM', 1302, 'DELUXE_TWIN'),
       (533, 'BUSAN', 'BUSAN HEAUNDEA', 505, 'PRESIDENTIAL_SUITE'),
       (534, 'SOKCHO', 'KANGWONDO SOKCHO', 1602, 'DELUXE_TWIN'),
       (535, 'SEOUL', 'SEOUL GANGNAM', 908, 'PLAZA_SUITE'),
       (536, 'BUSAN', 'BUSAN HEAUNDEA', 1002, 'PRESIDENTIAL_SUITE'),
       (537, 'SOKCHO', 'KANGWONDO SOKCHO', 603, 'DELUXE_TWIN'),
       (538, 'SEOUL', 'SEOUL GANGNAM', 808, 'PREMIER_SUITE'),
       (539, 'BUSAN', 'BUSAN HEAUNDEA', 807, 'DELUXE_TWIN'),
       (540, 'SOKCHO', 'KANGWONDO SOKCHO', 1514, 'EXECUTIVE_SUITE'),
       (541, 'SEOUL', 'SEOUL GANGNAM', 1203, 'PREMIER_SUITE'),
       (542, 'BUSAN', 'BUSAN HEAUNDEA', 1312, 'EXECUTIVE_SUITE'),
       (543, 'SOKCHO', 'KANGWONDO SOKCHO', 1510, 'PREMIER_SUITE'),
       (544, 'SEOUL', 'SEOUL GANGNAM', 1401, 'ROYAL_SUITE'),
       (545, 'BUSAN', 'BUSAN HEAUNDEA', 1301, 'RESIDENTIAL_SUITE'),
       (546, 'SOKCHO', 'KANGWONDO SOKCHO', 1214, 'PLAZA_SUITE'),
       (547, 'SEOUL', 'SEOUL GANGNAM', 1615, 'ROYAL_SUITE'),
       (548, 'BUSAN', 'BUSAN HEAUNDEA', 401, 'DELUXE_DOUBLE'),
       (549, 'SOKCHO', 'KANGWONDO SOKCHO', 1810, 'EXECUTIVE_SUITE'),
       (550, 'SEOUL', 'SEOUL GANGNAM', 1311, 'DELUXE_TWIN'),
       (551, 'BUSAN', 'BUSAN HEAUNDEA', 602, 'PREMIER_SUITE'),
       (552, 'SOKCHO', 'KANGWONDO SOKCHO', 612, 'PLAZA_SUITE'),
       (553, 'SEOUL', 'SEOUL GANGNAM', 406, 'EXECUTIVE_SUITE'),
       (554, 'BUSAN', 'BUSAN HEAUNDEA', 604, 'ROYAL_SUITE'),
       (555, 'SOKCHO', 'KANGWONDO SOKCHO', 1709, 'PREMIER_SUITE'),
       (556, 'SEOUL', 'SEOUL GANGNAM', 1403, 'PLAZA_SUITE'),
       (557, 'BUSAN', 'BUSAN HEAUNDEA', 603, 'PREMIER_SUITE'),
       (558, 'SOKCHO', 'KANGWONDO SOKCHO', 615, 'PREMIER_SUITE'),
       (559, 'SEOUL', 'SEOUL GANGNAM', 611, 'PREMIER_SUITE'),
       (560, 'BUSAN', 'BUSAN HEAUNDEA', 604, 'EXECUTIVE_SUITE'),
       (561, 'SOKCHO', 'KANGWONDO SOKCHO', 501, 'EXECUTIVE_SUITE'),
       (562, 'SEOUL', 'SEOUL GANGNAM', 1213, 'PRESIDENTIAL_SUITE'),
       (563, 'BUSAN', 'BUSAN HEAUNDEA', 1302, 'SUPERIOR'),
       (564, 'SOKCHO', 'KANGWONDO SOKCHO', 910, 'PLAZA_SUITE'),
       (565, 'SEOUL', 'SEOUL GANGNAM', 810, 'DELUXE_TWIN'),
       (566, 'BUSAN', 'BUSAN HEAUNDEA', 1114, 'PLAZA_SUITE'),
       (567, 'SOKCHO', 'KANGWONDO SOKCHO', 1609, 'DELUXE_DOUBLE'),
       (568, 'SEOUL', 'SEOUL GANGNAM', 705, 'SUPERIOR'),
       (569, 'BUSAN', 'BUSAN HEAUNDEA', 1603, 'DELUXE_TWIN'),
       (570, 'SOKCHO', 'KANGWONDO SOKCHO', 601, 'EXECUTIVE_SUITE'),
       (571, 'SEOUL', 'SEOUL GANGNAM', 1410, 'PREMIER_SUITE'),
       (572, 'BUSAN', 'BUSAN HEAUNDEA', 1801, 'ROYAL_SUITE'),
       (573, 'SOKCHO', 'KANGWONDO SOKCHO', 1809, 'PLAZA_SUITE'),
       (574, 'SEOUL', 'SEOUL GANGNAM', 1115, 'PRESIDENTIAL_SUITE'),
       (575, 'BUSAN', 'BUSAN HEAUNDEA', 814, 'DELUXE_DOUBLE'),
       (576, 'SOKCHO', 'KANGWONDO SOKCHO', 1513, 'PLAZA_SUITE'),
       (577, 'SEOUL', 'SEOUL GANGNAM', 1709, 'DELUXE_TWIN'),
       (578, 'BUSAN', 'BUSAN HEAUNDEA', 1501, 'DELUXE_TWIN'),
       (579, 'SOKCHO', 'KANGWONDO SOKCHO', 1302, 'SUPERIOR'),
       (580, 'SEOUL', 'SEOUL GANGNAM', 1001, 'DELUXE_TWIN'),
       (581, 'BUSAN', 'BUSAN HEAUNDEA', 1206, 'RESIDENTIAL_SUITE'),
       (582, 'SOKCHO', 'KANGWONDO SOKCHO', 1609, 'PREMIER_SUITE'),
       (583, 'SEOUL', 'SEOUL GANGNAM', 715, 'DELUXE_DOUBLE'),
       (584, 'BUSAN', 'BUSAN HEAUNDEA', 1102, 'PLAZA_SUITE'),
       (585, 'SOKCHO', 'KANGWONDO SOKCHO', 1510, 'DELUXE_DOUBLE'),
       (586, 'SEOUL', 'SEOUL GANGNAM', 401, 'SUPERIOR'),
       (587, 'BUSAN', 'BUSAN HEAUNDEA', 913, 'ROYAL_SUITE'),
       (588, 'SOKCHO', 'KANGWONDO SOKCHO', 607, 'RESIDENTIAL_SUITE'),
       (589, 'SEOUL', 'SEOUL GANGNAM', 909, 'PREMIER_SUITE'),
       (590, 'BUSAN', 'BUSAN HEAUNDEA', 1802, 'PRESIDENTIAL_SUITE'),
       (591, 'SOKCHO', 'KANGWONDO SOKCHO', 1708, 'EXECUTIVE_SUITE'),
       (592, 'SEOUL', 'SEOUL GANGNAM', 713, 'DELUXE_DOUBLE'),
       (593, 'BUSAN', 'BUSAN HEAUNDEA', 614, 'RESIDENTIAL_SUITE'),
       (594, 'SOKCHO', 'KANGWONDO SOKCHO', 1405, 'DELUXE_TWIN'),
       (595, 'SEOUL', 'SEOUL GANGNAM', 610, 'RESIDENTIAL_SUITE'),
       (596, 'BUSAN', 'BUSAN HEAUNDEA', 414, 'ROYAL_SUITE'),
       (597, 'SOKCHO', 'KANGWONDO SOKCHO', 512, 'EXECUTIVE_SUITE'),
       (598, 'SEOUL', 'SEOUL GANGNAM', 1204, 'PREMIER_SUITE'),
       (599, 'BUSAN', 'BUSAN HEAUNDEA', 1405, 'PLAZA_SUITE'),
       (600, 'SOKCHO', 'KANGWONDO SOKCHO', 1214, 'SUPERIOR'),
       (601, 'SEOUL', 'SEOUL GANGNAM', 1510, 'PRESIDENTIAL_SUITE'),
       (602, 'BUSAN', 'BUSAN HEAUNDEA', 1807, 'RESIDENTIAL_SUITE'),
       (603, 'SOKCHO', 'KANGWONDO SOKCHO', 904, 'PRESIDENTIAL_SUITE'),
       (604, 'SEOUL', 'SEOUL GANGNAM', 1713, 'RESIDENTIAL_SUITE'),
       (605, 'BUSAN', 'BUSAN HEAUNDEA', 1715, 'PREMIER_SUITE'),
       (606, 'SOKCHO', 'KANGWONDO SOKCHO', 1405, 'PLAZA_SUITE'),
       (607, 'SEOUL', 'SEOUL GANGNAM', 506, 'SUPERIOR'),
       (608, 'BUSAN', 'BUSAN HEAUNDEA', 1801, 'RESIDENTIAL_SUITE'),
       (609, 'SOKCHO', 'KANGWONDO SOKCHO', 814, 'EXECUTIVE_SUITE'),
       (610, 'SEOUL', 'SEOUL GANGNAM', 1608, 'DELUXE_DOUBLE'),
       (611, 'BUSAN', 'BUSAN HEAUNDEA', 812, 'DELUXE_TWIN'),
       (612, 'SOKCHO', 'KANGWONDO SOKCHO', 1004, 'PRESIDENTIAL_SUITE'),
       (613, 'SEOUL', 'SEOUL GANGNAM', 1408, 'ROYAL_SUITE'),
       (614, 'BUSAN', 'BUSAN HEAUNDEA', 510, 'PRESIDENTIAL_SUITE'),
       (615, 'SOKCHO', 'KANGWONDO SOKCHO', 1506, 'ROYAL_SUITE'),
       (616, 'SEOUL', 'SEOUL GANGNAM', 509, 'PLAZA_SUITE'),
       (617, 'BUSAN', 'BUSAN HEAUNDEA', 405, 'EXECUTIVE_SUITE'),
       (618, 'SOKCHO', 'KANGWONDO SOKCHO', 1702, 'DELUXE_DOUBLE'),
       (619, 'SEOUL', 'SEOUL GANGNAM', 1309, 'EXECUTIVE_SUITE'),
       (620, 'BUSAN', 'BUSAN HEAUNDEA', 1110, 'RESIDENTIAL_SUITE'),
       (621, 'SOKCHO', 'KANGWONDO SOKCHO', 1309, 'PRESIDENTIAL_SUITE'),
       (622, 'SEOUL', 'SEOUL GANGNAM', 702, 'ROYAL_SUITE'),
       (623, 'BUSAN', 'BUSAN HEAUNDEA', 804, 'EXECUTIVE_SUITE'),
       (624, 'SOKCHO', 'KANGWONDO SOKCHO', 1501, 'DELUXE_DOUBLE'),
       (625, 'SEOUL', 'SEOUL GANGNAM', 1512, 'DELUXE_DOUBLE'),
       (626, 'BUSAN', 'BUSAN HEAUNDEA', 811, 'EXECUTIVE_SUITE'),
       (627, 'SOKCHO', 'KANGWONDO SOKCHO', 412, 'DELUXE_DOUBLE'),
       (628, 'SEOUL', 'SEOUL GANGNAM', 1710, 'DELUXE_DOUBLE'),
       (629, 'BUSAN', 'BUSAN HEAUNDEA', 804, 'PLAZA_SUITE'),
       (630, 'SOKCHO', 'KANGWONDO SOKCHO', 909, 'PRESIDENTIAL_SUITE'),
       (631, 'SEOUL', 'SEOUL GANGNAM', 1112, 'RESIDENTIAL_SUITE'),
       (632, 'BUSAN', 'BUSAN HEAUNDEA', 1403, 'DELUXE_DOUBLE'),
       (633, 'SOKCHO', 'KANGWONDO SOKCHO', 1607, 'PLAZA_SUITE'),
       (634, 'SEOUL', 'SEOUL GANGNAM', 1007, 'SUPERIOR'),
       (635, 'BUSAN', 'BUSAN HEAUNDEA', 608, 'SUPERIOR'),
       (636, 'SOKCHO', 'KANGWONDO SOKCHO', 1401, 'SUPERIOR'),
       (637, 'SEOUL', 'SEOUL GANGNAM', 1004, 'DELUXE_DOUBLE'),
       (638, 'BUSAN', 'BUSAN HEAUNDEA', 614, 'PRESIDENTIAL_SUITE'),
       (639, 'SOKCHO', 'KANGWONDO SOKCHO', 1712, 'SUPERIOR'),
       (640, 'SEOUL', 'SEOUL GANGNAM', 1809, 'SUPERIOR'),
       (641, 'BUSAN', 'BUSAN HEAUNDEA', 1614, 'PRESIDENTIAL_SUITE'),
       (642, 'SOKCHO', 'KANGWONDO SOKCHO', 1311, 'DELUXE_DOUBLE'),
       (643, 'SEOUL', 'SEOUL GANGNAM', 405, 'PLAZA_SUITE'),
       (644, 'BUSAN', 'BUSAN HEAUNDEA', 1001, 'PREMIER_SUITE'),
       (645, 'SOKCHO', 'KANGWONDO SOKCHO', 1008, 'DELUXE_DOUBLE'),
       (646, 'SEOUL', 'SEOUL GANGNAM', 1714, 'PLAZA_SUITE'),
       (647, 'BUSAN', 'BUSAN HEAUNDEA', 403, 'ROYAL_SUITE'),
       (648, 'SOKCHO', 'KANGWONDO SOKCHO', 1611, 'SUPERIOR'),
       (649, 'SEOUL', 'SEOUL GANGNAM', 1311, 'PREMIER_SUITE'),
       (650, 'BUSAN', 'BUSAN HEAUNDEA', 1615, 'PRESIDENTIAL_SUITE'),
       (651, 'SOKCHO', 'KANGWONDO SOKCHO', 1205, 'PLAZA_SUITE'),
       (652, 'SEOUL', 'SEOUL GANGNAM', 1610, 'PLAZA_SUITE'),
       (653, 'BUSAN', 'BUSAN HEAUNDEA', 1101, 'RESIDENTIAL_SUITE'),
       (654, 'SOKCHO', 'KANGWONDO SOKCHO', 702, 'ROYAL_SUITE'),
       (655, 'SEOUL', 'SEOUL GANGNAM', 1811, 'PREMIER_SUITE'),
       (656, 'BUSAN', 'BUSAN HEAUNDEA', 1511, 'PLAZA_SUITE'),
       (657, 'SOKCHO', 'KANGWONDO SOKCHO', 1601, 'PRESIDENTIAL_SUITE'),
       (658, 'SEOUL', 'SEOUL GANGNAM', 1805, 'DELUXE_DOUBLE'),
       (659, 'BUSAN', 'BUSAN HEAUNDEA', 1003, 'PRESIDENTIAL_SUITE'),
       (660, 'SOKCHO', 'KANGWONDO SOKCHO', 1711, 'PRESIDENTIAL_SUITE'),
       (661, 'SEOUL', 'SEOUL GANGNAM', 1814, 'DELUXE_DOUBLE'),
       (662, 'BUSAN', 'BUSAN HEAUNDEA', 1602, 'DELUXE_DOUBLE'),
       (663, 'SOKCHO', 'KANGWONDO SOKCHO', 1207, 'ROYAL_SUITE'),
       (664, 'SEOUL', 'SEOUL GANGNAM', 811, 'PRESIDENTIAL_SUITE'),
       (665, 'BUSAN', 'BUSAN HEAUNDEA', 802, 'DELUXE_DOUBLE'),
       (666, 'SOKCHO', 'KANGWONDO SOKCHO', 1405, 'PRESIDENTIAL_SUITE'),
       (667, 'SEOUL', 'SEOUL GANGNAM', 614, 'PREMIER_SUITE'),
       (668, 'BUSAN', 'BUSAN HEAUNDEA', 1113, 'PRESIDENTIAL_SUITE'),
       (669, 'SOKCHO', 'KANGWONDO SOKCHO', 1106, 'ROYAL_SUITE'),
       (670, 'SEOUL', 'SEOUL GANGNAM', 1303, 'ROYAL_SUITE'),
       (671, 'BUSAN', 'BUSAN HEAUNDEA', 1101, 'DELUXE_DOUBLE'),
       (672, 'SOKCHO', 'KANGWONDO SOKCHO', 606, 'PLAZA_SUITE'),
       (673, 'SEOUL', 'SEOUL GANGNAM', 904, 'DELUXE_DOUBLE'),
       (674, 'BUSAN', 'BUSAN HEAUNDEA', 1811, 'EXECUTIVE_SUITE'),
       (675, 'SOKCHO', 'KANGWONDO SOKCHO', 810, 'PREMIER_SUITE');

INSERT INTO room_reservation (id, hotel_room_id, payment_id, customer_id, reservation_date, start_date, end_date, price)
VALUES (1, 261, 293, 110, '2019-12-22 0:00:00', '2019-12-26', '2019-12-28', 939000),
       (2, 247, 74, 156, '2023-07-15 0:00:00', '2023-07-25', '2023-07-30', 729000),
       (3, 254, 441, 190, '2019-07-06 0:00:00', '2019-07-09', '2019-07-12', 746000),
       (4, 291, 980, 13, '2023-04-28 0:00:00', '2023-05-02', '2023-05-12', 594000),
       (5, 49, 254, 53, '2019-02-11 0:00:00', '2019-02-20', '2019-02-25', 212000),
       (6, 125, 269, 26, '2022-09-25 0:00:00', '2022-09-29', '2022-10-08', 629000),
       (7, 629, 807, 51, '2023-10-26 0:00:00', '2023-11-01', '2023-11-03', 370000),
       (8, 370, 856, 10, '2021-08-16 0:00:00', '2021-08-25', '2021-08-26', 146000),
       (9, 53, 133, 114, '2022-06-23 0:00:00', '2022-06-28', '2022-07-07', 789000),
       (10, 200, 223, 70, '2021-12-09 0:00:00', '2021-12-11', '2021-12-20', 397000),
       (11, 535, 912, 174, '2018-10-10 0:00:00', '2018-10-13', '2018-10-22', 750000),
       (12, 154, 172, 158, '2019-02-07 0:00:00', '2019-02-14', '2019-02-18', 462000),
       (13, 345, 325, 115, '2020-03-08 0:00:00', '2020-03-10', '2020-03-14', 60000),
       (14, 271, 380, 90, '2020-04-06 0:00:00', '2020-04-09', '2020-04-17', 214000),
       (15, 541, 790, 22, '2021-09-03 0:00:00', '2021-09-08', '2021-09-13', 998000),
       (16, 644, 987, 135, '2018-11-24 0:00:00', '2018-12-01', '2018-12-10', 548000),
       (17, 556, 483, 41, '2018-08-20 0:00:00', '2018-08-29', '2018-08-31', 1125000),
       (18, 429, 692, 117, '2023-09-14 0:00:00', '2023-09-22', '2023-09-29', 420000),
       (19, 295, 661, 152, '2021-03-12 0:00:00', '2021-03-20', '2021-03-30', 1221000),
       (20, 450, 385, 138, '2020-11-06 0:00:00', '2020-11-13', '2020-11-15', 303000),
       (21, 159, 927, 167, '2023-07-29 0:00:00', '2023-07-30', '2023-08-05', 288000),
       (22, 285, 869, 65, '2022-02-17 0:00:00', '2022-02-27', '2022-03-05', 1492000),
       (23, 577, 130, 6, '2018-10-17 0:00:00', '2018-10-24', '2018-10-27', 394000),
       (24, 343, 674, 185, '2019-10-28 0:00:00', '2019-11-07', '2019-11-08', 169000),
       (25, 615, 706, 63, '2022-03-14 0:00:00', '2022-03-18', '2022-03-24', 270000),
       (26, 97, 214, 35, '2020-09-21 0:00:00', '2020-09-26', '2020-09-28', 249000),
       (27, 162, 112, 67, '2021-07-22 0:00:00', '2021-07-30', '2021-07-31', 464000),
       (28, 43, 903, 193, '2019-04-15 0:00:00', '2019-04-22', '2019-04-27', 872000),
       (29, 396, 393, 2, '2023-11-25 0:00:00', '2023-11-26', '2023-12-02', 121000),
       (30, 411, 519, 74, '2023-01-17 0:00:00', '2023-01-19', '2023-01-24', 432000),
       (31, 55, 189, 51, '2020-07-20 0:00:00', '2020-07-29', '2020-08-08', 384000),
       (32, 213, 124, 59, '2022-02-16 0:00:00', '2022-02-17', '2022-02-27', 16000),
       (33, 533, 681, 52, '2020-01-28 0:00:00', '2020-02-02', '2020-02-08', 1494000),
       (34, 659, 46, 100, '2021-03-30 0:00:00', '2021-04-01', '2021-04-02', 51000),
       (35, 27, 346, 49, '2020-07-25 0:00:00', '2020-07-28', '2020-08-03', 20000),
       (36, 48, 841, 39, '2019-04-04 0:00:00', '2019-04-14', '2019-04-15', 1275000),
       (37, 214, 596, 36, '2021-07-24 0:00:00', '2021-07-25', '2021-07-29', 424000),
       (38, 334, 756, 136, '2023-11-12 0:00:00', '2023-11-14', '2023-11-19', 368000),
       (39, 467, 176, 132, '2024-03-26 0:00:00', '2024-03-31', '2024-04-09', 690000),
       (40, 95, 707, 128, '2020-09-24 0:00:00', '2020-09-28', '2020-10-07', 1381000),
       (41, 381, 248, 89, '2021-08-06 0:00:00', '2021-08-11', '2021-08-12', 498000),
       (42, 5, 180, 31, '2023-02-08 0:00:00', '2023-02-12', '2023-02-14', 184000),
       (43, 255, 367, 47, '2020-10-31 0:00:00', '2020-11-04', '2020-11-12', 35000),
       (44, 122, 855, 102, '2023-08-24 0:00:00', '2023-08-28', '2023-09-03', 185000),
       (45, 3, 307, 70, '2024-02-21 0:00:00', '2024-02-25', '2024-03-05', 15000),
       (46, 64, 53, 181, '2023-07-27 0:00:00', '2023-08-06', '2023-08-12', 1196000),
       (47, 355, 785, 126, '2019-12-19 0:00:00', '2019-12-29', '2020-01-05', 771000),
       (48, 519, 439, 10, '2020-02-07 0:00:00', '2020-02-09', '2020-02-16', 24000),
       (49, 599, 801, 177, '2020-01-22 0:00:00', '2020-01-28', '2020-01-29', 710000),
       (50, 488, 753, 117, '2025-02-09 0:00:00', '2025-02-13', '2025-02-15', 186000),
       (51, 344, 178, 153, '2023-02-15 0:00:00', '2023-02-22', '2023-02-26', 25000),
       (52, 215, 177, 188, '2022-12-10 0:00:00', '2022-12-14', '2022-12-17', 1265000),
       (53, 65, 810, 180, '2023-08-14 0:00:00', '2023-08-19', '2023-08-23', 80000),
       (54, 514, 908, 62, '2018-11-06 0:00:00', '2018-11-07', '2018-11-14', 563000),
       (55, 462, 777, 171, '2020-01-10 0:00:00', '2020-01-14', '2020-01-23', 128000),
       (56, 442, 849, 36, '2023-08-15 0:00:00', '2023-08-17', '2023-08-18', 362000),
       (57, 370, 482, 101, '2019-02-12 0:00:00', '2019-02-21', '2019-03-02', 246000),
       (58, 241, 511, 169, '2019-08-17 0:00:00', '2019-08-23', '2019-08-28', 249000),
       (59, 274, 834, 200, '2018-08-24 0:00:00', '2018-08-27', '2018-08-31', 465000),
       (60, 156, 774, 98, '2022-11-12 0:00:00', '2022-11-21', '2022-11-28', 188000),
       (61, 644, 586, 175, '2020-06-26 0:00:00', '2020-06-27', '2020-07-01', 1341000),
       (62, 10, 558, 22, '2020-07-02 0:00:00', '2020-07-11', '2020-07-15', 1431000),
       (63, 600, 690, 92, '2019-06-09 0:00:00', '2019-06-19', '2019-06-26', 947000),
       (64, 161, 108, 193, '2023-02-08 0:00:00', '2023-02-17', '2023-02-22', 31000),
       (65, 415, 771, 128, '2020-10-15 0:00:00', '2020-10-23', '2020-11-02', 543000),
       (66, 236, 330, 72, '2020-01-03 0:00:00', '2020-01-08', '2020-01-14', 16000),
       (67, 675, 231, 29, '2018-07-25 0:00:00', '2018-07-27', '2018-07-30', 1027000),
       (68, 674, 545, 59, '2022-07-26 0:00:00', '2022-07-29', '2022-08-08', 228000),
       (69, 67, 571, 194, '2019-07-14 0:00:00', '2019-07-23', '2019-07-28', 905000),
       (70, 198, 255, 140, '2024-12-15 0:00:00', '2024-12-18', '2024-12-26', 1125000),
       (71, 578, 166, 145, '2020-08-22 0:00:00', '2020-08-28', '2020-08-31', 1721000),
       (72, 122, 299, 17, '2019-03-12 0:00:00', '2019-03-13', '2019-03-22', 297000),
       (73, 613, 87, 50, '2022-11-03 0:00:00', '2022-11-11', '2022-11-19', 1331000),
       (74, 569, 494, 152, '2023-03-23 0:00:00', '2023-04-02', '2023-04-04', 1438000),
       (75, 70, 829, 15, '2022-11-21 0:00:00', '2022-11-22', '2022-11-27', 498000),
       (76, 667, 215, 26, '2020-10-13 0:00:00', '2020-10-17', '2020-10-21', 966000),
       (77, 61, 673, 57, '2019-03-15 0:00:00', '2019-03-20', '2019-03-22', 599000),
       (78, 519, 365, 99, '2021-08-30 0:00:00', '2021-09-09', '2021-09-10', 696000),
       (79, 294, 358, 82, '2022-12-20 0:00:00', '2022-12-27', '2022-12-28', 522000),
       (80, 586, 300, 155, '2023-07-11 0:00:00', '2023-07-20', '2023-07-24', 478000),
       (81, 292, 580, 117, '2022-11-25 0:00:00', '2022-12-05', '2022-12-10', 4000),
       (82, 413, 495, 153, '2024-04-16 0:00:00', '2024-04-19', '2024-04-23', 501000),
       (83, 580, 5, 199, '2020-08-30 0:00:00', '2020-09-01', '2020-09-08', 39000),
       (84, 44, 867, 129, '2023-07-25 0:00:00', '2023-07-26', '2023-08-05', 1286000),
       (85, 655, 574, 170, '2022-06-12 0:00:00', '2022-06-18', '2022-06-28', 884000),
       (86, 574, 714, 139, '2018-03-10 0:00:00', '2018-03-14', '2018-03-20', 176000),
       (87, 375, 491, 24, '2022-11-15 0:00:00', '2022-11-22', '2022-11-25', 208000),
       (88, 39, 158, 180, '2023-10-26 0:00:00', '2023-10-29', '2023-11-08', 345000),
       (89, 494, 331, 133, '2019-01-05 0:00:00', '2019-01-12', '2019-01-16', 565000),
       (90, 268, 846, 123, '2020-05-04 0:00:00', '2020-05-08', '2020-05-10', 203000),
       (91, 287, 311, 81, '2021-01-11 0:00:00', '2021-01-16', '2021-01-19', 7000),
       (92, 635, 739, 135, '2023-01-28 0:00:00', '2023-02-05', '2023-02-12', 974000),
       (93, 334, 699, 40, '2018-10-13 0:00:00', '2018-10-15', '2018-10-23', 225000),
       (94, 100, 174, 43, '2023-10-21 0:00:00', '2023-10-23', '2023-11-02', 499000),
       (95, 621, 138, 25, '2019-08-08 0:00:00', '2019-08-15', '2019-08-20', 82000),
       (96, 625, 802, 164, '2022-10-08 0:00:00', '2022-10-15', '2022-10-16', 62000),
       (97, 522, 320, 67, '2020-04-22 0:00:00', '2020-04-23', '2020-04-29', 1005000),
       (98, 499, 355, 169, '2024-03-23 0:00:00', '2024-03-24', '2024-04-02', 636000),
       (99, 38, 569, 69, '2022-05-21 0:00:00', '2022-05-31', '2022-06-10', 189000),
       (100, 393, 162, 35, '2021-04-20 0:00:00', '2021-04-22', '2021-04-25', 953000),
       (101, 589, 8, 167, '2018-08-04 0:00:00', '2018-08-10', '2018-08-16', 309000),
       (102, 124, 30, 162, '2024-06-14 0:00:00', '2024-06-16', '2024-06-24', 667000),
       (103, 390, 725, 90, '2024-12-07 0:00:00', '2024-12-14', '2024-12-18', 1295000),
       (104, 270, 378, 176, '2021-03-28 0:00:00', '2021-03-31', '2021-04-06', 80000),
       (105, 631, 838, 110, '2022-08-02 0:00:00', '2022-08-12', '2022-08-19', 876000),
       (106, 263, 191, 100, '2020-08-27 0:00:00', '2020-09-05', '2020-09-13', 93000),
       (107, 202, 468, 80, '2022-03-03 0:00:00', '2022-03-06', '2022-03-07', 369000),
       (108, 612, 80, 105, '2019-08-28 0:00:00', '2019-09-03', '2019-09-11', 678000),
       (109, 369, 667, 181, '2024-01-17 0:00:00', '2024-01-26', '2024-02-02', 741000),
       (110, 653, 700, 146, '2019-08-01 0:00:00', '2019-08-07', '2019-08-17', 5000),
       (111, 78, 910, 188, '2021-04-20 0:00:00', '2021-04-28', '2021-05-01', 28000),
       (112, 445, 242, 155, '2021-02-11 0:00:00', '2021-02-18', '2021-02-21', 767000),
       (113, 257, 349, 120, '2023-10-25 0:00:00', '2023-11-02', '2023-11-06', 122000),
       (114, 533, 237, 87, '2024-01-14 0:00:00', '2024-01-15', '2024-01-25', 1071000),
       (115, 639, 950, 127, '2022-02-26 0:00:00', '2022-03-05', '2022-03-15', 483000),
       (116, 227, 916, 44, '2018-08-10 0:00:00', '2018-08-17', '2018-08-20', 27000),
       (117, 619, 390, 190, '2022-10-10 0:00:00', '2022-10-17', '2022-10-26', 491000),
       (118, 226, 302, 60, '2023-07-09 0:00:00', '2023-07-19', '2023-07-28', 5000),
       (119, 607, 452, 101, '2018-10-20 0:00:00', '2018-10-29', '2018-11-01', 153000),
       (120, 405, 657, 9, '2020-10-24 0:00:00', '2020-11-02', '2020-11-11', 862000),
       (121, 324, 760, 89, '2022-04-25 0:00:00', '2022-04-27', '2022-05-05', 264000),
       (122, 435, 905, 121, '2019-12-30 0:00:00', '2020-01-01', '2020-01-02', 12000),
       (123, 116, 347, 45, '2022-10-02 0:00:00', '2022-10-05', '2022-10-08', 102000),
       (124, 121, 261, 56, '2020-10-16 0:00:00', '2020-10-21', '2020-10-23', 54000),
       (125, 30, 772, 75, '2021-04-08 0:00:00', '2021-04-09', '2021-04-10', 236000),
       (126, 123, 136, 151, '2021-10-11 0:00:00', '2021-10-15', '2021-10-19', 190000),
       (127, 240, 879, 159, '2019-12-12 0:00:00', '2019-12-14', '2019-12-17', 318000),
       (128, 446, 410, 33, '2018-07-09 0:00:00', '2018-07-14', '2018-07-17', 451000),
       (129, 146, 286, 95, '2020-03-03 0:00:00', '2020-03-06', '2020-03-08', 104000),
       (130, 671, 576, 179, '2023-05-18 0:00:00', '2023-05-28', '2023-05-30', 249000),
       (131, 132, 61, 117, '2019-07-22 0:00:00', '2019-07-26', '2019-07-30', 897000),
       (132, 389, 486, 59, '2023-06-14 0:00:00', '2023-06-21', '2023-06-29', 543000),
       (133, 575, 592, 80, '2019-12-07 0:00:00', '2019-12-08', '2019-12-16', 394000),
       (134, 295, 368, 114, '2020-04-10 0:00:00', '2020-04-14', '2020-04-16', 478000),
       (135, 550, 683, 63, '2024-01-04 0:00:00', '2024-01-09', '2024-01-16', 268000),
       (136, 144, 450, 40, '2020-09-23 0:00:00', '2020-09-29', '2020-10-05', 1149000),
       (137, 361, 587, 138, '2021-09-21 0:00:00', '2021-09-22', '2021-09-25', 1153000),
       (138, 476, 634, 187, '2019-02-12 0:00:00', '2019-02-21', '2019-03-02', 456000),
       (139, 152, 644, 162, '2024-05-07 0:00:00', '2024-05-16', '2024-05-19', 885000),
       (140, 5, 977, 156, '2023-04-27 0:00:00', '2023-05-06', '2023-05-12', 106000),
       (141, 438, 459, 46, '2020-05-28 0:00:00', '2020-06-04', '2020-06-06', 750000),
       (142, 557, 354, 148, '2022-04-17 0:00:00', '2022-04-26', '2022-05-01', 293000),
       (143, 365, 806, 164, '2020-08-20 0:00:00', '2020-08-26', '2020-09-04', 1443000),
       (144, 371, 156, 121, '2023-04-29 0:00:00', '2023-05-04', '2023-05-07', 209000),
       (145, 230, 84, 151, '2018-10-03 0:00:00', '2018-10-12', '2018-10-14', 63000),
       (146, 626, 294, 30, '2020-06-25 0:00:00', '2020-06-28', '2020-07-07', 259000),
       (147, 143, 982, 6, '2023-09-21 0:00:00', '2023-09-23', '2023-09-24', 595000),
       (148, 251, 50, 13, '2019-05-23 0:00:00', '2019-05-24', '2019-06-01', 322000),
       (149, 490, 525, 19, '2019-08-21 0:00:00', '2019-08-31', '2019-09-04', 569000),
       (150, 42, 502, 122, '2020-08-09 0:00:00', '2020-08-19', '2020-08-23', 371000),
       (151, 38, 809, 61, '2019-12-05 0:00:00', '2019-12-10', '2019-12-16', 580000),
       (152, 240, 805, 70, '2019-02-17 0:00:00', '2019-02-21', '2019-02-23', 249000),
       (153, 352, 329, 172, '2022-07-03 0:00:00', '2022-07-08', '2022-07-17', 151000),
       (154, 323, 762, 97, '2021-02-02 0:00:00', '2021-02-05', '2021-02-06', 96000),
       (155, 319, 342, 117, '2021-06-09 0:00:00', '2021-06-16', '2021-06-22', 99000),
       (156, 222, 646, 178, '2022-04-02 0:00:00', '2022-04-05', '2022-04-08', 512000),
       (157, 183, 52, 72, '2024-02-02 0:00:00', '2024-02-10', '2024-02-11', 1870000),
       (158, 56, 794, 184, '2021-07-31 0:00:00', '2021-08-04', '2021-08-05', 291000),
       (159, 194, 897, 128, '2021-04-08 0:00:00', '2021-04-17', '2021-04-26', 125000),
       (160, 379, 658, 141, '2024-06-10 0:00:00', '2024-06-13', '2024-06-23', 235000),
       (161, 242, 123, 145, '2023-10-05 0:00:00', '2023-10-15', '2023-10-24', 0),
       (162, 534, 111, 167, '2021-02-22 0:00:00', '2021-02-28', '2021-03-05', 578000),
       (163, 9, 722, 11, '2019-06-25 0:00:00', '2019-07-04', '2019-07-07', 457000),
       (164, 275, 550, 85, '2022-02-14 0:00:00', '2022-02-16', '2022-02-22', 10000),
       (165, 338, 211, 155, '2024-08-24 0:00:00', '2024-08-30', '2024-09-02', 1686000),
       (166, 430, 821, 53, '2024-05-17 0:00:00', '2024-05-27', '2024-06-06', 1287000),
       (167, 642, 392, 3, '2021-07-13 0:00:00', '2021-07-23', '2021-08-01', 283000),
       (168, 512, 914, 190, '2018-10-05 0:00:00', '2018-10-08', '2018-10-10', 807000),
       (169, 251, 537, 20, '2024-06-03 0:00:00', '2024-06-13', '2024-06-15', 977000),
       (170, 601, 465, 175, '2025-02-04 0:00:00', '2025-02-12', '2025-02-21', 553000),
       (171, 411, 734, 174, '2023-08-14 0:00:00', '2023-08-24', '2023-08-25', 995000),
       (172, 151, 813, 117, '2019-08-02 0:00:00', '2019-08-09', '2019-08-18', 365000),
       (173, 640, 383, 82, '2021-07-06 0:00:00', '2021-07-08', '2021-07-13', 603000),
       (174, 609, 566, 192, '2024-03-30 0:00:00', '2024-04-03', '2024-04-07', 47000),
       (175, 636, 90, 97, '2024-12-28 0:00:00', '2025-01-01', '2025-01-08', 741000),
       (176, 649, 965, 90, '2019-12-23 0:00:00', '2020-01-01', '2020-01-05', 238000),
       (177, 120, 524, 184, '2024-08-05 0:00:00', '2024-08-12', '2024-08-18', 505000),
       (178, 182, 729, 69, '2023-03-11 0:00:00', '2023-03-21', '2023-03-22', 683000),
       (179, 387, 19, 42, '2020-12-05 0:00:00', '2020-12-14', '2020-12-22', 264000),
       (180, 46, 995, 86, '2023-01-23 0:00:00', '2023-01-28', '2023-02-06', 113000),
       (181, 437, 9, 157, '2019-06-14 0:00:00', '2019-06-18', '2019-06-23', 940000),
       (182, 44, 102, 118, '2022-11-28 0:00:00', '2022-12-04', '2022-12-10', 1663000),
       (183, 331, 648, 167, '2019-03-31 0:00:00', '2019-04-03', '2019-04-08', 101000),
       (184, 159, 827, 141, '2021-06-01 0:00:00', '2021-06-11', '2021-06-21', 838000),
       (185, 161, 454, 22, '2023-09-05 0:00:00', '2023-09-10', '2023-09-15', 675000),
       (186, 562, 535, 67, '2021-06-18 0:00:00', '2021-06-25', '2021-06-28', 568000),
       (187, 255, 126, 43, '2023-06-10 0:00:00', '2023-06-13', '2023-06-23', 64000),
       (188, 76, 733, 176, '2020-07-12 0:00:00', '2020-07-20', '2020-07-23', 392000),
       (189, 410, 891, 88, '2024-10-13 0:00:00', '2024-10-15', '2024-10-23', 639000),
       (190, 238, 301, 73, '2024-08-08 0:00:00', '2024-08-15', '2024-08-16', 768000),
       (191, 527, 235, 91, '2021-04-18 0:00:00', '2021-04-23', '2021-05-02', 842000),
       (192, 302, 590, 38, '2023-01-24 0:00:00', '2023-02-03', '2023-02-06', 735000),
       (193, 625, 13, 13, '2022-07-17 0:00:00', '2022-07-27', '2022-08-05', 412000),
       (194, 451, 28, 115, '2024-03-05 0:00:00', '2024-03-13', '2024-03-17', 145000),
       (195, 414, 636, 25, '2022-04-09 0:00:00', '2022-04-14', '2022-04-16', 913000),
       (196, 621, 14, 87, '2023-02-22 0:00:00', '2023-03-03', '2023-03-11', 467000),
       (197, 57, 947, 125, '2023-09-28 0:00:00', '2023-10-04', '2023-10-14', 174000),
       (198, 651, 929, 152, '2023-09-10 0:00:00', '2023-09-11', '2023-09-17', 366000),
       (199, 177, 152, 10, '2022-08-17 0:00:00', '2022-08-20', '2022-08-25', 134000),
       (200, 348, 583, 89, '2022-12-13 0:00:00', '2022-12-15', '2022-12-16', 270000),
       (201, 291, 709, 69, '2022-12-22 0:00:00', '2022-12-25', '2023-01-02', 76000),
       (202, 329, 589, 163, '2020-10-05 0:00:00', '2020-10-11', '2020-10-17', 463000),
       (203, 82, 966, 153, '2023-09-19 0:00:00', '2023-09-27', '2023-09-28', 18000),
       (204, 258, 719, 113, '2020-05-14 0:00:00', '2020-05-15', '2020-05-16', 583000),
       (205, 444, 351, 144, '2021-04-02 0:00:00', '2021-04-03', '2021-04-04', 165000),
       (206, 108, 870, 14, '2023-10-09 0:00:00', '2023-10-19', '2023-10-25', 64000),
       (207, 632, 75, 4, '2022-11-14 0:00:00', '2022-11-19', '2022-11-23', 1368000),
       (208, 592, 436, 7, '2022-05-19 0:00:00', '2022-05-22', '2022-05-28', 733000),
       (209, 323, 33, 39, '2024-05-20 0:00:00', '2024-05-23', '2024-05-30', 1648000),
       (210, 300, 653, 92, '2021-05-01 0:00:00', '2021-05-10', '2021-05-14', 152000),
       (211, 524, 26, 118, '2021-06-11 0:00:00', '2021-06-12', '2021-06-17', 661000),
       (212, 6, 758, 86, '2023-05-29 0:00:00', '2023-05-31', '2023-06-10', 23000),
       (213, 203, 830, 144, '2024-03-27 0:00:00', '2024-03-28', '2024-03-31', 993000),
       (214, 197, 270, 72, '2021-04-25 0:00:00', '2021-05-02', '2021-05-04', 76000),
       (215, 501, 895, 136, '2023-06-12 0:00:00', '2023-06-14', '2023-06-17', 104000),
       (216, 180, 402, 49, '2019-10-13 0:00:00', '2019-10-17', '2019-10-22', 1033000),
       (217, 533, 137, 77, '2024-03-26 0:00:00', '2024-04-02', '2024-04-06', 1721000),
       (218, 393, 621, 190, '2020-08-14 0:00:00', '2020-08-17', '2020-08-22', 80000),
       (219, 551, 509, 123, '2022-01-16 0:00:00', '2022-01-25', '2022-02-02', 59000),
       (220, 651, 961, 193, '2021-10-25 0:00:00', '2021-11-02', '2021-11-08', 433000),
       (221, 23, 212, 78, '2018-12-16 0:00:00', '2018-12-19', '2018-12-26', 499000),
       (222, 354, 606, 34, '2020-06-10 0:00:00', '2020-06-14', '2020-06-15', 554000),
       (223, 242, 288, 94, '2023-03-01 0:00:00', '2023-03-07', '2023-03-08', 815000),
       (224, 189, 371, 164, '2021-03-05 0:00:00', '2021-03-06', '2021-03-14', 580000),
       (225, 188, 610, 147, '2024-04-19 0:00:00', '2024-04-25', '2024-04-29', 428000),
       (226, 45, 489, 62, '2021-12-07 0:00:00', '2021-12-16', '2021-12-24', 325000),
       (227, 201, 275, 16, '2024-11-07 0:00:00', '2024-11-14', '2024-11-19', 994000),
       (228, 453, 161, 60, '2019-12-29 0:00:00', '2020-01-01', '2020-01-06', 59000),
       (229, 451, 680, 176, '2024-01-12 0:00:00', '2024-01-15', '2024-01-17', 385000),
       (230, 463, 352, 188, '2024-05-24 0:00:00', '2024-06-03', '2024-06-11', 348000),
       (231, 628, 484, 75, '2020-12-02 0:00:00', '2020-12-03', '2020-12-07', 166000),
       (232, 597, 750, 28, '2021-07-08 0:00:00', '2021-07-14', '2021-07-15', 434000),
       (233, 222, 872, 148, '2023-11-25 0:00:00', '2023-11-30', '2023-12-07', 733000),
       (234, 198, 565, 183, '2020-11-11 0:00:00', '2020-11-19', '2020-11-26', 363000),
       (235, 418, 820, 113, '2024-07-16 0:00:00', '2024-07-25', '2024-08-03', 871000),
       (236, 371, 874, 4, '2022-03-20 0:00:00', '2022-03-29', '2022-04-05', 6000),
       (237, 175, 935, 112, '2018-12-17 0:00:00', '2018-12-22', '2018-12-27', 275000),
       (238, 195, 728, 72, '2019-08-28 0:00:00', '2019-09-06', '2019-09-12', 365000),
       (239, 516, 16, 32, '2019-06-29 0:00:00', '2019-07-06', '2019-07-14', 18000),
       (240, 292, 398, 160, '2018-07-24 0:00:00', '2018-07-28', '2018-07-30', 1071000),
       (241, 617, 803, 173, '2023-04-01 0:00:00', '2023-04-09', '2023-04-18', 158000),
       (242, 449, 716, 18, '2022-11-05 0:00:00', '2022-11-08', '2022-11-15', 1319000),
       (243, 479, 39, 46, '2021-11-14 0:00:00', '2021-11-24', '2021-11-27', 447000),
       (244, 493, 226, 79, '2021-07-23 0:00:00', '2021-08-01', '2021-08-03', 1117000),
       (245, 307, 593, 181, '2023-12-09 0:00:00', '2023-12-17', '2023-12-18', 97000),
       (246, 526, 374, 151, '2021-06-29 0:00:00', '2021-07-03', '2021-07-09', 332000),
       (247, 631, 147, 53, '2019-02-28 0:00:00', '2019-03-04', '2019-03-12', 1404000),
       (248, 651, 791, 31, '2020-05-31 0:00:00', '2020-06-10', '2020-06-14', 1053000),
       (249, 30, 994, 40, '2020-04-18 0:00:00', '2020-04-25', '2020-05-03', 366000),
       (250, 581, 627, 119, '2022-06-06 0:00:00', '2022-06-10', '2022-06-18', 46000),
       (251, 151, 826, 105, '2019-02-03 0:00:00', '2019-02-05', '2019-02-08', 37000),
       (252, 500, 460, 165, '2021-10-21 0:00:00', '2021-10-29', '2021-10-30', 249000),
       (253, 269, 414, 173, '2020-05-19 0:00:00', '2020-05-21', '2020-05-26', 33000),
       (254, 282, 740, 98, '2023-01-22 0:00:00', '2023-01-30', '2023-02-06', 1127000),
       (255, 453, 116, 106, '2019-12-04 0:00:00', '2019-12-05', '2019-12-11', 807000),
       (256, 654, 848, 78, '2020-09-27 0:00:00', '2020-10-02', '2020-10-05', 16000),
       (257, 105, 944, 114, '2018-11-15 0:00:00', '2018-11-23', '2018-11-29', 1161000),
       (258, 398, 507, 166, '2018-06-09 0:00:00', '2018-06-17', '2018-06-22', 768000),
       (259, 441, 395, 164, '2022-08-17 0:00:00', '2022-08-24', '2022-09-01', 1003000),
       (260, 263, 386, 55, '2022-02-25 0:00:00', '2022-03-07', '2022-03-16', 1186000),
       (261, 210, 675, 170, '2023-12-30 0:00:00', '2024-01-05', '2024-01-10', 391000),
       (262, 392, 799, 16, '2022-12-30 0:00:00', '2023-01-07', '2023-01-11', 97000),
       (263, 85, 833, 106, '2020-10-02 0:00:00', '2020-10-03', '2020-10-10', 246000),
       (264, 355, 931, 159, '2023-10-26 0:00:00', '2023-10-27', '2023-11-04', 574000),
       (265, 387, 369, 81, '2019-02-18 0:00:00', '2019-02-22', '2019-02-28', 336000),
       (266, 324, 647, 177, '2019-07-15 0:00:00', '2019-07-25', '2019-07-26', 170000),
       (267, 488, 485, 134, '2020-06-06 0:00:00', '2020-06-16', '2020-06-24', 1152000),
       (268, 457, 409, 104, '2023-01-08 0:00:00', '2023-01-18', '2023-01-25', 75000),
       (269, 497, 277, 25, '2022-04-06 0:00:00', '2022-04-10', '2022-04-12', 493000),
       (270, 254, 412, 35, '2020-12-03 0:00:00', '2020-12-10', '2020-12-14', 776000),
       (271, 367, 594, 42, '2019-03-16 0:00:00', '2019-03-26', '2019-03-28', 1159000),
       (272, 63, 520, 119, '2021-01-03 0:00:00', '2021-01-08', '2021-01-12', 148000),
       (273, 226, 469, 146, '2020-04-22 0:00:00', '2020-04-27', '2020-05-07', 744000),
       (274, 145, 473, 189, '2018-04-13 0:00:00', '2018-04-14', '2018-04-22', 1272000),
       (275, 274, 232, 93, '2020-12-20 0:00:00', '2020-12-26', '2021-01-05', 482000),
       (276, 486, 904, 172, '2023-05-06 0:00:00', '2023-05-10', '2023-05-11', 1162000),
       (277, 343, 343, 105, '2020-04-24 0:00:00', '2020-05-01', '2020-05-02', 1508000),
       (278, 342, 24, 197, '2024-01-22 0:00:00', '2024-01-28', '2024-02-07', 40000),
       (279, 387, 628, 107, '2022-05-11 0:00:00', '2022-05-13', '2022-05-18', 526000),
       (280, 595, 954, 61, '2020-03-17 0:00:00', '2020-03-21', '2020-03-27', 512000),
       (281, 415, 32, 39, '2023-03-06 0:00:00', '2023-03-11', '2023-03-19', 838000),
       (282, 555, 444, 108, '2021-02-25 0:00:00', '2021-02-28', '2021-03-06', 229000),
       (283, 422, 717, 15, '2019-01-28 0:00:00', '2019-02-04', '2019-02-07', 1236000),
       (284, 137, 941, 16, '2022-11-27 0:00:00', '2022-12-04', '2022-12-13', 393000),
       (285, 473, 691, 4, '2020-09-15 0:00:00', '2020-09-20', '2020-09-24', 225000),
       (286, 277, 21, 158, '2025-01-03 0:00:00', '2025-01-04', '2025-01-11', 616000),
       (287, 314, 844, 43, '2023-10-31 0:00:00', '2023-11-03', '2023-11-05', 1775000),
       (288, 83, 888, 47, '2024-01-12 0:00:00', '2024-01-15', '2024-01-16', 38000),
       (289, 170, 789, 7, '2021-03-11 0:00:00', '2021-03-18', '2021-03-27', 118000),
       (290, 621, 144, 180, '2024-12-06 0:00:00', '2024-12-10', '2024-12-20', 255000),
       (291, 46, 56, 94, '2019-05-04 0:00:00', '2019-05-10', '2019-05-18', 508000),
       (292, 594, 45, 160, '2019-09-16 0:00:00', '2019-09-20', '2019-09-30', 938000),
       (293, 630, 890, 156, '2018-12-06 0:00:00', '2018-12-11', '2018-12-15', 372000),
       (294, 214, 971, 164, '2018-03-03 0:00:00', '2018-03-09', '2018-03-17', 1163000),
       (295, 127, 415, 61, '2021-06-21 0:00:00', '2021-06-30', '2021-07-04', 1587000),
       (296, 251, 920, 171, '2023-03-26 0:00:00', '2023-03-27', '2023-03-30', 134000),
       (297, 411, 316, 89, '2018-10-30 0:00:00', '2018-11-07', '2018-11-14', 483000),
       (298, 189, 188, 172, '2024-01-26 0:00:00', '2024-02-02', '2024-02-06', 77000),
       (299, 375, 677, 76, '2020-11-12 0:00:00', '2020-11-13', '2020-11-23', 11000),
       (300, 367, 338, 34, '2020-01-18 0:00:00', '2020-01-21', '2020-01-29', 570000),
       (301, 471, 167, 26, '2025-02-01 0:00:00', '2025-02-07', '2025-02-08', 533000),
       (302, 361, 184, 184, '2022-03-04 0:00:00', '2022-03-05', '2022-03-11', 1447000),
       (303, 172, 572, 114, '2020-11-20 0:00:00', '2020-11-24', '2020-12-01', 1748000),
       (304, 176, 883, 178, '2018-10-10 0:00:00', '2018-10-16', '2018-10-19', 79000),
       (305, 464, 262, 39, '2020-05-13 0:00:00', '2020-05-18', '2020-05-26', 462000),
       (306, 587, 43, 29, '2024-04-23 0:00:00', '2024-04-30', '2024-05-10', 211000),
       (307, 217, 362, 32, '2021-11-03 0:00:00', '2021-11-10', '2021-11-11', 904000),
       (308, 29, 533, 43, '2020-07-03 0:00:00', '2020-07-11', '2020-07-12', 1322000),
       (309, 516, 957, 19, '2021-12-08 0:00:00', '2021-12-13', '2021-12-20', 438000),
       (310, 530, 899, 160, '2019-07-03 0:00:00', '2019-07-05', '2019-07-13', 77000),
       (311, 658, 668, 116, '2022-06-15 0:00:00', '2022-06-16', '2022-06-20', 734000),
       (312, 420, 906, 51, '2018-08-09 0:00:00', '2018-08-16', '2018-08-18', 458000),
       (313, 215, 786, 3, '2024-06-19 0:00:00', '2024-06-25', '2024-07-01', 188000),
       (314, 285, 671, 107, '2023-08-23 0:00:00', '2023-08-29', '2023-09-05', 96000),
       (315, 235, 915, 152, '2019-03-25 0:00:00', '2019-03-29', '2019-04-08', 1650000),
       (316, 386, 624, 68, '2020-05-07 0:00:00', '2020-05-16', '2020-05-18', 280000),
       (317, 382, 70, 181, '2018-07-28 0:00:00', '2018-07-29', '2018-08-04', 83000),
       (318, 402, 216, 131, '2023-08-07 0:00:00', '2023-08-14', '2023-08-23', 740000),
       (319, 158, 245, 165, '2023-01-14 0:00:00', '2023-01-24', '2023-01-30', 1030000),
       (320, 596, 314, 64, '2020-09-23 0:00:00', '2020-10-02', '2020-10-07', 158000),
       (321, 453, 249, 46, '2021-01-03 0:00:00', '2021-01-08', '2021-01-10', 161000),
       (322, 649, 811, 9, '2024-06-29 0:00:00', '2024-07-07', '2024-07-09', 355000),
       (323, 77, 163, 16, '2023-06-07 0:00:00', '2023-06-13', '2023-06-14', 552000),
       (324, 86, 187, 14, '2022-06-17 0:00:00', '2022-06-25', '2022-07-03', 762000),
       (325, 267, 148, 45, '2021-09-03 0:00:00', '2021-09-13', '2021-09-17', 101000),
       (326, 417, 942, 94, '2025-03-01 0:00:00', '2025-03-06', '2025-03-12', 228000),
       (327, 87, 637, 89, '2020-07-26 0:00:00', '2020-08-01', '2020-08-09', 183000),
       (328, 66, 115, 35, '2021-03-26 0:00:00', '2021-04-04', '2021-04-11', 34000),
       (329, 601, 755, 130, '2022-08-02 0:00:00', '2022-08-04', '2022-08-10', 1492000),
       (330, 480, 970, 96, '2023-01-20 0:00:00', '2023-01-24', '2023-01-28', 775000),
       (331, 493, 372, 200, '2018-09-29 0:00:00', '2018-10-02', '2018-10-08', 445000),
       (332, 606, 836, 79, '2024-09-25 0:00:00', '2024-10-04', '2024-10-06', 313000),
       (333, 382, 327, 178, '2019-12-17 0:00:00', '2019-12-23', '2020-01-02', 420000),
       (334, 326, 996, 161, '2020-12-11 0:00:00', '2020-12-12', '2020-12-21', 984000),
       (335, 397, 705, 143, '2018-07-15 0:00:00', '2018-07-17', '2018-07-23', 64000),
       (336, 571, 66, 26, '2023-12-07 0:00:00', '2023-12-10', '2023-12-20', 1961000),
       (337, 384, 285, 112, '2022-05-12 0:00:00', '2022-05-13', '2022-05-23', 1168000),
       (338, 197, 382, 5, '2024-02-16 0:00:00', '2024-02-17', '2024-02-26', 755000),
       (339, 614, 682, 136, '2023-04-20 0:00:00', '2023-04-27', '2023-05-07', 283000),
       (340, 565, 100, 29, '2019-05-21 0:00:00', '2019-05-24', '2019-05-31', 341000),
       (341, 466, 98, 95, '2022-11-11 0:00:00', '2022-11-15', '2022-11-22', 1541000),
       (342, 321, 207, 3, '2019-02-08 0:00:00', '2019-02-09', '2019-02-14', 53000),
       (343, 140, 387, 34, '2024-04-05 0:00:00', '2024-04-08', '2024-04-18', 881000),
       (344, 202, 643, 38, '2019-02-01 0:00:00', '2019-02-04', '2019-02-09', 99000),
       (345, 9, 429, 89, '2019-08-23 0:00:00', '2019-08-26', '2019-08-31', 1709000),
       (346, 190, 370, 94, '2019-12-24 0:00:00', '2019-12-25', '2020-01-01', 1694000),
       (347, 193, 77, 158, '2023-12-10 0:00:00', '2023-12-18', '2023-12-26', 5000),
       (348, 114, 457, 128, '2020-08-22 0:00:00', '2020-08-30', '2020-09-02', 25000),
       (349, 393, 554, 172, '2018-07-04 0:00:00', '2018-07-12', '2018-07-14', 746000),
       (350, 541, 1, 40, '2023-11-14 0:00:00', '2023-11-20', '2023-11-22', 158000),
       (351, 309, 847, 21, '2023-06-08 0:00:00', '2023-06-09', '2023-06-14', 1503000),
       (352, 501, 678, 98, '2018-10-14 0:00:00', '2018-10-21', '2018-10-26', 953000),
       (353, 256, 600, 87, '2022-03-13 0:00:00', '2022-03-17', '2022-03-19', 58000),
       (354, 153, 437, 120, '2022-12-11 0:00:00', '2022-12-19', '2022-12-29', 630000),
       (355, 74, 474, 180, '2019-10-16 0:00:00', '2019-10-19', '2019-10-28', 710000),
       (356, 202, 945, 137, '2019-05-10 0:00:00', '2019-05-11', '2019-05-12', 99000),
       (357, 525, 875, 50, '2020-03-22 0:00:00', '2020-03-29', '2020-04-06', 901000),
       (358, 163, 194, 124, '2018-09-10 0:00:00', '2018-09-16', '2018-09-20', 51000),
       (359, 592, 736, 176, '2019-03-29 0:00:00', '2019-04-02', '2019-04-08', 1123000),
       (360, 317, 958, 68, '2023-07-13 0:00:00', '2023-07-14', '2023-07-24', 140000),
       (361, 540, 217, 81, '2022-06-10 0:00:00', '2022-06-11', '2022-06-16', 825000),
       (362, 483, 775, 161, '2023-11-08 0:00:00', '2023-11-13', '2023-11-14', 250000),
       (363, 184, 660, 46, '2019-07-18 0:00:00', '2019-07-20', '2019-07-29', 891000),
       (364, 179, 695, 187, '2021-07-19 0:00:00', '2021-07-23', '2021-07-28', 1304000),
       (365, 487, 265, 197, '2023-03-12 0:00:00', '2023-03-15', '2023-03-17', 1037000),
       (366, 329, 129, 14, '2024-02-26 0:00:00', '2024-03-02', '2024-03-09', 592000),
       (367, 281, 989, 29, '2023-12-28 0:00:00', '2024-01-01', '2024-01-05', 892000),
       (368, 477, 31, 159, '2021-09-12 0:00:00', '2021-09-14', '2021-09-17', 200000),
       (369, 282, 339, 148, '2021-01-17 0:00:00', '2021-01-19', '2021-01-29', 758000),
       (370, 180, 291, 54, '2023-12-26 0:00:00', '2023-12-31', '2024-01-05', 164000),
       (371, 491, 959, 101, '2020-08-21 0:00:00', '2020-08-31', '2020-09-09', 12000),
       (372, 309, 605, 142, '2023-10-26 0:00:00', '2023-10-27', '2023-10-29', 381000),
       (373, 410, 599, 89, '2021-10-05 0:00:00', '2021-10-14', '2021-10-17', 313000),
       (374, 166, 41, 93, '2019-02-12 0:00:00', '2019-02-22', '2019-03-04', 1033000),
       (375, 366, 40, 67, '2019-12-26 0:00:00', '2019-12-29', '2020-01-02', 348000),
       (376, 630, 230, 187, '2024-03-31 0:00:00', '2024-04-08', '2024-04-15', 6000),
       (377, 418, 986, 86, '2023-08-11 0:00:00', '2023-08-16', '2023-08-23', 988000),
       (378, 445, 864, 150, '2019-01-05 0:00:00', '2019-01-13', '2019-01-21', 138000),
       (379, 146, 990, 54, '2024-05-16 0:00:00', '2024-05-22', '2024-05-27', 972000),
       (380, 561, 379, 138, '2022-11-14 0:00:00', '2022-11-24', '2022-12-02', 234000),
       (381, 3, 422, 16, '2019-04-12 0:00:00', '2019-04-14', '2019-04-22', 824000),
       (382, 601, 937, 10, '2022-04-12 0:00:00', '2022-04-15', '2022-04-17', 102000),
       (383, 1, 85, 3, '2021-02-13 0:00:00', '2021-02-15', '2021-02-23', 1561000),
       (384, 17, 723, 196, '2021-02-08 0:00:00', '2021-02-10', '2021-02-13', 173000),
       (385, 340, 544, 56, '2024-04-28 0:00:00', '2024-05-01', '2024-05-06', 528000),
       (386, 652, 973, 87, '2020-03-22 0:00:00', '2020-03-27', '2020-04-04', 203000),
       (387, 120, 10, 37, '2022-06-28 0:00:00', '2022-06-30', '2022-07-04', 84000),
       (388, 277, 763, 94, '2021-08-10 0:00:00', '2021-08-19', '2021-08-20', 424000),
       (389, 364, 926, 181, '2020-11-05 0:00:00', '2020-11-13', '2020-11-19', 4000),
       (390, 54, 67, 183, '2022-04-09 0:00:00', '2022-04-16', '2022-04-17', 433000),
       (391, 446, 195, 82, '2023-07-17 0:00:00', '2023-07-20', '2023-07-25', 240000),
       (392, 533, 333, 186, '2021-12-27 0:00:00', '2022-01-06', '2022-01-15', 715000),
       (393, 94, 664, 5, '2018-08-23 0:00:00', '2018-08-28', '2018-09-01', 341000),
       (394, 612, 523, 56, '2019-05-13 0:00:00', '2019-05-15', '2019-05-23', 542000),
       (395, 276, 283, 134, '2021-01-15 0:00:00', '2021-01-20', '2021-01-28', 1392000),
       (396, 312, 492, 26, '2018-04-17 0:00:00', '2018-04-24', '2018-04-26', 274000),
       (397, 46, 562, 58, '2022-07-31 0:00:00', '2022-08-09', '2022-08-13', 1407000),
       (398, 469, 493, 126, '2022-11-12 0:00:00', '2022-11-21', '2022-11-26', 275000),
       (399, 216, 917, 124, '2019-12-22 0:00:00', '2020-01-01', '2020-01-04', 507000),
       (400, 141, 186, 21, '2021-10-13 0:00:00', '2021-10-17', '2021-10-21', 692000),
       (401, 349, 526, 172, '2021-12-17 0:00:00', '2021-12-23', '2021-12-25', 889000),
       (402, 386, 447, 57, '2019-11-16 0:00:00', '2019-11-20', '2019-11-30', 195000),
       (403, 504, 258, 148, '2022-11-16 0:00:00', '2022-11-22', '2022-11-29', 474000),
       (404, 573, 78, 164, '2023-11-20 0:00:00', '2023-11-21', '2023-11-29', 1005000),
       (405, 148, 464, 14, '2025-04-06 0:00:00', '2025-04-12', '2025-04-18', 322000),
       (406, 435, 273, 101, '2022-12-31 0:00:00', '2023-01-09', '2023-01-17', 225000),
       (407, 362, 428, 42, '2019-05-18 0:00:00', '2019-05-25', '2019-06-03', 173000),
       (408, 627, 956, 157, '2022-03-17 0:00:00', '2022-03-22', '2022-03-31', 176000),
       (409, 41, 595, 169, '2025-01-08 0:00:00', '2025-01-18', '2025-01-27', 321000),
       (410, 400, 919, 30, '2021-05-12 0:00:00', '2021-05-21', '2021-05-31', 392000),
       (411, 48, 952, 66, '2019-06-19 0:00:00', '2019-06-26', '2019-07-01', 271000),
       (412, 627, 388, 166, '2023-11-21 0:00:00', '2023-11-27', '2023-11-28', 489000),
       (413, 417, 731, 78, '2022-01-20 0:00:00', '2022-01-30', '2022-02-03', 739000),
       (414, 111, 500, 180, '2021-12-04 0:00:00', '2021-12-11', '2021-12-16', 580000),
       (415, 162, 639, 85, '2020-04-25 0:00:00', '2020-04-29', '2020-05-06', 129000),
       (416, 146, 206, 123, '2018-06-15 0:00:00', '2018-06-21', '2018-06-22', 88000),
       (417, 347, 894, 183, '2024-10-28 0:00:00', '2024-11-05', '2024-11-15', 1160000),
       (418, 604, 12, 114, '2020-11-09 0:00:00', '2020-11-13', '2020-11-19', 1345000),
       (419, 620, 840, 17, '2021-09-04 0:00:00', '2021-09-07', '2021-09-11', 849000),
       (420, 398, 154, 118, '2021-04-30 0:00:00', '2021-05-02', '2021-05-11', 694000),
       (421, 223, 561, 137, '2022-06-04 0:00:00', '2022-06-10', '2022-06-19', 137000),
       (422, 114, 118, 17, '2023-10-11 0:00:00', '2023-10-18', '2023-10-26', 72000),
       (423, 31, 449, 81, '2020-07-15 0:00:00', '2020-07-16', '2020-07-23', 75000),
       (424, 61, 219, 95, '2023-04-26 0:00:00', '2023-05-05', '2023-05-10', 1916000),
       (425, 458, 131, 123, '2019-02-01 0:00:00', '2019-02-07', '2019-02-13', 101000),
       (426, 370, 296, 53, '2020-10-15 0:00:00', '2020-10-22', '2020-10-23', 75000),
       (427, 516, 376, 154, '2023-12-04 0:00:00', '2023-12-08', '2023-12-13', 248000),
       (428, 563, 754, 178, '2022-01-11 0:00:00', '2022-01-20', '2022-01-24', 240000),
       (429, 485, 317, 16, '2024-01-17 0:00:00', '2024-01-23', '2024-01-27', 17000),
       (430, 146, 292, 169, '2024-09-03 0:00:00', '2024-09-07', '2024-09-15', 822000),
       (431, 547, 539, 123, '2019-08-21 0:00:00', '2019-08-24', '2019-09-01', 710000),
       (432, 95, 788, 200, '2022-07-26 0:00:00', '2022-08-05', '2022-08-06', 174000),
       (433, 379, 609, 179, '2019-04-05 0:00:00', '2019-04-06', '2019-04-10', 661000),
       (434, 559, 295, 96, '2020-03-22 0:00:00', '2020-03-26', '2020-04-02', 276000),
       (435, 528, 936, 84, '2021-03-04 0:00:00', '2021-03-10', '2021-03-15', 903000),
       (436, 653, 175, 106, '2023-03-12 0:00:00', '2023-03-20', '2023-03-23', 1161000),
       (437, 667, 615, 31, '2019-04-15 0:00:00', '2019-04-25', '2019-05-05', 140000),
       (438, 517, 276, 151, '2024-10-02 0:00:00', '2024-10-03', '2024-10-07', 615000),
       (439, 157, 3, 42, '2023-10-10 0:00:00', '2023-10-20', '2023-10-25', 55000),
       (440, 130, 456, 130, '2022-05-10 0:00:00', '2022-05-16', '2022-05-25', 736000),
       (441, 193, 266, 78, '2020-07-31 0:00:00', '2020-08-08', '2020-08-15', 662000),
       (442, 635, 289, 163, '2023-06-23 0:00:00', '2023-07-01', '2023-07-08', 52000),
       (443, 178, 179, 111, '2024-05-09 0:00:00', '2024-05-10', '2024-05-19', 107000),
       (444, 13, 227, 108, '2018-07-18 0:00:00', '2018-07-19', '2018-07-26', 380000),
       (445, 508, 718, 191, '2021-03-20 0:00:00', '2021-03-29', '2021-04-08', 1537000);

INSERT INTO reward (id, customer_id, amount)
VALUES (1, 1, 468892),
       (2, 2, 2934987),
       (3, 3, 2656298),
       (4, 4, 2526408),
       (5, 5, 2873492),
       (6, 6, 2776472),
       (7, 7, 1162634),
       (8, 8, 930180),
       (9, 9, 1934832),
       (10, 10, 2199710),
       (11, 11, 814125),
       (12, 12, 514742),
       (13, 13, 2450186),
       (14, 14, 2171723),
       (15, 15, 2050863),
       (16, 16, 1864143),
       (17, 17, 2554056),
       (18, 18, 1441298),
       (19, 19, 1606205),
       (20, 20, 1219431),
       (21, 21, 1578972),
       (22, 22, 2411232),
       (23, 23, 2239556),
       (24, 24, 170059),
       (25, 25, 951160),
       (26, 26, 2395750),
       (27, 27, 535970),
       (28, 28, 1012378),
       (29, 29, 1263170),
       (30, 30, 1026881),
       (31, 31, 928927),
       (32, 32, 690680),
       (33, 33, 2128014),
       (34, 34, 1643922),
       (35, 35, 41208),
       (36, 36, 1917117),
       (37, 37, 1351693),
       (38, 38, 2796356),
       (39, 39, 1666056),
       (40, 40, 733544),
       (41, 41, 573488),
       (42, 42, 763104),
       (43, 43, 2675885),
       (44, 44, 550748),
       (45, 45, 1374611),
       (46, 46, 1208669),
       (47, 47, 1949545),
       (48, 48, 481704),
       (49, 49, 2926392),
       (50, 50, 1899570),
       (51, 51, 2289654),
       (52, 52, 1222958),
       (53, 53, 1773785),
       (54, 54, 664622),
       (55, 55, 1176208),
       (56, 56, 2648719),
       (57, 57, 747385),
       (58, 58, 2891682),
       (59, 59, 985040),
       (60, 60, 1811771),
       (61, 61, 2837654),
       (62, 62, 351558),
       (63, 63, 1446792),
       (64, 64, 1345491),
       (65, 65, 2795847),
       (66, 66, 338622),
       (67, 67, 2679229),
       (68, 68, 537754),
       (69, 69, 2959756),
       (70, 70, 1278416),
       (71, 71, 859203),
       (72, 72, 2400343),
       (73, 73, 735184),
       (74, 74, 1846463),
       (75, 75, 409366),
       (76, 76, 2459503),
       (77, 77, 2166810),
       (78, 78, 1154614),
       (79, 79, 132664),
       (80, 80, 1910996),
       (81, 81, 1063665),
       (82, 82, 1284738),
       (83, 83, 2747726),
       (84, 84, 1386260),
       (85, 85, 1266082),
       (86, 86, 2960623),
       (87, 87, 849781),
       (88, 88, 1891371),
       (89, 89, 2820539),
       (90, 90, 1013641),
       (91, 91, 1630856),
       (92, 92, 33376),
       (93, 93, 225261),
       (94, 94, 1787180),
       (95, 95, 619762),
       (96, 96, 1831018),
       (97, 97, 292722),
       (98, 98, 826900),
       (99, 99, 239473),
       (100, 100, 16454),
       (101, 101, 2199523),
       (102, 102, 2835971),
       (103, 103, 2504014),
       (104, 104, 2486983),
       (105, 105, 2627923),
       (106, 106, 2251535),
       (107, 107, 591509),
       (108, 108, 1711568),
       (109, 109, 702401),
       (110, 110, 2226343),
       (111, 111, 807623),
       (112, 112, 382372),
       (113, 113, 541193),
       (114, 114, 1266333),
       (115, 115, 383215),
       (116, 116, 482010),
       (117, 117, 255618),
       (118, 118, 2058551),
       (119, 119, 840324),
       (120, 120, 1520141),
       (121, 121, 591231),
       (122, 122, 2485572),
       (123, 123, 1654341),
       (124, 124, 191602),
       (125, 125, 2381399),
       (126, 126, 1167295),
       (127, 127, 493265),
       (128, 128, 2347461),
       (129, 129, 2216931),
       (130, 130, 199780),
       (131, 131, 561376),
       (132, 132, 2437440),
       (133, 133, 2881770),
       (134, 134, 1317118),
       (135, 135, 1684109),
       (136, 136, 1621309),
       (137, 137, 2097502),
       (138, 138, 2920561),
       (139, 139, 2220221),
       (140, 140, 2608344),
       (141, 141, 50831),
       (142, 142, 2502469),
       (143, 143, 1560877),
       (144, 144, 2013328),
       (145, 145, 81061),
       (146, 146, 2875171),
       (147, 147, 1952554),
       (148, 148, 2817793),
       (149, 149, 42519),
       (150, 150, 2527345),
       (151, 151, 1338873),
       (152, 152, 2601112),
       (153, 153, 2914580),
       (154, 154, 92897),
       (155, 155, 427294),
       (156, 156, 1702197),
       (157, 157, 2929989),
       (158, 158, 2000816),
       (159, 159, 1586232),
       (160, 160, 1667848),
       (161, 161, 2713523),
       (162, 162, 46243),
       (163, 163, 677128),
       (164, 164, 2798489),
       (165, 165, 2363440),
       (166, 166, 2564144),
       (167, 167, 650350),
       (168, 168, 1250915),
       (169, 169, 1104720),
       (170, 170, 758055),
       (171, 171, 1150393),
       (172, 172, 2788597),
       (173, 173, 2348772),
       (174, 174, 1108805),
       (175, 175, 2315898),
       (176, 176, 1058379),
       (177, 177, 1520904),
       (178, 178, 1036299),
       (179, 179, 2202386),
       (180, 180, 1426375),
       (181, 181, 526448),
       (182, 182, 1224653),
       (183, 183, 1231655),
       (184, 184, 2225472),
       (185, 185, 2496902),
       (186, 186, 2875644),
       (187, 187, 1151847),
       (188, 188, 2117792),
       (189, 189, 2284367),
       (190, 190, 2459215),
       (191, 191, 2973784),
       (192, 192, 1494214),
       (193, 193, 703647),
       (194, 194, 2674735),
       (195, 195, 253277),
       (196, 196, 557020),
       (197, 197, 2195830),
       (198, 198, 764026),
       (199, 199, 2335171),
       (200, 200, 953843);

INSERT INTO voucher (creator_id, customer_id, amount, created_date, created_reason, start_date, end_date, is_requested)
VALUES
    (5, 118, 240000, '2019-07-23 00:00:00', 'Customer Loyalty', '2019-07-24 00:00:00', '2019-12-31 00:00:00', TRUE),
    (2, 27, 300000, '2018-08-16 00:00:00', 'Refund', '2018-08-17 00:00:00', '2019-02-28 00:00:00', FALSE),
    (7, 63, 260000, '2023-07-14 00:00:00', 'Holiday Sale', '2023-07-15 00:00:00', '2023-12-31 00:00:00', TRUE),
    (3, 45, 150000, '2022-11-01 00:00:00', 'Special Discount', '2022-11-02 00:00:00', '2023-05-01 00:00:00', FALSE),
    (4, 90, 50000, '2021-05-12 00:00:00', 'Welcome Bonus', '2021-05-13 00:00:00', '2021-11-30 00:00:00', TRUE),
    (6, 78, 320000, '2020-01-25 00:00:00', 'End of Season Sale', '2020-01-26 00:00:00', '2020-06-30 00:00:00', TRUE),
    (1, 33, 275000, '2019-09-10 00:00:00', 'Referral Bonus', '2019-09-11 00:00:00', '2020-03-10 00:00:00', FALSE),
    (8, 52, 450000, '2023-03-17 00:00:00', 'Black Friday Sale', '2023-03-18 00:00:00', '2023-09-17 00:00:00', TRUE);
--        (8, 183, 70000, '2018-12-19 00:00:00', 'Customer Loyalty', TRUE),
--        (18, 57, 280000, '2024-08-10 00:00:00', 'Refund', FALSE),
--        (9, 18, 110000, '2019-04-24 00:00:00', 'Holiday Sale', TRUE),
--        (14, 199, 180000, '2021-10-06 00:00:00', 'Birthday Gift', FALSE),
--        (19, 85, 120000, '2020-03-21 00:00:00', 'Promotion', TRUE),
--        (7, 137, 270000, '2021-03-31 00:00:00', 'Customer Loyalty', FALSE),
--        (5, 88, 300000, '2023-10-09 00:00:00', 'Refund', TRUE),
--        (5, 155, 170000, '2021-08-22 00:00:00', 'Holiday Sale', FALSE),
--        (13, 109, 40000, '2025-02-11 00:00:00', 'Birthday Gift', TRUE),
--        (18, 62, 160000, '2021-05-08 00:00:00', 'Promotion', FALSE),
--        (12, 177, 260000, '2024-12-24 00:00:00', 'Customer Loyalty', TRUE),
--        (20, 165, 50000, '2019-06-08 00:00:00', 'Refund', FALSE),
--        (8, 54, 100000, '2019-06-23 00:00:00', 'Holiday Sale', TRUE),
--        (10, 63, 120000, '2024-09-20 00:00:00', 'Birthday Gift', FALSE),
--        (1, 23, 230000, '2022-04-10 00:00:00', 'Promotion', TRUE),
--        (3, 5, 180000, '2019-06-04 00:00:00', 'Customer Loyalty', FALSE),
--        (1, 111, 180000, '2021-09-22 00:00:00', 'Refund', TRUE),
--        (7, 182, 200000, '2024-06-24 00:00:00', 'Holiday Sale', FALSE),
--        (18, 163, 120000, '2025-06-29 00:00:00', 'Birthday Gift', TRUE),
--        (11, 56, 160000, '2023-12-13 00:00:00', 'Promotion', FALSE),
--        (4, 104, 20000, '2024-04-15 00:00:00', 'Customer Loyalty', TRUE),
--        (10, 162, 180000, '2023-07-07 00:00:00', 'Refund', FALSE),
--        (2, 191, 50000, '2021-03-27 00:00:00', 'Holiday Sale', TRUE),
--        (13, 183, 230000, '2018-12-26 00:00:00', 'Birthday Gift', FALSE),
--        (20, 51, 80000, '2022-11-25 00:00:00', 'Promotion', TRUE),
--        (17, 165, 40000, '2018-09-01 00:00:00', 'Customer Loyalty', FALSE),
--        (1, 119, 190000, '2022-01-08 00:00:00', 'Refund', TRUE),
--        (14, 86, 170000, '2024-09-12 00:00:00', 'Holiday Sale', FALSE),
--        (3, 7, 250000, '2022-04-07 00:00:00', 'Birthday Gift', TRUE),
--        (19, 84, 40000, '2021-11-15 00:00:00', 'Promotion', FALSE),
--        (2, 182, 100000, '2025-03-17 00:00:00', 'Customer Loyalty', TRUE),
--        (6, 99, 220000, '2024-05-27 00:00:00', 'Refund', FALSE),
--        (11, 143, 280000, '2024-04-08 00:00:00', 'Holiday Sale', TRUE),
--        (10, 105, 120000, '2020-03-20 00:00:00', 'Birthday Gift', FALSE),
--        (7, 102, 270000, '2024-06-12 00:00:00', 'Promotion', TRUE),
--        (20, 22, 20000, '2021-10-21 00:00:00', 'Customer Loyalty', FALSE),
--        (15, 129, 10000, '2021-08-20 00:00:00', 'Refund', TRUE),
--        (10, 46, 40000, '2019-05-11 00:00:00', 'Holiday Sale', FALSE),
--        (6, 69, 70000, '2019-05-31 00:00:00', 'Birthday Gift', TRUE),
--        (11, 54, 160000, '2019-08-19 00:00:00', 'Promotion', FALSE),
--        (2, 37, 230000, '2022-09-26 00:00:00', 'Customer Loyalty', TRUE),
--        (12, 117, 160000, '2021-12-27 00:00:00', 'Refund', FALSE),
--        (16, 190, 170000, '2021-08-25 00:00:00', 'Holiday Sale', TRUE),
--        (16, 112, 80000, '2022-01-07 00:00:00',  'Birthday Gift', FALSE),
--        (19, 33, 210000, '2019-04-13 00:00:00', 'Promotion', TRUE),
--        (2, 35, 240000, '2021-02-28 00:00:00', 'Customer Loyalty', FALSE),
--        (1, 40, 270000, '2023-06-13 00:00:00', 'Refund', TRUE),
--        (7, 58, 190000, '2021-08-19 00:00:00', 'Holiday Sale', FALSE),
--        (4, 34, 220000, '2022-07-18 00:00:00', 'Birthday Gift', TRUE),
--        (13, 148, 250000, '2018-08-24 00:00:00', 'Promotion', FALSE),
--        (17, 32, 50000, '2021-04-18 00:00:00', 'Customer Loyalty', TRUE),
--        (14, 39, 280000, '2025-06-16 00:00:00', 'Refund', FALSE),
--        (6, 48, 290000, '2025-12-29 00:00:00', 'Holiday Sale', TRUE),
--        (19, 143, 240000, '2025-06-09 00:00:00', 'Birthday Gift', FALSE),
--        (17, 191, 160000, '2020-06-15 00:00:00', 'Promotion', TRUE),
--        (4, 105, 30000, '2020-01-01 00:00:00', 'Customer Loyalty', FALSE),
--        (12, 34, 40000, '2024-02-22 00:00:00', 'Refund', TRUE),
--        (15, 69, 40000, '2020-10-26 00:00:00', 'Holiday Sale', FALSE),
--        (2, 140, 110000, '2023-03-05 00:00:00', 'Birthday Gift', TRUE),
--        (3, 103, 80000, '2024-06-20 00:00:00', 'Promotion', FALSE),
--        (5, 76, 160000, '2024-01-07 00:00:00', 'Customer Loyalty', TRUE),
--        (14, 73, 210000, '2020-06-22 00:00:00', 'Refund', FALSE),
--        (15, 137, 30000, '2020-12-17 00:00:00', 'Holiday Sale', TRUE),
--        (17, 93, 200000, '2018-09-21 00:00:00', 'Birthday Gift', FALSE),
--        (18, 192, 270000, '2025-06-29 00:00:00', 'Promotion', TRUE),
--        (8, 60, 240000, '2018-10-26 00:00:00', 'Customer Loyalty', FALSE),
--        (20, 153, 150000, '2021-08-07 00:00:00', 'Refund', TRUE),
--        (13, 187, 290000, '2024-06-14 00:00:00', 'Holiday Sale', FALSE),
--        (10, 80, 240000, '2021-02-04 00:00:00', 'Birthday Gift', TRUE),
--        (3, 33, 180000, '2018-11-30 00:00:00', 'Promotion', FALSE),
--        (7, 186, 80000, '2024-11-17 00:00:00', 'Customer Loyalty', TRUE),
--        (3, 106, 80000, '2020-12-02 00:00:00', 'Refund', FALSE),
--        (6, 69, 210000, '2020-12-31 00:00:00', 'Holiday Sale', TRUE),
--        (11, 33, 70000, '2020-03-15 00:00:00', 'Birthday Gift', FALSE),
--        (1, 6, 170000, '2021-05-18 00:00:00', 'Promotion', TRUE),
--        (16, 182, 260000, '2024-10-09 00:00:00', 'Customer Loyalty', FALSE),
--        (20, 105, 240000, '2018-07-15 00:00:00', 'Refund', TRUE),
--        (18, 102, 110000, '2025-07-16 00:00:00', 'Holiday Sale', FALSE),
--        (14, 21, 220000, '2022-09-10 00:00:00',  'Birthday Gift', TRUE),
--        (6, 127, 120000, '2021-01-04 00:00:00',  'Promotion', FALSE),
--        (20, 46, 100000, '2019-08-18 00:00:00',  'Customer Loyalty', TRUE),
--        (11, 2, 20000, '2023-05-05 00:00:00', 'Refund', FALSE),
--        (1, 9, 80000, '2022-12-07 00:00:00', 'Holiday Sale', TRUE),
--        (12, 99, 200000, '2023-07-09 00:00:00', , 'Birthday Gift', FALSE),
--        (7, 176, 230000, '2020-03-31 00:00:00', , 'Promotion', TRUE),
--        (19, 52, 240000, '2024-12-12 00:00:00', , 'Customer Loyalty', FALSE),
--        (3, 69, 140000, '2020-11-02 00:00:00', 'Refund', TRUE),
--        (5, 174, 160000, '2024-12-16 00:00:00','Holiday Sale', FALSE),
--        ( 9, 89, 120000, '2021-03-08 00:00:00', '2021-0 Gift', TRUE),
--        ( 6, 154, 70000, '2021-03-05 00:00:00', ,  'Promotion', FALSE),
--        ( 12, 150, 160000, '2022-01-25 00:00:00',  'Customer Loyalty', TRUE),
--        ( 20, 179, 40000, '2020-03-14 00:00:00',  'Refund', FALSE),
--        ( 17, 23, 80000, '2023-09-08 00:00:00',   'Holiday Sale', TRUE),
--        ( 7, 120, 290000, '2024-10-10 00:00:00',  'Birthday Gift', FALSE),
--        ( 2, 12, 130000, '2020-11-18 00:00:00',   'Promotion', TRUE),
--        ( 8, 162, 300000, '2023-10-14 00:00:00',  'Customer Loyalty', FALSE),
--        ( 11, 52, 270000, '2025-07-20 00:00:00',  'Refund', TRUE),
--        ( 13, 114, 100000, '2018-10-25 00:00:00',  'Holiday Sale', FALSE),
--        ( 6, 45, 70000, '2020-04-23 00:00:00',  'Birthday Gift', TRUE),
--        ( 19, 58, 10000, '2022-10-07 00:00:00',  'Promotion', FALSE),
--        ( 9, 195, 190000, '2026-03-07 00:00:00',  'Customer Loyalty', TRUE),
--        ( 16, 197, 10000, '2019-01-07 00:00:00',  'Refund', FALSE),
--        ( 3, 110, 200000, '2020-05-22 00:00:00',  'Holiday Sale', TRUE),
--        ( 14, 122, 150000, '2022-07-07 00:00:00',  'Birthday Gift', FALSE),
--        ( 5, 149, 180000, '2025-02-12 00:00:00',  'Promotion', TRUE),
--        ( 10, 89, 90000, '2021-09-16 00:00:00',   'Customer Loyalty', FALSE),
--        ( 12, 169, 90000, '2018-06-27 00:00:00',  'Refund', TRUE),
--        ( 7, 124, 210000, '2021-05-29 00:00:00',  'Holiday Sale', FALSE),
--        ( 17, 171, 140000, '2025-04-20 00:00:00',  'Birthday Gift', TRUE),
--        ( 3, 150, 270000, '2021-11-12 00:00:00',  'Promotion', FALSE),
--        ( 8, 42, 220000, '2025-05-09 00:00:00',   'Customer Loyalty', TRUE),
--        ( 9, 93, 110000, '2019-11-06 00:00:00',   'Refund', FALSE),
--        ( 14, 106, 210000, '2021-07-07 00:00:00',  'Holiday Sale', TRUE),
--        ( 5, 166, 180000, '2024-01-24 00:00:00',  'Birthday Gift', FALSE),
--        ( 16, 96, 30000, '2021-05-08 00:00:00',   'Promotion', TRUE),
--        ( 19, 28, 250000, '2020-12-05 00:00:00',  'Customer Loyalty', FALSE),
--        ( 18, 47, 40000, '2025-10-21 00:00:00',   'Refund', TRUE),
--        ( 17, 123, 150000, '2019-01-03 00:00:00',  'Holiday Sale', FALSE),
--        ( 13, 55, 100000, '2020-02-20 00:00:00',  'Birthday Gift', TRUE),
--        ( 6, 88, 280000, '2022-08-14 00:00:00',   'Promotion', FALSE),
--        ( 7, 36, 50000, '2024-08-22 00:00:00', 'Customer Loyalty', TRUE),
--        ( 5, 168, 200000, '2023-09-11 00:00:00',  'Refund', FALSE),
--        ( 3, 162, 240000, '2023-10-14 00:00:00',  'Holiday Sale', TRUE),
--        ( 1, 25, 110000, '2024-06-28 00:00:00',   'Birthday Gift', FALSE),
--        ( 20, 121, 150000, '2024-07-23 00:00:00'  'Promotion', TRUE),
--        ( 6, 192, 10000, '2025-01-03 00:00:00',  'Customer Loyalty', FALSE),
--        ( 17, 81, 120000, '2024-08-03 00:00:00', 'Refund', TRUE),
--        ( 9, 86, 270000, '2023-06-27 00:00:00',   'Holiday Sale', FALSE),
--        ( 8, 47, 170000, '2025-10-03 00:00:00',   'Birthday Gift', TRUE),
--        ( 1, 193, 220000, '2023-04-23 00:00:00',  'Promotion', FALSE),
--        ( 19, 143, 190000, '2023-06-13 00:00:00',  'Customer Loyalty', TRUE),
--        ( 16, 187, 120000, '2026-03-02 00:00:00',  'Refund', FALSE),
--        ( 11, 103, 150000, '2025-06-04 00:00:00',  'Holiday Sale', TRUE),
--        ( 18, 148, 40000, '2019-05-04 00:00:00',  'Birthday Gift', FALSE),
--        ( 17, 159, 270000, '2025-01-27 00:00:00',  'Promotion', TRUE),
--        ( 13, 147, 60000, '2022-02-24 00:00:00', 'Customer Loyalty', FALSE),
--        ( 19, 110, 10000, '2019-03-29 00:00:00',  'Refund', TRUE),
--        ( 10, 61, 210000, '2022-03-28 00:00:00',  'Holiday Sale', FALSE),
--        ( 20, 94, 50000, '2021-03-10 00:00:00',   'Birthday Gift', TRUE),
--        ( 15, 18, 230000, '2019-09-27 00:00:00',  'Promotion', FALSE),
--        ( 4, 93, 180000, '2018-11-21 00:00:00',   'Customer Loyalty', TRUE),
--        ( 11, 183, 270000, '2019-01-05 00:00:00',  'Refund', FALSE),
--        ( 20, 167, 130000, '2020-06-12 00:00:00',  'Holiday Sale', TRUE),
--        ( 6, 56, 120000, '2024-08-03 00:00:00',   'Birthday Gift', FALSE),
--        ( 17, 152, 260000, '2023-01-09 00:00:00',  'Promotion', TRUE),
--        ( 10, 21, 190000, '2024-02-22 00:00:00',  'Customer Loyalty', FALSE),
--        ( 18, 168, 280000, '2024-04-22 00:00:00',  'Refund', TRUE),
--        ( 13, 25, 190000, '2023-07-07 00:00:00',  'Holiday Sale', FALSE),
--        ( 7, 140, 200000, '2023-11-19 00:00:00',  'Birthday Gift', TRUE),
--        ( 9, 129, 260000, '2022-07-28 00:00:00',  'Promotion', FALSE),
--        ( 1, 51, 60000, '2024-10-14 00:00:00',   'Customer Loyalty', TRUE),
--        ( 6, 137, 70000, '2021-03-28 00:00:00',  'Refund', FALSE),
--        ( 10, 151, 250000, '2022-01-17 00:00:00',  'Holiday Sale', TRUE),
--        ( 19, 172, 140000, '2021-04-27 00:00:00',  'Birthday Gift', FALSE),
--        ( 5, 128, 60000, '2019-09-01 00:00:00', ,  'Promotion', TRUE),
--        ( 20, 190, 40000, '2020-09-28 00:00:00',  'Customer Loyalty', FALSE),
--        ( 9, 166, 150000, '2024-02-15 00:00:00',  'Refund', TRUE),
--        ( 1, 101, 180000, '2024-10-10 00:00:00',  'Holiday Sale', FALSE),
--        ( 8, 32, 210000, '2022-09-13 00:00:00',   'Birthday Gift', TRUE),
--        ( 7, 92, 100000, '2023-04-06 00:00:00',   'Promotion', FALSE),
--        ( 20, 84, 140000, '2020-06-12 00:00:00',  'Customer Loyalty', TRUE),
--        ( 13, 143, 70000, '2024-11-06 00:00:00',  'Refund', FALSE),
--        ( 4, 103, 90000, '2024-10-25 00:00:00',   'Holiday Sale', TRUE),
--        ( 16, 52, 90000, '2025-02-08 00:00:00',   'Birthday Gift', FALSE),
--        ( 10, 35, 20000, '2020-11-18 00:00:00',   'Promotion', TRUE),
--        ( 5, 83, 210000, '2021-08-24 00:00:00',   'Customer Loyalty', FALSE),
--        ( 19, 70, 260000, '2022-02-22 00:00:00',  'Refund', TRUE),
--        ( 18, 43, 250000, '2023-01-12 00:00:00',  'Holiday Sale', FALSE),
--        ( 3, 62, 90000, '2019-06-25 00:00:00',  'Birthday Gift', TRUE),
--        ( 16, 90, 260000, '2024-04-18 00:00:00',  'Promotion', FALSE),
--        ( 17, 8, 250000, '2025-01-04 00:00:00',  'Customer Loyalty', TRUE),
--        ( 11, 100, 210000, '2024-01-25 00:00:00',  'Refund', FALSE),
--        ( 2, 66, 60000, '2020-04-20 00:00:00',  'Holiday Sale', TRUE),
--        ( 18, 153, 90000, '2021-09-13 00:00:00',  'Birthday Gift', FALSE),
--        ( 3, 99, 250000, '2024-11-27 00:00:00',  'Promotion', TRUE),
--        ( 12, 172, 280000, '2022-06-22 00:00:00',  'Customer Loyalty', FALSE),
--        ( 9, 184, 120000, '2024-08-25 00:00:00',  'Refund', TRUE),
--        ( 14, 135, 160000, '2020-08-22 00:00:00',  'Holiday Sale', FALSE),
--        ( 16, 104, 120000, '2022-12-12 00:00:00',  'Birthday Gift', TRUE),
--        ( 1, 11, 280000, '2022-04-19 00:00:00',  'Promotion', FALSE),
--        ( 9, 71, 40000, '2020-10-16 00:00:00',  'Customer Loyalty', TRUE),
--        ( 4, 73, 50000, '2020-08-19 00:00:00',  'Refund', FALSE),
--        ( 17, 121, 90000, '2023-04-11 00:00:00',  'Holiday Sale', TRUE),
--        ( 13, 24, 130000, '2024-06-30 00:00:00',  'Birthday Gift', FALSE),
--        ( 6, 116, 110000, '2024-10-31 00:00:00',  'Promotion', TRUE),
--        ( 7, 106, 100000, '2022-07-02 00:00:00',  'Customer Loyalty', FALSE),
--        ( 2, 19, 120000, '2023-01-23 00:00:00',   'Refund', TRUE),
--        ( 10, 64, 290000, '2022-10-19 00:00:00',  'Holiday Sale', FALSE),
--        ( 8, 76, 200000, '2024-01-25 00:00:00',   'Birthday Gift', TRUE),
--        ( 6, 6, 270000, '2020-04-09 00:00:00',  'Promotion', FALSE),
--        ( 3, 44, 20000, '2022-10-16 00:00:00',   'Customer Loyalty', TRUE),
--        ( 7, 175, 240000, '2020-06-29 00:00:00',  'Refund', FALSE),
--        ( 17, 116, 180000, '2023-08-24 00:00:00',  'Holiday Sale', TRUE),
--        ( 5, 43, 80000, '2023-10-06 00:00:00', 'Birthday Gift', FALSE),
--        ( 12, 60, 130000, '2020-02-08 00:00:00',  'Promotion', TRUE),
--        ( 19, 199, 270000, '2020-09-28 00:00:00',  'Customer Loyalty', FALSE),
--        ( 12, 21, 90000, '2024-03-04 00:00:00',  'Refund', TRUE),
--        ( 2, 189, 70000, '2026-04-14 00:00:00',  'Holiday Sale', FALSE),
--        ( 3, 97, 120000, '2021-11-02 00:00:00',  'Birthday Gift', TRUE),
--        ( 19, 187, 210000, '2025-04-03 00:00:00',  'Promotion', FALSE),
--        ( 11, 161, 30000, '2020-05-10 00:00:00',  'Customer Loyalty', TRUE),
--        ( 7, 132, 300000, '2021-06-12 00:00:00',  'Refund', FALSE),
--        ( 1, 52, 210000, '2025-04-26 00:00:00',   'Holiday Sale', TRUE),
--        ( 20, 178, 200000, '2022-01-05 00:00:00',  'Birthday Gift', FALSE),
--        ( 9, 93, 20000, '2018-04-30 00:00:00', 'Promotion', TRUE),
--        ( 15, 73, 290000, '2020-06-12 00:00:00', 'Customer Loyalty', FALSE),
--        ( 16, 183, 170000, '2019-10-30 00:00:00',  'Refund', TRUE),
--        ( 7, 142, 210000, '2023-01-11 00:00:00',  'Holiday Sale', FALSE),
--        ( 5, 88, 120000, '2023-01-18 00:00:00',   'Birthday Gift', TRUE),
--        ( 20, 63, 50000, '2023-02-09 00:00:00',   'Promotion', FALSE),
--        ( 2, 36, 220000, '2025-03-02 00:00:00',   'Customer Loyalty', TRUE),
--        ( 8, 186, 140000, '2023-09-02 00:00:00',  'Refund', FALSE),
--        ( 13, 134, 30000, '2023-12-30 00:00:00',  'Holiday Sale', TRUE),
--        ( 10, 143, 90000, '2024-06-22 00:00:00',  'Birthday Gift', FALSE),
--        ( 4, 176, 110000, '2019-07-09 00:00:00',  'Promotion', TRUE),
--        ( 16, 195, 70000, '2024-08-07 00:00:00',  'Customer Loyalty', FALSE),
--        ( 18, 34, 50000, '2023-05-09 00:00:00',   'Refund', TRUE),
--        ( 17, 41, 180000, '2021-11-21 00:00:00',  'Holiday Sale', FALSE),
--        ( 11, 134, 270000, '2022-12-28 00:00:00',  'Birthday Gift', TRUE),
--        ( 19, 38, 170000, '2019-09-08 00:00:00',  'Promotion', FALSE),
--        ( 8, 26, 30000, '2025-05-20 00:00:00', 'Customer Loyalty', TRUE),
--        ( 13, 97, 100000, '2020-07-17 00:00:00',  'Refund', FALSE),
--        ( 12, 69, 290000, '2019-07-06 00:00:00',  'Holiday Sale', TRUE),
--        ( 2, 159, 20000, '2024-05-09 00:00:00',   'Birthday Gift', FALSE),
--        ( 5, 107, 200000, '2022-01-08 00:00:00',  'Promotion', TRUE),
--        ( 20, 145, 40000, '2021-09-24 00:00:00',  'Customer Loyalty', FALSE),
--        ( 15, 135, 220000, '2021-03-15 00:00:00',  'Refund', TRUE),
--        ( 19, 178, 30000, '2023-08-09 00:00:00',  'Holiday Sale', FALSE),
--        ( 17, 147, 100000, '2022-03-26 00:00:00',  'Birthday Gift', TRUE),
--        ( 1, 123, 60000, '2019-09-16 00:00:00',  'Promotion', FALSE),
--        ( 7, 111, 120000, '2020-11-14 00:00:00',  'Customer Loyalty', TRUE),
--        ( 6, 78, 150000, '2022-12-12 00:00:00',  'Refund', FALSE),
--        ( 8, 116, 120000, '2025-04-18 00:00:00',  'Holiday Sale', TRUE),
--        ( 5, 178, 90000, '2023-09-16 00:00:00',  'Birthday Gift', FALSE),
--        ( 17, 30, 50000, '2023-07-15 00:00:00',  'Promotion', TRUE),
--        ( 18, 11, 190000, '2021-10-22 00:00:00',  'Customer Loyalty', FALSE),
--        ( 12, 67, 20000, '2021-09-26 00:00:00',  'Refund', TRUE),
--        ( 20, 41, 230000, '2023-02-08 00:00:00',  'Holiday Sale', FALSE),
--        ( 6, 197, 190000, '2019-12-17 00:00:00',  'Birthday Gift', TRUE),
--        ( 1, 160, 50000, '2025-07-29 00:00:00',  'Promotion', FALSE),
--        ( 15, 28, 20000, '2020-06-28 00:00:00',  'Customer Loyalty', TRUE),
--        ( 8, 191, 280000, '2019-10-31 00:00:00',  'Refund', FALSE),
--        ( 5, 188, 290000, '2024-08-16 00:00:00',  'Holiday Sale', TRUE),
--        ( 20, 156, 230000, '2023-05-30 00:00:00',  'Birthday Gift', FALSE),
--        ( 13, 4, 190000, '2023-12-23 00:00:00', 'Promotion', TRUE),
--        ( 16, 125, 140000, '2022-01-05 00:00:00',  'Customer Loyalty', FALSE),
--        ( 10, 197, 140000, '2020-03-25 00:00:00',  'Refund', TRUE),
--        ( 11, 143, 230000, '2024-08-03 00:00:00',  'Holiday Sale', FALSE),
--        ( 7, 176, 150000, '2020-09-04 00:00:00',  'Birthday Gift', TRUE),
--        ( 18, 46, 90000, '2018-11-02 00:00:00',  'Promotion', FALSE),
--        ( 11, 175, 120000, '2019-01-31 00:00:00',  'Customer Loyalty', TRUE),
--        ( 9, 17, 130000, '2025-08-25 00:00:00',  'Refund', FALSE),
--        ( 3, 50, 120000, '2022-12-14 00:00:00',  'Holiday Sale', TRUE),
--        ( 20, 68, 100000, '2024-02-23 00:00:00',  'Birthday Gift', FALSE),
--        ( 8, 122, 240000, '2022-05-26 00:00:00',  'Promotion', TRUE),
--        ( 7, 30, 270000, '2023-12-07 00:00:00',  'Customer Loyalty', FALSE),
--        ( 13, 59, 130000, '2021-08-05 00:00:00',  'Refund', TRUE),
--        ( 18, 172, 270000, '2021-10-26 00:00:00',  'Holiday Sale', FALSE),
--        ( 14, 65, 170000, '2020-02-02 00:00:00',  'Birthday Gift', TRUE),
--        ( 10, 40, 240000, '2022-02-11 00:00:00',  'Promotion', FALSE),
--        ( 15, 76, 290000, '2022-07-30 00:00:00',  'Customer Loyalty', TRUE),
--        ( 19, 136, 180000, '2021-03-24 00:00:00',  'Refund', FALSE),
--        ( 12, 57, 180000, '2024-06-01 00:00:00',  'Holiday Sale', TRUE),
--        ( 4, 17, 210000, '2025-04-14 00:00:00',  'Birthday Gift', FALSE),
--        ( 8, 162, 230000, '2022-07-18 00:00:00',  'Promotion', TRUE),
--        ( 6, 159, 20000, '2025-05-26 00:00:00',  'Customer Loyalty', FALSE),
--        ( 3, 51, 220000, '2023-01-25 00:00:00',  'Refund', TRUE),
--        ( 5, 12, 110000, '2021-03-23 00:00:00',  'Holiday Sale', FALSE),
--        ( 6, 61, 190000, '2023-08-28 00:00:00',  'Birthday Gift', TRUE),
--        ( 2, 23, 280000, '2023-07-07 00:00:00',  'Promotion', FALSE),
--        ( 5, 173, 230000, '2019-06-29 00:00:00',  'Customer Loyalty', TRUE),
--        ( 9, 91, 290000, '2021-12-31 00:00:00',  'Refund', FALSE),
--        ( 7, 125, 180000, '2023-01-08 00:00:00',  'Holiday Sale', TRUE),
--        ( 19, 53, 130000, '2021-12-24 00:00:00',  'Birthday Gift', FALSE),
--        ( 14, 122, 220000, '2022-08-05 00:00:00',  'Promotion', TRUE),
--        ( 3, 75, 200000, '2023-01-29 00:00:00',  'Customer Loyalty', FALSE),
--        ( 12, 26, 90000, '2025-03-12 00:00:00',  'Refund', TRUE),
--        ( 16, 159, 270000, '2024-04-26 00:00:00',  'Holiday Sale', FALSE),
--        ( 17, 168, 40000, '2023-07-03 00:00:00',  'Birthday Gift', TRUE),
--        ( 15, 164, 200000, '2025-09-18 00:00:00',  'Promotion', FALSE),
--        ( 4, 195, 290000, '2026-03-15 00:00:00',  'Customer Loyalty', TRUE),
--        ( 8, 109, 60000, '2024-12-21 00:00:00',  'Refund', FALSE),
--        ( 18, 133, 70000, '2021-01-12 00:00:00',  'Holiday Sale', TRUE),
--        ( 1, 117, 40000, '2021-08-26 00:00:00',  'Birthday Gift', FALSE),
--        ( 13, 114, 70000, '2019-09-27 00:00:00',  'Promotion', TRUE),
--        ( 20, 72, 190000, '2021-06-02 00:00:00',  'Customer Loyalty', FALSE),
--        ( 10, 1, 280000, '2022-08-04 00:00:00',  'Refund', TRUE),
--        ( 11, 129, 70000, '2023-01-26 00:00:00',  'Holiday Sale', FALSE),
--        ( 13, 15, 10000, '2022-05-29 00:00:00',  'Birthday Gift', TRUE);

-- Inserting data into the voucher_history table
INSERT INTO voucher_history (voucher_id, manager_id, staff_id, customer_id, request_date, confirm_date, status, conversion_date, rejected_reason, voucher_code)
VALUES
    (1, 1, 7, 85, '2019-07-13 00:00:00', NULL, 'REQUESTED', '2019-07-21 00:00:00', ' ', 'VCODE001'),
    (2, 2, 12, 40, '2021-05-09 00:00:00', '2021-05-12 00:00:00', 'APPROVED', NULL, NULL, 'VCODE002'),
    (3, 3, 14, 65, '2022-03-15 00:00:00', '2022-03-18 00:00:00', 'REJECTED', NULL, 'Insufficient funds', 'VCODE003'),
    (4, 4, 8, 23, '2020-10-05 00:00:00', '2020-10-07 00:00:00', 'APPROVED', '2020-10-08 00:00:00', NULL, 'VCODE004'),
    (5, 5, 9, 78, '2023-01-20 00:00:00', NULL, 'REQUESTED', '2023-01-25 00:00:00', 'Invalid request', 'VCODE005'),
    (6, 6, 11, 34, '2021-06-30 00:00:00', '2021-07-02 00:00:00', 'APPROVED', '2021-07-05 00:00:00', NULL, 'VCODE006'),
    (7, 7, 10, 92, '2018-11-11 00:00:00', NULL, 'REQUESTED', '2018-11-20 00:00:00', 'Expired', 'VCODE007'),
    (8, 8, 13, 56, '2019-09-15 00:00:00', '2019-09-17 00:00:00', 'APPROVED', NULL, NULL, 'VCODE008');
--        (11, 11, 3, 5, 1, '2019-01-15 00:00:00', '2019-01-18 00:00:00', TRUE, TRUE, '2019-01-23 00:00:00'),
--        (12, 12, 2, 13, 88, '2018-12-09 00:00:00', '2018-12-12 00:00:00', TRUE, TRUE, '2018-12-17 00:00:00'),
--        (13, 13, 2, 10, 175, '2024-07-31 00:00:00', '2024-08-03 00:00:00', TRUE, TRUE, '2024-08-08 00:00:00'),
--        (14, 14, 2, 20, 155, '2019-04-14 00:00:00', '2019-04-17 00:00:00', TRUE, TRUE, '2019-04-22 00:00:00'),
--        (15, 15, 3, 14, 110, '2021-09-26 00:00:00', '2021-09-29 00:00:00', TRUE, TRUE, '2021-10-04 00:00:00'),
--        (16, 16, 1, 6, 97, '2020-03-11 00:00:00', '2020-03-14 00:00:00', TRUE, TRUE, '2020-03-19 00:00:00'),
--        (17, 17, 2, 20, 50, '2021-03-21 00:00:00', '2021-03-24 00:00:00', TRUE, TRUE, '2021-03-29 00:00:00'),
--        (18, 18, 3, 9, 160, '2023-09-29 00:00:00', '2023-10-02 00:00:00', TRUE, TRUE, '2023-10-07 00:00:00'),
--        (19, 19, 3, 5, 5, '2021-08-12 00:00:00', '2021-08-15 00:00:00', TRUE, TRUE, '2021-08-20 00:00:00'),
--        (20, 20, 2, 20, 184, '2025-02-01 00:00:00', '2025-02-04 00:00:00', TRUE, TRUE, '2025-02-09 00:00:00'),
--        (21, 21, 3, 20, 157, '2021-04-28 00:00:00', '2021-05-01 00:00:00', TRUE, TRUE, '2021-05-06 00:00:00'),
--        (22, 22, 2, 12, 107, '2024-12-14 00:00:00', '2024-12-17 00:00:00', TRUE, TRUE, '2024-12-22 00:00:00'),
--        (23, 23, 1, 20, 20, '2019-05-29 00:00:00', '2019-06-01 00:00:00', TRUE, TRUE, '2019-06-06 00:00:00'),
--        (24, 24, 2, 16, 165, '2019-06-13 00:00:00', '2019-06-16 00:00:00', TRUE, TRUE, '2019-06-21 00:00:00'),
--        (25, 25, 3, 15, 77, '2024-09-10 00:00:00', '2024-09-13 00:00:00', TRUE, TRUE, '2024-09-18 00:00:00'),
--        (26, 26, 2, 17, 124, '2022-03-31 00:00:00', '2022-04-03 00:00:00', TRUE, TRUE, '2022-04-08 00:00:00'),
--        (27, 27, 2, 6, 112, '2019-05-25 00:00:00', '2019-05-28 00:00:00', TRUE, TRUE, '2019-06-02 00:00:00'),
--        (28, 28, 2, 9, 177, '2021-09-12 00:00:00', '2021-09-15 00:00:00', TRUE, TRUE, '2021-09-20 00:00:00'),
--        (29, 29, 2, 11, 84, '2024-06-14 00:00:00', '2024-06-17 00:00:00', TRUE, TRUE, '2024-06-22 00:00:00'),
--        (30, 30, 1, 19, 19, '2025-06-19 00:00:00', '2025-06-22 00:00:00', TRUE, TRUE, '2025-06-27 00:00:00'),
--        (31, 31, 3, 14, 65, '2023-12-03 00:00:00', '2023-12-06 00:00:00', TRUE, TRUE, '2023-12-11 00:00:00'),
--        (32, 32, 2, 14, 12, '2024-04-05 00:00:00', '2024-04-08 00:00:00', TRUE, TRUE, '2024-04-13 00:00:00'),
--        (33, 33, 1, 12, 160, '2023-06-27 00:00:00', '2023-06-30 00:00:00', TRUE, TRUE, '2023-07-05 00:00:00'),
--        (34, 34, 3, 16, 150, '2021-03-17 00:00:00', '2021-03-20 00:00:00', TRUE, TRUE, '2021-03-25 00:00:00'),
--        (35, 35, 2, 11, 34, '2018-12-16 00:00:00', '2018-12-19 00:00:00', TRUE, TRUE, '2018-12-24 00:00:00'),
--        (36, 36, 1, 17, 111, '2022-11-15 00:00:00', '2022-11-18 00:00:00', TRUE, TRUE, '2022-11-23 00:00:00'),
--        (37, 37, 1, 13, 60, '2018-08-22 00:00:00', '2018-08-25 00:00:00', TRUE, TRUE, '2018-08-30 00:00:00'),
--        (38, 38, 1, 4, 158, '2021-12-29 00:00:00', '2022-01-01 00:00:00', TRUE, TRUE, '2022-01-06 00:00:00'),
--        (39, 39, 2, 14, 153, '2024-09-02 00:00:00', '2024-09-05 00:00:00', TRUE, TRUE, '2024-09-10 00:00:00'),
--        (40, 40, 3, 10, 69, '2022-03-28 00:00:00', '2022-03-31 00:00:00', TRUE, TRUE, '2022-04-05 00:00:00'),
--        (41, 41, 1, 19, 49, '2021-11-05 00:00:00', '2021-11-08 00:00:00', TRUE, TRUE, '2021-11-13 00:00:00'),
--        (42, 42, 3, 11, 175, '2025-03-07 00:00:00', '2025-03-10 00:00:00', TRUE, TRUE, '2025-03-15 00:00:00'),
--        (43, 43, 1, 19, 171, '2024-05-17 00:00:00', '2024-05-20 00:00:00', TRUE, TRUE, '2024-05-25 00:00:00'),
--        (44, 44, 3, 13, 147, '2024-03-29 00:00:00', '2024-04-01 00:00:00', TRUE, TRUE, '2024-04-06 00:00:00'),
--        (45, 45, 3, 8, 3, '2020-03-10 00:00:00', '2020-03-13 00:00:00', TRUE, TRUE, '2020-03-18 00:00:00'),
--        (46, 46, 2, 10, 40, '2024-06-02 00:00:00', '2024-06-05 00:00:00', TRUE, TRUE, '2024-06-10 00:00:00'),
--        (47, 47, 3, 16, 164, '2021-10-11 00:00:00', '2021-10-14 00:00:00', TRUE, TRUE, '2021-10-19 00:00:00'),
--        (48, 48, 1, 18, 181, '2021-08-10 00:00:00', '2021-08-13 00:00:00', TRUE, TRUE, '2021-08-18 00:00:00'),
--        (49, 49, 1, 11, 182, '2019-05-01 00:00:00', '2019-05-04 00:00:00', TRUE, TRUE, '2019-05-09 00:00:00'),
--        (50, 50, 3, 12, 2, '2019-05-21 00:00:00', '2019-05-24 00:00:00', TRUE, TRUE, '2019-05-29 00:00:00'),
--        (51, 51, 2, 17, 178, '2019-08-09 00:00:00', '2019-08-12 00:00:00', TRUE, TRUE, '2019-08-17 00:00:00'),
--        (52, 52, 3, 6, 162, '2022-09-16 00:00:00', '2022-09-19 00:00:00', TRUE, TRUE, '2022-09-24 00:00:00'),
--        (53, 53, 1, 16, 92, '2021-12-17 00:00:00', '2021-12-20 00:00:00', TRUE, TRUE, '2021-12-25 00:00:00'),
--        (54, 54, 2, 5, 170, '2021-08-15 00:00:00', '2021-08-18 00:00:00', TRUE, TRUE, '2021-08-23 00:00:00'),
--        (55, 55, 1, 4, 104, '2021-12-28 00:00:00', '2021-12-31 00:00:00', TRUE, TRUE, '2022-01-05 00:00:00'),
--        (56, 56, 2, 5, 135, '2019-04-03 00:00:00', '2019-04-06 00:00:00', TRUE, TRUE, '2019-04-11 00:00:00'),
--        (57, 57, 3, 18, 179, '2021-02-18 00:00:00', '2021-02-21 00:00:00', TRUE, TRUE, '2021-02-26 00:00:00'),
--        (58, 58, 2, 15, 143, '2023-06-03 00:00:00', '2023-06-06 00:00:00', TRUE, TRUE, '2023-06-11 00:00:00'),
--        (59, 59, 3, 20, 70, '2021-08-09 00:00:00', '2021-08-12 00:00:00', TRUE, TRUE, '2021-08-17 00:00:00'),
--        (60, 60, 1, 9, 74, '2022-07-08 00:00:00', '2022-07-11 00:00:00', TRUE, TRUE, '2022-07-16 00:00:00'),
--        (61, 61, 2, 16, 15, '2018-08-14 00:00:00', '2018-08-17 00:00:00', TRUE, TRUE, '2018-08-22 00:00:00'),
--        (62, 62, 2, 5, 14, '2021-04-08 00:00:00', '2021-04-11 00:00:00', TRUE, TRUE, '2021-04-16 00:00:00'),
--        (63, 63, 1, 16, 128, '2025-06-06 00:00:00', '2025-06-09 00:00:00', TRUE, TRUE, '2025-06-14 00:00:00'),
--        (64, 64, 3, 12, 69, '2025-12-19 00:00:00', '2025-12-22 00:00:00', TRUE, TRUE, '2025-12-27 00:00:00'),
--        (65, 65, 3, 20, 36, '2025-05-30 00:00:00', '2025-06-02 00:00:00', TRUE, TRUE, '2025-06-07 00:00:00'),
--        (66, 66, 2, 7, 186, '2020-06-05 00:00:00', '2020-06-08 00:00:00', TRUE, TRUE, '2020-06-13 00:00:00'),
--        (67, 67, 1, 6, 153, '2019-12-22 00:00:00', '2019-12-25 00:00:00', TRUE, TRUE, '2019-12-30 00:00:00'),
--        (68, 68, 2, 4, 45, '2024-02-12 00:00:00', '2024-02-15 00:00:00', TRUE, TRUE, '2024-02-20 00:00:00'),
--        (69, 69, 3, 12, 116, '2020-10-16 00:00:00', '2020-10-19 00:00:00', TRUE, TRUE, '2020-10-24 00:00:00'),
--        (70, 70, 3, 15, 125, '2023-02-23 00:00:00', '2023-02-26 00:00:00', TRUE, TRUE, '2023-03-03 00:00:00'),
--        (71, 71, 3, 4, 127, '2024-06-10 00:00:00', '2024-06-13 00:00:00', TRUE, TRUE, '2024-06-18 00:00:00'),
--        (72, 72, 2, 20, 83, '2023-12-28 00:00:00', '2023-12-31 00:00:00', TRUE, TRUE, '2024-01-05 00:00:00'),
--        (73, 73, 1, 5, 104, '2020-06-12 00:00:00', '2020-06-15 00:00:00', TRUE, TRUE, '2020-06-20 00:00:00'),
--        (74, 74, 1, 9, 7, '2020-12-07 00:00:00', '2020-12-10 00:00:00', TRUE, TRUE, '2020-12-15 00:00:00'),
--        (75, 75, 1, 7, 19, '2018-09-11 00:00:00', '2018-09-14 00:00:00', TRUE, TRUE, '2018-09-19 00:00:00'),
--        (76, 76, 1, 10, 53, '2025-06-19 00:00:00', '2025-06-22 00:00:00', TRUE, TRUE, '2025-06-27 00:00:00'),
--        (77, 77, 1, 4, 106, '2018-10-16 00:00:00', '2018-10-19 00:00:00', TRUE, TRUE, '2018-10-24 00:00:00'),
--        (78, 78, 2, 5, 50, '2021-07-28 00:00:00', '2021-07-31 00:00:00', TRUE, TRUE, '2021-08-05 00:00:00'),
--        (79, 79, 1, 9, 125, '2024-06-04 00:00:00', '2024-06-07 00:00:00', TRUE, TRUE, '2024-06-12 00:00:00'),
--        (80, 80, 2, 6, 170, '2021-01-25 00:00:00', '2021-01-28 00:00:00', TRUE, TRUE, '2021-02-02 00:00:00'),
--        (81, 81, 2, 19, 187, '2018-11-20 00:00:00', '2018-11-23 00:00:00', TRUE, TRUE, '2018-11-28 00:00:00'),
--        (82, 82, 3, 7, 66, '2024-11-07 00:00:00', '2024-11-10 00:00:00', TRUE, TRUE, '2024-11-15 00:00:00'),
--        (83, 83, 3, 6, 126, '2020-11-22 00:00:00', '2020-11-25 00:00:00', TRUE, TRUE, '2020-11-30 00:00:00'),
--        (84, 84, 3, 12, 15, '2020-12-21 00:00:00', '2020-12-24 00:00:00', TRUE, TRUE, '2020-12-29 00:00:00'),
--        (85, 85, 2, 15, 93, '2020-03-05 00:00:00', '2020-03-08 00:00:00', TRUE, TRUE, '2020-03-13 00:00:00'),
--        (86, 86, 3, 10, 138, '2021-05-08 00:00:00', '2021-05-11 00:00:00', TRUE, TRUE, '2021-05-16 00:00:00'),
--        (87, 87, 1, 16, 97, '2024-09-29 00:00:00', '2024-10-02 00:00:00', TRUE, TRUE, '2024-10-07 00:00:00'),
--        (88, 88, 2, 14, 110, '2018-07-05 00:00:00', '2018-07-08 00:00:00', TRUE, TRUE, '2018-07-13 00:00:00'),
--        (89, 89, 1, 8, 51, '2025-07-06 00:00:00', '2025-07-09 00:00:00', TRUE, TRUE, '2025-07-14 00:00:00'),
--        (90, 90, 1, 17, 171, '2022-08-31 00:00:00', '2022-09-03 00:00:00', TRUE, TRUE, '2022-09-08 00:00:00'),
--        (91, 91, 3, 10, 185, '2020-12-25 00:00:00', '2020-12-28 00:00:00', TRUE, TRUE, '2021-01-02 00:00:00'),
--        (92, 92, 2, 7, 28, '2019-08-08 00:00:00', '2019-08-11 00:00:00', TRUE, TRUE, '2019-08-16 00:00:00'),
--        (93, 93, 2, 17, 4, '2023-04-25 00:00:00', '2023-04-28 00:00:00', TRUE, TRUE, '2023-05-03 00:00:00'),
--        (94, 94, 2, 13, 171, '2022-11-27 00:00:00', '2022-11-30 00:00:00', TRUE, TRUE, '2022-12-05 00:00:00'),
--        (95, 95, 3, 11, 66, '2023-06-29 00:00:00', '2023-07-02 00:00:00', TRUE, TRUE, '2023-07-07 00:00:00'),
--        (96, 96, 3, 17, 190, '2020-03-21 00:00:00', '2020-03-24 00:00:00', TRUE, TRUE, '2020-03-29 00:00:00'),
--        (97, 97, 2, 14, 147, '2024-12-02 00:00:00', '2024-12-05 00:00:00', TRUE, TRUE, '2024-12-10 00:00:00'),
--        (98, 98, 2, 15, 117, '2020-10-23 00:00:00', '2020-10-26 00:00:00', TRUE, TRUE, '2020-10-31 00:00:00'),
--        (99, 99, 2, 9, 50, '2024-12-06 00:00:00', '2024-12-09 00:00:00', TRUE, TRUE, '2024-12-14 00:00:00'),
--        (100, 100, 3, 15, 36, '2021-02-26 00:00:00', '2021-03-01 00:00:00', TRUE, TRUE, '2021-03-06 00:00:00'),
--        (101, 101, 2, 7, 81, '2021-02-23 00:00:00', '2021-02-26 00:00:00', TRUE, TRUE, '2021-03-03 00:00:00'),
--        (102, 102, 3, 8, 10, '2022-01-15 00:00:00', '2022-01-18 00:00:00', TRUE, TRUE, '2022-01-23 00:00:00'),
--        (103, 103, 1, 8, 177, '2020-03-04 00:00:00', '2020-03-07 00:00:00', TRUE, TRUE, '2020-03-12 00:00:00'),
--        (104, 104, 3, 16, 95, '2023-08-29 00:00:00', '2023-09-01 00:00:00', TRUE, TRUE, '2023-09-06 00:00:00'),
--        (105, 105, 2, 19, 143, '2024-09-30 00:00:00', '2024-10-03 00:00:00', TRUE, TRUE, '2024-10-08 00:00:00'),
--        (106, 106, 1, 6, 98, '2020-11-08 00:00:00', '2020-11-11 00:00:00', TRUE, TRUE, '2020-11-16 00:00:00'),
--        (107, 107, 1, 13, 178, '2023-10-04 00:00:00', '2023-10-07 00:00:00', TRUE, TRUE, '2023-10-12 00:00:00'),
--        (108, 108, 2, 6, 111, '2025-07-10 00:00:00', '2025-07-13 00:00:00', TRUE, TRUE, '2025-07-18 00:00:00'),
--        (109, 109, 1, 13, 170, '2018-10-15 00:00:00', '2018-10-18 00:00:00', TRUE, TRUE, '2018-10-23 00:00:00'),
--        (110, 110, 3, 5, 38, '2020-04-13 00:00:00', '2020-04-16 00:00:00', TRUE, TRUE, '2020-04-21 00:00:00'),
--        (111, 111, 1, 10, 49, '2022-09-27 00:00:00', '2022-09-30 00:00:00', TRUE, TRUE, '2022-10-05 00:00:00'),
--        (112, 112, 2, 17, 20, '2026-02-25 00:00:00', '2026-02-28 00:00:00', TRUE, TRUE, '2026-03-05 00:00:00'),
--        (113, 113, 3, 10, 160, '2018-12-28 00:00:00', '2018-12-31 00:00:00', TRUE, TRUE, '2019-01-05 00:00:00'),
--        (114, 114, 3, 13, 67, '2020-05-12 00:00:00', '2020-05-15 00:00:00', TRUE, TRUE, '2020-05-20 00:00:00'),
--        (115, 115, 1, 4, 104, '2022-06-27 00:00:00', '2022-06-30 00:00:00', TRUE, TRUE, '2022-07-05 00:00:00'),
--        (116, 116, 3, 16, 130, '2025-02-02 00:00:00', '2025-02-05 00:00:00', TRUE, TRUE, '2025-02-10 00:00:00'),
--        (117, 117, 3, 19, 14, '2021-09-06 00:00:00', '2021-09-09 00:00:00', TRUE, TRUE, '2021-09-14 00:00:00'),
--        (118, 118, 2, 8, 128, '2018-06-17 00:00:00', '2018-06-20 00:00:00', TRUE, TRUE, '2018-06-25 00:00:00'),
--        (119, 119, 3, 17, 123, '2021-05-19 00:00:00', '2021-05-22 00:00:00', TRUE, TRUE, '2021-05-27 00:00:00'),
--        (120, 120, 3, 19, 97, '2025-04-10 00:00:00', '2025-04-13 00:00:00', TRUE, TRUE, '2025-04-18 00:00:00'),
--        (121, 121, 3, 7, 165, '2021-11-02 00:00:00', '2021-11-05 00:00:00', TRUE, TRUE, '2021-11-10 00:00:00'),
--        (122, 122, 2, 4, 78, '2025-04-29 00:00:00', '2025-05-02 00:00:00', TRUE, TRUE, '2025-05-07 00:00:00'),
--        (123, 123, 2, 4, 121, '2019-10-27 00:00:00', '2019-10-30 00:00:00', TRUE, TRUE, '2019-11-04 00:00:00'),
--        (124, 124, 1, 9, 41, '2021-06-27 00:00:00', '2021-06-30 00:00:00', TRUE, TRUE, '2021-07-05 00:00:00'),
--        (125, 125, 2, 5, 189, '2024-01-14 00:00:00', '2024-01-17 00:00:00', TRUE, TRUE, '2024-01-22 00:00:00'),
--        (126, 126, 3, 16, 72, '2021-04-28 00:00:00', '2021-05-01 00:00:00', TRUE, TRUE, '2021-05-06 00:00:00'),
--        (127, 127, 2, 7, 184, '2020-11-25 00:00:00', '2020-11-28 00:00:00', TRUE, TRUE, '2020-12-03 00:00:00'),
--        (128, 128, 2, 10, 170, '2025-10-11 00:00:00', '2025-10-14 00:00:00', TRUE, TRUE, '2025-10-19 00:00:00'),
--        (129, 129, 3, 5, 72, '2018-12-24 00:00:00', '2018-12-27 00:00:00', TRUE, TRUE, '2019-01-01 00:00:00'),
--        (130, 130, 2, 12, 120, '2020-02-10 00:00:00', '2020-02-13 00:00:00', TRUE, TRUE, '2020-02-18 00:00:00'),
--        (131, 131, 1, 12, 20, '2022-08-04 00:00:00', '2022-08-07 00:00:00', TRUE, TRUE, '2022-08-12 00:00:00'),
--        (132, 132, 3, 20, 110, '2024-08-12 00:00:00', '2024-08-15 00:00:00', TRUE, TRUE, '2024-08-20 00:00:00'),
--        (133, 133, 1, 8, 60, '2023-09-01 00:00:00', '2023-09-04 00:00:00', TRUE, TRUE, '2023-09-09 00:00:00'),
--        (134, 134, 1, 6, 175, '2023-10-04 00:00:00', '2023-10-07 00:00:00', TRUE, TRUE, '2023-10-12 00:00:00'),
--        (135, 135, 3, 18, 173, '2024-06-18 00:00:00', '2024-06-21 00:00:00', TRUE, TRUE, '2024-06-26 00:00:00'),
--        (136, 136, 3, 12, 58, '2024-07-13 00:00:00', '2024-07-16 00:00:00', TRUE, TRUE, '2024-07-21 00:00:00'),
--        (137, 137, 1, 13, 107, '2024-12-24 00:00:00', '2024-12-27 00:00:00', TRUE, TRUE, '2025-01-01 00:00:00'),
--        (138, 138, 1, 12, 183, '2024-07-24 00:00:00', '2024-07-27 00:00:00', TRUE, TRUE, '2024-08-01 00:00:00'),
--        (139, 139, 3, 13, 23, '2023-06-17 00:00:00', '2023-06-20 00:00:00', TRUE, TRUE, '2023-06-25 00:00:00'),
--        (140, 140, 1, 7, 149, '2025-09-23 00:00:00', '2025-09-26 00:00:00', TRUE, TRUE, '2025-10-01 00:00:00'),
--        (141, 141, 3, 11, 109, '2023-04-13 00:00:00', '2023-04-16 00:00:00', TRUE, TRUE, '2023-04-21 00:00:00'),
--        (142, 142, 3, 9, 59, '2023-06-03 00:00:00', '2023-06-06 00:00:00', TRUE, TRUE, '2023-06-11 00:00:00'),
--        (143, 143, 2, 13, 194, '2026-02-20 00:00:00', '2026-02-23 00:00:00', TRUE, TRUE, '2026-02-28 00:00:00'),
--        (144, 144, 3, 10, 129, '2025-05-25 00:00:00', '2025-05-28 00:00:00', TRUE, TRUE, '2025-06-02 00:00:00'),
--        (145, 145, 3, 11, 28, '2019-04-24 00:00:00', '2019-04-27 00:00:00', TRUE, TRUE, '2019-05-02 00:00:00'),
--        (146, 146, 3, 20, 94, '2025-01-17 00:00:00', '2025-01-20 00:00:00', TRUE, TRUE, '2025-01-25 00:00:00'),
--        (147, 147, 2, 8, 46, '2022-02-14 00:00:00', '2022-02-17 00:00:00', TRUE, TRUE, '2022-02-22 00:00:00'),
--        (148, 148, 3, 18, 91, '2019-03-19 00:00:00', '2019-03-22 00:00:00', TRUE, TRUE, '2019-03-27 00:00:00'),
--        (149, 149, 1, 14, 14, '2022-03-18 00:00:00', '2022-03-21 00:00:00', TRUE, TRUE, '2022-03-26 00:00:00'),
--        (150, 150, 2, 14, 123, '2021-02-28 00:00:00', '2021-03-03 00:00:00', TRUE, TRUE, '2021-03-08 00:00:00'),
--        (151, 151, 1, 20, 95, '2019-09-17 00:00:00', '2019-09-20 00:00:00', TRUE, TRUE, '2019-09-25 00:00:00'),
--        (152, 152, 3, 12, 69, '2018-11-11 00:00:00', '2018-11-14 00:00:00', TRUE, TRUE, '2018-11-19 00:00:00'),
--        (153, 153, 3, 9, 50, '2018-12-26 00:00:00', '2018-12-29 00:00:00', TRUE, TRUE, '2019-01-03 00:00:00'),
--        (154, 154, 1, 20, 173, '2020-06-02 00:00:00', '2020-06-05 00:00:00', TRUE, TRUE, '2020-06-10 00:00:00'),
--        (155, 155, 1, 10, 142, '2024-07-24 00:00:00', '2024-07-27 00:00:00', TRUE, TRUE, '2024-08-01 00:00:00'),
--        (156, 156, 3, 19, 189, '2022-12-30 00:00:00', '2023-01-02 00:00:00', TRUE, TRUE, '2023-01-07 00:00:00'),
--        (157, 157, 1, 11, 11, '2024-02-12 00:00:00', '2024-02-15 00:00:00', TRUE, TRUE, '2024-02-20 00:00:00'),
--        (158, 158, 1, 6, 23, '2024-04-12 00:00:00', '2024-04-15 00:00:00', TRUE, TRUE, '2024-04-20 00:00:00'),
--        (159, 159, 3, 19, 89, '2023-06-27 00:00:00', '2023-06-30 00:00:00', TRUE, TRUE, '2023-07-05 00:00:00'),
--        (160, 160, 3, 9, 27, '2023-11-09 00:00:00', '2023-11-12 00:00:00', TRUE, TRUE, '2023-11-17 00:00:00'),
--        (161, 161, 1, 17, 137, '2022-07-18 00:00:00', '2022-07-21 00:00:00', TRUE, TRUE, '2022-07-26 00:00:00'),
--        (162, 162, 2, 8, 15, '2024-10-04 00:00:00', '2024-10-07 00:00:00', TRUE, TRUE, '2024-10-12 00:00:00'),
--        (163, 163, 2, 17, 94, '2021-03-18 00:00:00', '2021-03-21 00:00:00', TRUE, TRUE, '2021-03-26 00:00:00'),
--        (164, 164, 1, 10, 184, '2022-01-07 00:00:00', '2022-01-10 00:00:00', TRUE, TRUE, '2022-01-15 00:00:00'),
--        (165, 165, 3, 18, 173, '2021-04-17 00:00:00', '2021-04-20 00:00:00', TRUE, TRUE, '2021-04-25 00:00:00'),
--        (166, 166, 1, 16, 140, '2019-08-22 00:00:00', '2019-08-25 00:00:00', TRUE, TRUE, '2019-08-30 00:00:00'),
--        (167, 167, 1, 13, 42, '2020-09-18 00:00:00', '2020-09-21 00:00:00', TRUE, TRUE, '2020-09-26 00:00:00'),
--        (168, 168, 2, 12, 158, '2024-02-05 00:00:00', '2024-02-08 00:00:00', TRUE, TRUE, '2024-02-13 00:00:00'),
--        (169, 169, 1, 17, 152, '2024-09-30 00:00:00', '2024-10-03 00:00:00', TRUE, TRUE, '2024-10-08 00:00:00'),
--        (170, 170, 2, 6, 197, '2022-09-03 00:00:00', '2022-09-06 00:00:00', TRUE, TRUE, '2022-09-11 00:00:00'),
--        (171, 171, 2, 16, 139, '2023-03-27 00:00:00', '2023-03-30 00:00:00', TRUE, TRUE, '2023-04-04 00:00:00'),
--        (172, 172, 2, 10, 142, '2020-06-02 00:00:00', '2020-06-05 00:00:00', TRUE, TRUE, '2020-06-10 00:00:00'),
--        (173, 173, 1, 14, 190, '2024-10-27 00:00:00', '2024-10-30 00:00:00', TRUE, TRUE, '2024-11-04 00:00:00'),
--        (174, 174, 3, 20, 32, '2024-10-15 00:00:00', '2024-10-18 00:00:00', TRUE, TRUE, '2024-10-23 00:00:00'),
--        (175, 175, 3, 10, 199, '2025-01-29 00:00:00', '2025-02-01 00:00:00', TRUE, TRUE, '2025-02-06 00:00:00'),
--        (176, 176, 2, 13, 8, '2020-11-08 00:00:00', '2020-11-11 00:00:00', TRUE, TRUE, '2020-11-16 00:00:00'),
--        (177, 177, 3, 19, 149, '2021-08-14 00:00:00', '2021-08-17 00:00:00', TRUE, TRUE, '2021-08-22 00:00:00'),
--        (178, 178, 1, 8, 86, '2022-02-12 00:00:00', '2022-02-15 00:00:00', TRUE, TRUE, '2022-02-20 00:00:00'),
--        (179, 179, 2, 11, 194, '2023-01-02 00:00:00', '2023-01-05 00:00:00', TRUE, TRUE, '2023-01-10 00:00:00'),
--        (180, 180, 2, 10, 176, '2019-06-15 00:00:00', '2019-06-18 00:00:00', TRUE, TRUE, '2019-06-23 00:00:00'),
--        (181, 181, 2, 4, 191, '2024-04-08 00:00:00', '2024-04-11 00:00:00', TRUE, TRUE, '2024-04-16 00:00:00'),
--        (182, 182, 1, 14, 96, '2024-12-25 00:00:00', '2024-12-28 00:00:00', TRUE, TRUE, '2025-01-02 00:00:00'),
--        (183, 183, 3, 19, 155, '2024-01-15 00:00:00', '2024-01-18 00:00:00', TRUE, TRUE, '2024-01-23 00:00:00'),
--        (184, 184, 2, 19, 30, '2020-04-10 00:00:00', '2020-04-13 00:00:00', TRUE, TRUE, '2020-04-18 00:00:00'),
--        (185, 185, 1, 15, 108, '2021-09-03 00:00:00', '2021-09-06 00:00:00', TRUE, TRUE, '2021-09-11 00:00:00'),
--        (186, 186, 1, 16, 34, '2024-11-17 00:00:00', '2024-11-20 00:00:00', TRUE, TRUE, '2024-11-25 00:00:00'),
--        (187, 187, 3, 14, 83, '2022-06-12 00:00:00', '2022-06-15 00:00:00', TRUE, TRUE, '2022-06-20 00:00:00'),
--        (188, 188, 3, 11, 20, '2024-08-15 00:00:00', '2024-08-18 00:00:00', TRUE, TRUE, '2024-08-23 00:00:00'),
--        (189, 189, 3, 10, 159, '2020-08-12 00:00:00', '2020-08-15 00:00:00', TRUE, TRUE, '2020-08-20 00:00:00'),
--        (190, 190, 1, 14, 97, '2022-12-02 00:00:00', '2022-12-05 00:00:00', TRUE, TRUE, '2022-12-10 00:00:00'),
--        (191, 191, 2, 17, 171, '2022-04-09 00:00:00', '2022-04-12 00:00:00', TRUE, TRUE, '2022-04-17 00:00:00'),
--        (192, 192, 3, 12, 134, '2020-10-06 00:00:00', '2020-10-09 00:00:00', TRUE, TRUE, '2020-10-14 00:00:00'),
--        (193, 193, 1, 5, 200, '2020-08-09 00:00:00', '2020-08-12 00:00:00', TRUE, TRUE, '2020-08-17 00:00:00'),
--        (194, 194, 1, 16, 122, '2023-04-01 00:00:00', '2023-04-04 00:00:00', TRUE, TRUE, '2023-04-09 00:00:00'),
--        (195, 195, 1, 13, 13, '2024-06-20 00:00:00', '2024-06-23 00:00:00', TRUE, TRUE, '2024-06-28 00:00:00'),
--        (196, 196, 1, 5, 6, '2024-10-21 00:00:00', '2024-10-24 00:00:00', TRUE, TRUE, '2024-10-29 00:00:00'),
--        (197, 197, 2, 10, 112, '2022-06-22 00:00:00', '2022-06-25 00:00:00', TRUE, TRUE, '2022-06-30 00:00:00'),
--        (198, 198, 1, 15, 104, '2023-01-13 00:00:00', '2023-01-16 00:00:00', TRUE, TRUE, '2023-01-21 00:00:00'),
--        (199, 199, 1, 9, 77, '2022-10-09 00:00:00', '2022-10-12 00:00:00', TRUE, TRUE, '2022-10-17 00:00:00'),
--        (200, 200, 2, 15, 86, '2024-01-15 00:00:00', '2024-01-18 00:00:00', TRUE, TRUE, '2024-01-23 00:00:00'),
--        (201, 201, 3, 9, 8, '2020-03-30 00:00:00', '2020-04-02 00:00:00', TRUE, TRUE, '2020-04-07 00:00:00'),
--        (202, 202, 1, 9, 28, '2022-10-06 00:00:00', '2022-10-09 00:00:00', TRUE, TRUE, '2022-10-14 00:00:00'),
--        (203, 203, 3, 12, 100, '2020-06-19 00:00:00', '2020-06-22 00:00:00', TRUE, TRUE, '2020-06-27 00:00:00'),
--        (204, 204, 2, 7, 174, '2023-08-14 00:00:00', '2023-08-17 00:00:00', TRUE, TRUE, '2023-08-22 00:00:00'),
--        (205, 205, 2, 8, 197, '2023-09-26 00:00:00', '2023-09-29 00:00:00', TRUE, TRUE, '2023-10-04 00:00:00'),
--        (206, 206, 2, 4, 88, '2020-01-29 00:00:00', '2020-02-01 00:00:00', TRUE, TRUE, '2020-02-06 00:00:00'),
--        (207, 207, 2, 18, 130, '2020-09-18 00:00:00', '2020-09-21 00:00:00', TRUE, TRUE, '2020-09-26 00:00:00'),
--        (208, 208, 1, 19, 175, '2024-02-23 00:00:00', '2024-02-26 00:00:00', TRUE, TRUE, '2024-03-02 00:00:00'),
--        (209, 209, 2, 14, 97, '2026-04-04 00:00:00', '2026-04-07 00:00:00', TRUE, TRUE, '2026-04-12 00:00:00'),
--        (210, 210, 2, 6, 198, '2021-10-23 00:00:00', '2021-10-26 00:00:00', TRUE, TRUE, '2021-10-31 00:00:00'),
--        (211, 211, 3, 15, 68, '2025-03-24 00:00:00', '2025-03-27 00:00:00', TRUE, TRUE, '2025-04-01 00:00:00'),
--        (212, 212, 1, 19, 47, '2020-04-30 00:00:00', '2020-05-03 00:00:00', TRUE, TRUE, '2020-05-08 00:00:00'),
--        (213, 213, 1, 5, 45, '2021-06-02 00:00:00', '2021-06-05 00:00:00', TRUE, TRUE, '2021-06-10 00:00:00'),
--        (214, 214, 1, 9, 189, '2025-04-16 00:00:00', '2025-04-19 00:00:00', TRUE, TRUE, '2025-04-24 00:00:00'),
--        (215, 215, 1, 13, 122, '2021-12-26 00:00:00', '2021-12-29 00:00:00', TRUE, TRUE, '2022-01-03 00:00:00'),
--        (216, 216, 2, 20, 165, '2018-04-20 00:00:00', '2018-04-23 00:00:00', TRUE, TRUE, '2018-04-28 00:00:00'),
--        (217, 217, 2, 9, 7, '2020-06-02 00:00:00', '2020-06-05 00:00:00', TRUE, TRUE, '2020-06-10 00:00:00'),
--        (218, 218, 3, 7, 84, '2019-10-20 00:00:00', '2019-10-23 00:00:00', TRUE, TRUE, '2019-10-28 00:00:00'),
--        (219, 219, 3, 18, 170, '2023-01-01 00:00:00', '2023-01-04 00:00:00', TRUE, TRUE, '2023-01-09 00:00:00'),
--        (220, 220, 1, 9, 189, '2023-01-08 00:00:00', '2023-01-11 00:00:00', TRUE, TRUE, '2023-01-16 00:00:00'),
--        (221, 221, 1, 9, 123, '2023-01-30 00:00:00', '2023-02-02 00:00:00', TRUE, TRUE, '2023-02-07 00:00:00'),
--        (222, 222, 1, 13, 122, '2025-02-20 00:00:00', '2025-02-23 00:00:00', TRUE, TRUE, '2025-02-28 00:00:00'),
--        (223, 223, 1, 12, 147, '2023-08-23 00:00:00', '2023-08-26 00:00:00', TRUE, TRUE, '2023-08-31 00:00:00'),
--        (224, 224, 2, 15, 37, '2023-12-20 00:00:00', '2023-12-23 00:00:00', TRUE, TRUE, '2023-12-28 00:00:00'),
--        (225, 225, 1, 12, 66, '2024-06-12 00:00:00', '2024-06-15 00:00:00', TRUE, TRUE, '2024-06-20 00:00:00'),
--        (226, 226, 3, 5, 110, '2019-06-29 00:00:00', '2019-07-02 00:00:00', TRUE, TRUE, '2019-07-07 00:00:00'),
--        (227, 227, 2, 19, 127, '2024-07-28 00:00:00', '2024-07-31 00:00:00', TRUE, TRUE, '2024-08-05 00:00:00'),
--        (228, 228, 3, 16, 147, '2023-04-29 00:00:00', '2023-05-02 00:00:00', TRUE, TRUE, '2023-05-07 00:00:00'),
--        (229, 229, 3, 16, 143, '2021-11-11 00:00:00', '2021-11-14 00:00:00', TRUE, TRUE, '2021-11-19 00:00:00'),
--        (230, 230, 3, 11, 65, '2022-12-18 00:00:00', '2022-12-21 00:00:00', TRUE, TRUE, '2022-12-26 00:00:00'),
--        (231, 231, 2, 15, 130, '2019-08-29 00:00:00', '2019-09-01 00:00:00', TRUE, TRUE, '2019-09-06 00:00:00'),
--        (232, 232, 2, 5, 128, '2025-05-10 00:00:00', '2025-05-13 00:00:00', TRUE, TRUE, '2025-05-18 00:00:00'),
--        (233, 233, 1, 18, 72, '2020-07-07 00:00:00', '2020-07-10 00:00:00', TRUE, TRUE, '2020-07-15 00:00:00'),
--        (234, 234, 1, 6, 133, '2019-06-26 00:00:00', '2019-06-29 00:00:00', TRUE, TRUE, '2019-07-04 00:00:00'),
--        (235, 235, 3, 8, 136, '2024-04-29 00:00:00', '2024-05-02 00:00:00', TRUE, TRUE, '2024-05-07 00:00:00'),
--        (236, 236, 1, 8, 51, '2021-12-29 00:00:00', '2022-01-01 00:00:00', TRUE, TRUE, '2022-01-06 00:00:00'),
--        (237, 237, 3, 17, 18, '2021-09-14 00:00:00', '2021-09-17 00:00:00', TRUE, TRUE, '2021-09-22 00:00:00'),
--        (238, 238, 2, 17, 19, '2021-03-05 00:00:00', '2021-03-08 00:00:00', TRUE, TRUE, '2021-03-13 00:00:00'),
--        (239, 239, 3, 12, 32, '2023-07-30 00:00:00', '2023-08-02 00:00:00', TRUE, TRUE, '2023-08-07 00:00:00'),
--        (240, 240, 3, 7, 112, '2022-03-16 00:00:00', '2022-03-19 00:00:00', TRUE, TRUE, '2022-03-24 00:00:00'),
--        (241, 241, 2, 13, 49, '2019-09-06 00:00:00', '2019-09-09 00:00:00', TRUE, TRUE, '2019-09-14 00:00:00'),
--        (242, 242, 1, 19, 164, '2020-11-04 00:00:00', '2020-11-07 00:00:00', TRUE, TRUE, '2020-11-12 00:00:00'),
--        (243, 243, 2, 9, 30, '2022-12-02 00:00:00', '2022-12-05 00:00:00', TRUE, TRUE, '2022-12-10 00:00:00'),
--        (244, 244, 2, 11, 1, '2025-04-08 00:00:00', '2025-04-11 00:00:00', TRUE, TRUE, '2025-04-16 00:00:00'),
--        (245, 245, 2, 9, 43, '2023-09-06 00:00:00', '2023-09-09 00:00:00', TRUE, TRUE, '2023-09-14 00:00:00'),
--        (246, 246, 2, 13, 113, '2023-07-05 00:00:00', '2023-07-08 00:00:00', TRUE, TRUE, '2023-07-13 00:00:00'),
--        (247, 247, 2, 20, 134, '2021-10-12 00:00:00', '2021-10-15 00:00:00', TRUE, TRUE, '2021-10-20 00:00:00'),
--        (248, 248, 1, 15, 146, '2021-09-16 00:00:00', '2021-09-19 00:00:00', TRUE, TRUE, '2021-09-24 00:00:00'),
--        (249, 249, 1, 6, 56, '2023-01-29 00:00:00', '2023-02-01 00:00:00', TRUE, TRUE, '2023-02-06 00:00:00'),
--        (250, 250, 1, 14, 40, '2019-12-07 00:00:00', '2019-12-10 00:00:00', TRUE, TRUE, '2019-12-15 00:00:00'),
--        (251, 251, 1, 5, 77, '2025-07-19 00:00:00', '2025-07-22 00:00:00', TRUE, TRUE, '2025-07-27 00:00:00'),
--        (252, 252, 2, 10, 153, '2020-06-18 00:00:00', '2020-06-21 00:00:00', TRUE, TRUE, '2020-06-26 00:00:00'),
--        (253, 253, 1, 14, 72, '2019-10-21 00:00:00', '2019-10-24 00:00:00', TRUE, TRUE, '2019-10-29 00:00:00'),
--        (254, 254, 3, 10, 139, '2024-08-06 00:00:00', '2024-08-09 00:00:00', TRUE, TRUE, '2024-08-14 00:00:00'),
--        (255, 255, 2, 8, 163, '2023-05-20 00:00:00', '2023-05-23 00:00:00', TRUE, TRUE, '2023-05-28 00:00:00'),
--        (256, 256, 3, 4, 89, '2023-12-13 00:00:00', '2023-12-16 00:00:00', TRUE, TRUE, '2023-12-21 00:00:00'),
--        (257, 257, 3, 9, 30, '2021-12-26 00:00:00', '2021-12-29 00:00:00', TRUE, TRUE, '2022-01-03 00:00:00'),
--        (258, 258, 1, 5, 185, '2020-03-15 00:00:00', '2020-03-18 00:00:00', TRUE, TRUE, '2020-03-23 00:00:00'),
--        (259, 259, 2, 19, 104, '2024-07-24 00:00:00', '2024-07-27 00:00:00', TRUE, TRUE, '2024-08-01 00:00:00'),
--        (260, 260, 1, 10, 25, '2020-08-25 00:00:00', '2020-08-28 00:00:00', TRUE, TRUE, '2020-09-02 00:00:00'),
--        (261, 261, 3, 19, 183, '2018-10-23 00:00:00', '2018-10-26 00:00:00', TRUE, TRUE, '2018-10-31 00:00:00'),
--        (262, 262, 1, 13, 121, '2019-01-21 00:00:00', '2019-01-24 00:00:00', TRUE, TRUE, '2019-01-29 00:00:00'),
--        (263, 263, 3, 16, 51, '2025-08-15 00:00:00', '2025-08-18 00:00:00', TRUE, TRUE, '2025-08-23 00:00:00'),
--        (264, 264, 3, 10, 120, '2022-12-04 00:00:00', '2022-12-07 00:00:00', TRUE, TRUE, '2022-12-12 00:00:00'),
--        (265, 265, 1, 19, 60, '2024-02-13 00:00:00', '2024-02-16 00:00:00', TRUE, TRUE, '2024-02-21 00:00:00'),
--        (266, 266, 3, 8, 101, '2022-05-16 00:00:00', '2022-05-19 00:00:00', TRUE, TRUE, '2022-05-24 00:00:00'),
--        (267, 267, 1, 8, 43, '2023-11-27 00:00:00', '2023-11-30 00:00:00', TRUE, TRUE, '2023-12-05 00:00:00'),
--        (268, 268, 1, 11, 35, '2021-07-26 00:00:00', '2021-07-29 00:00:00', TRUE, TRUE, '2021-08-03 00:00:00'),
--        (269, 269, 3, 9, 26, '2021-10-16 00:00:00', '2021-10-19 00:00:00', TRUE, TRUE, '2021-10-24 00:00:00'),
--        (270, 270, 2, 18, 77, '2020-01-23 00:00:00', '2020-01-26 00:00:00', TRUE, TRUE, '2020-01-31 00:00:00'),
--        (271, 271, 2, 18, 93, '2022-02-01 00:00:00', '2022-02-04 00:00:00', TRUE, TRUE, '2022-02-09 00:00:00'),
--        (272, 272, 1, 5, 180, '2022-07-20 00:00:00', '2022-07-23 00:00:00', TRUE, TRUE, '2022-07-28 00:00:00'),
--        (273, 273, 1, 5, 13, '2021-03-14 00:00:00', '2021-03-17 00:00:00', TRUE, TRUE, '2021-03-22 00:00:00'),
--        (274, 274, 3, 11, 167, '2024-05-22 00:00:00', '2024-05-25 00:00:00', TRUE, TRUE, '2024-05-30 00:00:00'),
--        (275, 275, 1, 20, 96, '2025-04-04 00:00:00', '2025-04-07 00:00:00', TRUE, TRUE, '2025-04-12 00:00:00'),
--        (276, 276, 3, 12, 53, '2022-07-08 00:00:00', '2022-07-11 00:00:00', TRUE, TRUE, '2022-07-16 00:00:00'),
--        (277, 277, 1, 17, 101, '2025-05-16 00:00:00', '2025-05-19 00:00:00', TRUE, TRUE, '2025-05-24 00:00:00'),
--        (278, 278, 2, 14, 156, '2023-01-15 00:00:00', '2023-01-18 00:00:00', TRUE, TRUE, '2023-01-23 00:00:00'),
--        (279, 279, 2, 15, 108, '2021-03-13 00:00:00', '2021-03-16 00:00:00', TRUE, TRUE, '2021-03-21 00:00:00'),
--        (280, 280, 3, 9, 151, '2023-08-18 00:00:00', '2023-08-21 00:00:00', TRUE, TRUE, '2023-08-26 00:00:00'),
--        (281, 281, 3, 7, 190, '2023-06-27 00:00:00', '2023-06-30 00:00:00', TRUE, TRUE, '2023-07-05 00:00:00'),
--        (282, 282, 2, 18, 50, '2019-06-19 00:00:00', '2019-06-22 00:00:00', TRUE, TRUE, '2019-06-27 00:00:00'),
--        (283, 283, 1, 4, 194, '2021-12-21 00:00:00', '2021-12-24 00:00:00', TRUE, TRUE, '2021-12-29 00:00:00'),
--        (284, 284, 3, 5, 144, '2022-12-29 00:00:00', '2023-01-01 00:00:00', TRUE, TRUE, '2023-01-06 00:00:00'),
--        (285, 285, 1, 17, 73, '2021-12-14 00:00:00', '2021-12-17 00:00:00', TRUE, TRUE, '2021-12-22 00:00:00'),
--        (286, 286, 2, 6, 198, '2022-07-26 00:00:00', '2022-07-29 00:00:00', TRUE, TRUE, '2022-08-03 00:00:00'),
--        (287, 287, 1, 9, 21, '2023-01-19 00:00:00', '2023-01-22 00:00:00', TRUE, TRUE, '2023-01-27 00:00:00'),
--        (288, 288, 2, 20, 1, '2025-03-02 00:00:00', '2025-03-05 00:00:00', TRUE, TRUE, '2025-03-10 00:00:00'),
--        (289, 289, 2, 11, 26, '2024-04-16 00:00:00', '2024-04-19 00:00:00', TRUE, TRUE, '2024-04-24 00:00:00'),
--        (290, 290, 1, 12, 135, '2023-06-23 00:00:00', '2023-06-26 00:00:00', TRUE, TRUE, '2023-07-01 00:00:00'),
--        (291, 291, 2, 13, 149, '2025-09-08 00:00:00', '2025-09-11 00:00:00', TRUE, TRUE, '2025-09-16 00:00:00'),
--        (292, 292, 3, 5, 35, '2026-03-05 00:00:00', '2026-03-08 00:00:00', TRUE, TRUE, '2026-03-13 00:00:00'),
--        (293, 293, 2, 11, 150, '2024-12-11 00:00:00', '2024-12-14 00:00:00', TRUE, TRUE, '2024-12-19 00:00:00'),
--        (294, 294, 3, 5, 118, '2021-01-02 00:00:00', '2021-01-05 00:00:00', TRUE, TRUE, '2021-01-10 00:00:00'),
--        (295, 295, 3, 6, 195, '2021-08-16 00:00:00', '2021-08-19 00:00:00', TRUE, TRUE, '2021-08-24 00:00:00'),
--        (296, 296, 3, 7, 186, '2019-09-17 00:00:00', '2019-09-20 00:00:00', TRUE, TRUE, '2019-09-25 00:00:00'),
--        (297, 297, 3, 8, 42, '2021-05-23 00:00:00', '2021-05-26 00:00:00', TRUE, TRUE, '2021-05-31 00:00:00'),
--        (298, 298, 1, 12, 67, '2022-07-25 00:00:00', '2022-07-28 00:00:00', TRUE, TRUE, '2022-08-02 00:00:00'),
--        (299, 299, 2, 5, 109, '2023-01-16 00:00:00', '2023-01-19 00:00:00', TRUE, TRUE, '2023-01-24 00:00:00'),
--        (300, 300, 3, 15, 86, '2022-05-19 00:00:00', '2022-05-22 00:00:00', TRUE, TRUE, '2022-05-27 00:00:00');

INSERT INTO reward_history (reward_id, payment_id, voucher_id, type, amount, reason, date)
VALUES
    (NULL, 418, 1, 'USED', 281000, 'USED', '2022-07-14 00:00:00'),
    (1, 775, 2, 'USED', 4000, 'USED', '2023-11-08 00:00:00'),
    (2, 424, 3, 'USED', 323000, 'USED', '2019-07-10 00:00:00'),
    (3, NULL, 4, 'CHARGED', 60000, 'EVENT', '2022-03-26 00:00:00'),
    (4, 688, 5, 'USED', 1339000, 'USED', '2023-10-26 00:00:00'),
    (5, 208, 6, 'USED', 198000, 'USED', '2019-04-24 00:00:00');
--        (7, 12, 104, NULL, 'USED', 332000, 'USED', '2021-08-21 0:00:00'),
--        (8, 104, 350, NULL, 'USED', 1519000, 'USED', '2021-07-04 0:00:00'),
--        (9, 99, 304, NULL, 'USED', 404000, 'USED', '2022-08-17 0:00:00'),
--        (10, 200, 858, NULL, 'USED', 362000, 'USED', '2018-11-28 0:00:00'),
--        (11, NULL, 671, NULL, 'USED', 96000, 'USED', '2023-08-23 0:00:00'),
--        (12, 13, 57, NULL, 'USED', 372000, 'USED', '2024-01-12 0:00:00'),
--        (13, 15, 1, NULL, 'USED', 1155000, 'USED', '2023-11-14 0:00:00'),
--        (14, 46, 139, NULL, 'USED', 34000, 'USED', '2021-07-11 0:00:00'),
--        (15, 134, 507, NULL, 'USED', 967000, 'USED', '2018-06-09 0:00:00'),
--        (16, 102, 318, NULL, 'USED', 99000, 'USED', '2021-12-21 0:00:00'),
--        (17, 137, 674, NULL, 'USED', 567000, 'USED', '2019-10-28 0:00:00'),
--        (18, 195, NULL, 149, 'CHARGED', 210000, 'BUY', '2022-04-27 0:00:00'),
--        (19, 91, NULL, 292, 'CHARGED', 290000, 'BUY', '2026-04-14 0:00:00'),
--        (20, 117, 827, NULL, 'USED', 796000, 'USED', '2021-06-01 0:00:00'),
--        (21, 161, 444, NULL, 'USED', 197000, 'USED', '2021-02-25 0:00:00'),
--        (22, 17, 756, NULL, 'USED', 115000, 'USED', '2023-11-12 0:00:00'),
--        (23, 147, 922, NULL, 'USED', 282000, 'USED', '2024-04-25 0:00:00'),
--        (24, 167, 928, NULL, 'USED', 751000, 'USED', '2022-03-20 0:00:00'),
--        (25, 44, 103, NULL, 'USED', 633000, 'USED', '2021-10-15 0:00:00'),
--        (26, 41, 810, NULL, 'USED', 1051000, 'USED', '2023-08-14 0:00:00'),
--        (27, NULL, 527, NULL, 'USED', 936000, 'USED', '2021-10-02 0:00:00'),
--        (28, 144, 429, NULL, 'USED', 248000, 'USED', '2019-08-23 0:00:00'),
--        (29, 173, 452, NULL, 'USED', 196000, 'USED', '2018-10-20 0:00:00'),
--        (30, 61, 971, NULL, 'USED', 833000, 'USED', '2018-03-03 0:00:00'),
--        (31, 8, NULL, 163, 'CHARGED', 70000, 'BUY', '2021-04-27 0:00:00'),
--        (32, NULL, NULL, 134, 'CHARGED', 240000, 'EVENT', '2023-11-13 0:00:00'),
--        (33, 64, 787, NULL, 'USED', 59000, 'USED', '2018-08-20 0:00:00'),
--        (34, NULL, 988, NULL, 'USED', 1215000, 'USED', '2020-06-13 0:00:00'),
--        (35, 94, 963, NULL, 'USED', 178000, 'USED', '2024-09-03 0:00:00'),
--        (36, 152, 11, NULL, 'USED', 737000, 'USED', '2024-06-13 0:00:00'),
--        (37, 140, 393, NULL, 'USED', 579000, 'USED', '2023-11-25 0:00:00'),
--        (38, 183, 297, NULL, 'USED', 977000, 'USED', '2020-10-19 0:00:00'),
--        (39, 68, 270, NULL, 'USED', 33000, 'USED', '2021-04-25 0:00:00'),
--        (40, 3, 221, NULL, 'USED', 742000, 'USED', '2020-08-17 0:00:00'),
--        (41, 136, 168, NULL, 'USED', 1729000, 'USED', '2021-10-29 0:00:00'),
--        (42, 67, 687, NULL, 'USED', 320000, 'USED', '2018-06-15 0:00:00'),
--        (43, 200, 691, NULL, 'USED', 1441000, 'USED', '2020-09-15 0:00:00'),
--        (44, 18, 274, NULL, 'USED', 928000, 'USED', '2020-03-22 0:00:00'),
--        (45, 4, NULL, 195, 'CHARGED', 130000, 'EVENT', '2024-07-30 0:00:00'),
--        (46, 42, NULL, 288, 'CHARGED', 90000, 'BUY', '2025-04-11 0:00:00'),
--        (48, 22, NULL, 47, 'CHARGED', 20000, 'EVENT', '2021-11-20 0:00:00'),
--        (49, 25, 56, NULL, 'USED', 20000, 'USED', '2019-05-04 0:00:00'),
--        (50, 24, 646, NULL, 'USED', 916000, 'USED', '2022-04-02 0:00:00'),
--        (51, 72, 778, NULL, 'USED', 132000, 'USED', '2019-10-31 0:00:00'),
--        (52, 103, 114, NULL, 'USED', 1602000, 'USED', '2022-07-21 0:00:00'),
--        (53, 187, 359, NULL, 'USED', 644000, 'USED', '2022-12-14 0:00:00'),
--        (54, 178, 288, NULL, 'USED', 412000, 'USED', '2023-03-01 0:00:00'),
--        (55, 181, NULL, 271, 'CHARGED', 240000, 'BUY', '2022-03-13 0:00:00'),
--        (56, 111, 779, NULL, 'USED', 87000, 'USED', '2023-11-01 0:00:00'),
--        (57, 1, 273, NULL, 'USED', 317000, 'USED', '2022-12-31 0:00:00'),
--        (58, 37, 798, NULL, 'USED', 177000, 'USED', '2019-01-31 0:00:00'),
--        (59, 95, 137, NULL, 'USED', 47000, 'USED', '2024-03-26 0:00:00'),
--        (60, 87, 189, NULL, 'USED', 57000, 'USED', '2020-07-20 0:00:00'),
--        (61, 90, NULL, 111, 'CHARGED', 10000, 'BUY', '2022-11-06 0:00:00'),
--        (62, 57, 236, NULL, 'USED', 925000, 'USED', '2023-02-20 0:00:00'),
--        (63, 153, 404, NULL, 'USED', 989000, 'USED', '2022-08-19 0:00:00'),
--        (64, 121, NULL, 83, 'CHARGED', 80000, 'BUY', '2021-01-01 0:00:00'),
--        (65, NULL, 742, NULL, 'USED', 266000, 'USED', '2018-12-23 0:00:00'),
--        (66, 140, 585, NULL, 'USED', 884000, 'USED', '2020-07-17 0:00:00'),
--        (67, 35, 521, NULL, 'USED', 151000, 'USED', '2018-09-30 0:00:00'),
--        (68, 68, 312, NULL, 'USED', 85000, 'USED', '2022-01-12 0:00:00'),
--        (69, 180, 584, NULL, 'USED', 874000, 'USED', '2018-12-27 0:00:00'),
--        (70, 134, 289, NULL, 'USED', 211000, 'USED', '2023-06-23 0:00:00'),
--        (71, 126, NULL, 212, 'CHARGED', 30000, 'EVENT', '2020-06-09 0:00:00'),
--        (72, 122, 314, NULL, 'USED', 72000, 'USED', '2020-09-23 0:00:00'),
--        (73, 99, 319, NULL, 'USED', 34000, 'USED', '2021-03-06 0:00:00'),
--        (74, NULL, 888, NULL, 'USED', 1338000, 'USED', '2024-01-12 0:00:00'),
--        (75, 82, NULL, 136, 'CHARGED', 150000, 'BUY', '2024-08-22 0:00:00'),
--        (76, NULL, 876, NULL, 'USED', 78000, 'USED', '2021-05-21 0:00:00'),
--        (77, 124, 511, NULL, 'USED', 509000, 'USED', '2019-08-17 0:00:00'),
--        (78, 139, NULL, 249, 'CHARGED', 230000, 'EVENT', '2023-03-10 0:00:00'),
--        (79, 75, 723, NULL, 'USED', 1544000, 'USED', '2021-02-08 0:00:00'),
--        (80, 98, 199, NULL, 'USED', 1030000, 'USED', '2022-06-10 0:00:00'),
--        (81, 144, 616, NULL, 'USED', 216000, 'USED', '2021-10-03 0:00:00'),
--        (82, 165, 714, NULL, 'USED', 463000, 'USED', '2018-03-10 0:00:00'),
--        (83, 73, 960, NULL, 'USED', 256000, 'USED', '2021-04-11 0:00:00'),
--        (84, 52, 804, NULL, 'USED', 23000, 'USED', '2019-03-31 0:00:00'),
--        (85, 39, NULL, 26, 'CHARGED', 230000, 'EVENT', '2022-05-10 0:00:00'),
--        (86, 151, 678, NULL, 'USED', 680000, 'USED', '2018-10-14 0:00:00'),
--        (87, NULL, 825, NULL, 'USED', 1119000, 'USED', '2023-09-06 0:00:00'),
--        (88, 197, 980, NULL, 'USED', 533000, 'USED', '2023-04-28 0:00:00'),
--        (89, 7, 892, NULL, 'USED', 346000, 'USED', '2020-01-16 0:00:00'),
--        (90, NULL, 619, NULL, 'USED', 508000, 'USED', '2021-02-25 0:00:00'),
--        (91, 167, NULL, 1, 'CHARGED', 240000, 'BUY', '2019-08-22 0:00:00'),
--        (92, NULL, 498, NULL, 'USED', 26000, 'USED', '2020-07-09 0:00:00'),
--        (93, 189, 899, NULL, 'USED', 181000, 'USED', '2019-07-03 0:00:00'),
--        (94, 70, 655, NULL, 'USED', 780000, 'USED', '2022-08-04 0:00:00'),
--        (95, 78, 870, NULL, 'USED', 345000, 'USED', '2023-10-09 0:00:00'),
--        (96, 130, 799, NULL, 'USED', 12000, 'USED', '2022-12-30 0:00:00'),
--        (97, NULL, 987, NULL, 'USED', 927000, 'USED', '2018-11-24 0:00:00'),
--        (98, 85, 218, NULL, 'USED', 408000, 'USED', '2019-07-03 0:00:00'),
--        (99, 10, 338, NULL, 'USED', 1230000, 'USED', '2020-01-18 0:00:00'),
--        (100, 69, NULL, 236, 'CHARGED', 200000, 'EVENT', '2022-02-07 0:00:00'),
--        (101, 131, NULL, 274, 'CHARGED', 180000, 'EVENT', '2024-07-01 0:00:00'),
--        (102, 15, 843, NULL, 'USED', 34000, 'USED', '2023-06-22 0:00:00'),
--        (103, 133, 468, NULL, 'USED', 945000, 'USED', '2022-03-03 0:00:00'),
--        (104, 11, 322, NULL, 'USED', 54000, 'USED', '2022-11-28 0:00:00'),
--        (105, 168, 578, NULL, 'USED', 924000, 'USED', '2020-08-17 0:00:00'),
--        (106, 111, 235, NULL, 'USED', 99000, 'USED', '2021-04-18 0:00:00'),
--        (107, 147, NULL, 289, 'CHARGED', 270000, 'EVENT', '2024-05-26 0:00:00'),
--        (108, NULL, 689, NULL, 'USED', 567000, 'USED', '2024-11-12 0:00:00'),
--        (109, 36, 656, NULL, 'USED', 575000, 'USED', '2020-06-25 0:00:00'),
--        (111, 109, 809, NULL, 'USED', 1318000, 'USED', '2019-12-05 0:00:00'),
--        (112, 39, NULL, 255, 'CHARGED', 230000, 'EVENT', '2023-06-29 0:00:00'),
--        (113, 164, NULL, 142, 'CHARGED', 190000, 'EVENT', '2023-07-13 0:00:00'),
--        (114, 5, 733, NULL, 'USED', 397000, 'USED', '2020-07-12 0:00:00'),
--        (115, 24, 158, NULL, 'USED', 924000, 'USED', '2023-10-26 0:00:00'),
--        (116, 189, 515, NULL, 'USED', 148000, 'USED', '2022-08-21 0:00:00'),
--        (117, 45, 24, NULL, 'USED', 1205000, 'USED', '2024-01-22 0:00:00'),
--        (118, 49, 683, NULL, 'USED', 289000, 'USED', '2024-01-04 0:00:00'),
--        (119, NULL, 721, NULL, 'USED', 819000, 'USED', '2018-08-27 0:00:00'),
--        (120, 172, NULL, 3, 'CHARGED', 10000, 'BUY', '2022-06-28 0:00:00'),
--        (121, 94, 379, NULL, 'USED', 2000, 'USED', '2022-11-14 0:00:00'),
--        (122, 134, 269, NULL, 'USED', 62000, 'USED', '2022-09-25 0:00:00'),
--        (123, 141, 32, NULL, 'USED', 190000, 'USED', '2023-03-06 0:00:00'),
--        (124, NULL, 800, NULL, 'USED', 9000, 'USED', '2019-02-01 0:00:00'),
--        (125, 5, 28, NULL, 'USED', 350000, 'USED', '2024-03-05 0:00:00'),
--        (126, 135, NULL, 17, 'CHARGED', 300000, 'BUY', '2023-11-13 0:00:00'),
--        (127, NULL, NULL, 242, 'CHARGED', 120000, 'EVENT', '2020-12-14 0:00:00'),
--        (129, 45, 750, NULL, 'USED', 1401000, 'USED', '2021-07-08 0:00:00'),
--        (130, 184, 90, NULL, 'USED', 353000, 'USED', '2024-12-28 0:00:00'),
--        (131, 96, NULL, 35, 'CHARGED', 230000, 'BUY', '2019-01-25 0:00:00'),
--        (132, 179, 708, NULL, 'USED', 956000, 'USED', '2024-03-02 0:00:00'),
--        (133, 142, NULL, 23, 'CHARGED', 240000, 'BUY', '2020-07-29 0:00:00'),
--        (134, 121, 51, NULL, 'USED', 167000, 'USED', '2022-03-04 0:00:00'),
--        (135, 46, 485, NULL, 'USED', 488000, 'USED', '2020-06-06 0:00:00'),
--        (136, 47, 265, NULL, 'USED', 311000, 'USED', '2023-03-12 0:00:00'),
--        (137, 138, 447, NULL, 'USED', 333000, 'USED', '2019-11-16 0:00:00'),
--        (138, 172, 342, NULL, 'USED', 1831000, 'USED', '2021-06-09 0:00:00'),
--        (139, 127, 556, NULL, 'USED', 48000, 'USED', '2019-04-02 0:00:00'),
--        (140, 76, NULL, 125, 'CHARGED', 180000, 'BUY', '2024-02-23 0:00:00'),
--        (141, 63, 906, NULL, 'USED', 260000, 'USED', '2018-08-09 0:00:00'),
--        (142, 167, 451, NULL, 'USED', 35000, 'USED', '2023-03-10 0:00:00'),
--        (143, 104, NULL, 279, 'CHARGED', 110000, 'BUY', '2021-04-22 0:00:00'),
--        (144, 88, NULL, 156, 'CHARGED', 260000, 'EVENT', '2023-02-08 0:00:00'),
--        (145, 146, 880, NULL, 'USED', 178000, 'USED', '2022-02-17 0:00:00'),
--        (146, 82, 150, NULL, 'USED', 1348000, 'USED', '2025-01-25 0:00:00'),
--        (148, 92, 692, NULL, 'USED', 1144000, 'USED', '2023-09-14 0:00:00'),
--        (149, 134, 334, NULL, 'USED', 1603000, 'USED', '2021-02-23 0:00:00'),
--        (150, 36, 609, NULL, 'USED', 245000, 'USED', '2019-04-05 0:00:00'),
--        (151, 60, 979, NULL, 'USED', 140000, 'USED', '2022-09-23 0:00:00'),
--        (152, 133, NULL, 224, 'CHARGED', 30000, 'EVENT', '2024-01-29 0:00:00'),
--        (153, 31, 239, NULL, 'USED', 438000, 'USED', '2024-03-23 0:00:00'),
--        (154, 123, 562, NULL, 'USED', 528000, 'USED', '2022-07-31 0:00:00'),
--        (155, 188, 659, NULL, 'USED', 1102000, 'USED', '2020-07-31 0:00:00'),
--        (156, 159, NULL, 36, 'CHARGED', 80000, 'BUY', '2022-12-25 0:00:00'),
--        (158, 43, NULL, 98, 'CHARGED', 140000, 'EVENT', '2020-12-02 0:00:00'),
--        (159, 22, 855, NULL, 'USED', 59000, 'USED', '2023-08-24 0:00:00'),
--        (161, 189, NULL, 273, 'CHARGED', 180000, 'EVENT', '2021-04-23 0:00:00'),
--        (163, 177, 908, NULL, 'USED', 3000, 'USED', '2018-11-06 0:00:00'),
--        (164, 143, 934, NULL, 'USED', 468000, 'USED', '2019-11-18 0:00:00'),
--        (165, 179, NULL, 254, 'CHARGED', 290000, 'EVENT', '2024-09-15 0:00:00'),
--        (166, 95, 883, NULL, 'USED', 85000, 'USED', '2018-10-10 0:00:00'),
--        (167, 100, 814, NULL, 'USED', 435000, 'USED', '2021-12-28 0:00:00'),
--        (168, NULL, 889, NULL, 'USED', 895000, 'USED', '2021-01-24 0:00:00'),
--        (169, 120, 923, NULL, 'USED', 28000, 'USED', '2023-02-22 0:00:00'),
--        (170, 36, 831, NULL, 'USED', 233000, 'USED', '2024-02-23 0:00:00'),
--        (171, 4, 377, NULL, 'USED', 807000, 'USED', '2023-04-29 0:00:00'),
--        (172, 138, 36, NULL, 'USED', 884000, 'USED', '2023-01-19 0:00:00'),
--        (173, 193, 410, NULL, 'USED', 381000, 'USED', '2018-07-09 0:00:00'),
--        (174, 192, 341, NULL, 'USED', 265000, 'USED', '2018-11-02 0:00:00'),
--        (177, 89, 916, NULL, 'USED', 464000, 'USED', '2018-08-10 0:00:00'),
--        (178, 101, 123, NULL, 'USED', 621000, 'USED', '2023-10-05 0:00:00'),
--        (179, 160, 211, NULL, 'USED', 166000, 'USED', '2024-08-24 0:00:00'),
--        (180, 93, NULL, 234, 'CHARGED', 290000, 'EVENT', '2019-08-05 0:00:00'),
--        (181, 119, 534, NULL, 'USED', 816000, 'USED', '2024-02-24 0:00:00'),
--        (182, 169, NULL, 267, 'CHARGED', 270000, 'EVENT', '2024-01-06 0:00:00'),
--        (183, 40, 327, NULL, 'USED', 604000, 'USED', '2019-12-17 0:00:00'),
--        (184, 141, 639, NULL, 'USED', 854000, 'USED', '2020-04-25 0:00:00'),
--        (185, 171, 770, NULL, 'USED', 88000, 'USED', '2020-12-30 0:00:00'),
--        (186, NULL, 642, NULL, 'USED', 2000, 'USED', '2025-01-03 0:00:00'),
--        (187, 22, 820, NULL, 'USED', 145000, 'USED', '2024-07-16 0:00:00'),
--        (188, 179, 127, NULL, 'USED', 504000, 'USED', '2019-03-03 0:00:00'),
--        (189, 157, 152, NULL, 'USED', 996000, 'USED', '2022-08-17 0:00:00'),
--        (191, NULL, 436, NULL, 'USED', 852000, 'USED', '2022-05-19 0:00:00'),
--        (192, 172, 937, NULL, 'USED', 154000, 'USED', '2022-04-12 0:00:00'),
--        (193, 155, 956, NULL, 'USED', 390000, 'USED', '2022-03-17 0:00:00'),
--        (194, 193, NULL, 298, 'CHARGED', 280000, 'BUY', '2022-09-03 0:00:00'),
--        (195, 8, NULL, 189, 'CHARGED', 160000, 'BUY', '2020-09-21 0:00:00'),
--        (196, 31, 986, NULL, 'USED', 40000, 'USED', '2023-08-11 0:00:00'),
--        (197, NULL, 160, NULL, 'USED', 1226000, 'USED', '2023-01-05 0:00:00'),
--        (198, 171, 805, NULL, 'USED', 193000, 'USED', '2019-02-17 0:00:00'),
--        (199, NULL, 540, NULL, 'USED', 170000, 'USED', '2020-09-14 0:00:00'),
--        (200, 91, NULL, 176, 'CHARGED', 20000, 'EVENT', '2020-12-18 0:00:00'),
--        (201, 113, 486, NULL, 'USED', 59000, 'USED', '2023-06-14 0:00:00'),
--        (202, NULL, 157, NULL, 'USED', 539000, 'USED', '2023-05-29 0:00:00'),
--        (204, 68, 321, NULL, 'USED', 35000, 'USED', '2021-04-23 0:00:00'),
--        (205, NULL, 85, NULL, 'USED', 151000, 'USED', '2021-02-13 0:00:00'),
--        (206, 154, 784, NULL, 'USED', 347000, 'USED', '2021-03-20 0:00:00'),
--        (207, 52, 124, NULL, 'USED', 1489000, 'USED', '2022-02-16 0:00:00'),
--        (208, 174, 33, NULL, 'USED', 141000, 'USED', '2024-05-20 0:00:00'),
--        (209, 34, 668, NULL, 'USED', 764000, 'USED', '2022-06-15 0:00:00'),
--        (210, 175, 433, NULL, 'USED', 192000, 'USED', '2023-07-21 0:00:00'),
--        (211, 147, 952, NULL, 'USED', 905000, 'USED', '2019-06-19 0:00:00'),
--        (212, 123, 897, NULL, 'USED', 1734000, 'USED', '2021-04-08 0:00:00'),
--        (215, 163, 1000, NULL, 'USED', 6000, 'USED', '2024-03-08 0:00:00'),
--        (216, 109, 118, NULL, 'USED', 107000, 'USED', '2023-10-11 0:00:00'),
--        (217, 26, 490, NULL, 'USED', 128000, 'USED', '2020-09-26 0:00:00'),
--        (218, 84, NULL, 122, 'CHARGED', 220000, 'BUY', '2025-06-08 0:00:00'),
--        (221, 39, 782, NULL, 'USED', 10000, 'USED', '2020-12-21 0:00:00'),
--        (222, 169, 43, NULL, 'USED', 1033000, 'USED', '2024-04-23 0:00:00'),
--        (223, 76, 881, NULL, 'USED', 162000, 'USED', '2021-12-04 0:00:00'),
--        (224, 22, 423, NULL, 'USED', 236000, 'USED', '2023-12-29 0:00:00'),
--        (225, 69, 965, NULL, 'USED', 336000, 'USED', '2019-12-23 0:00:00'),
--        (227, 6, 116, NULL, 'USED', 921000, 'USED', '2019-12-04 0:00:00'),
--        (228, 130, 147, NULL, 'USED', 552000, 'USED', '2019-02-28 0:00:00'),
--        (229, 110, 856, NULL, 'USED', 44000, 'USED', '2021-08-16 0:00:00'),
--        (230, 164, NULL, 41, 'CHARGED', 40000, 'EVENT', '2021-12-15 0:00:00'),
--        (231, 71, 982, NULL, 'USED', 38000, 'USED', '2023-09-21 0:00:00'),
--        (232, 91, 581, NULL, 'USED', 1630000, 'USED', '2023-07-16 0:00:00'),
--        (233, 153, NULL, 85, 'CHARGED', 70000, 'EVENT', '2020-04-14 0:00:00'),
--        (234, 200, 893, NULL, 'USED', 98000, 'USED', '2018-10-07 0:00:00'),
--        (235, 105, NULL, 243, 'CHARGED', 150000, 'EVENT', '2023-01-11 0:00:00'),
--        (236, 106, NULL, 43, 'CHARGED', 220000, 'BUY', '2024-06-26 0:00:00'),
--        (237, NULL, 284, NULL, 'USED', 414000, 'USED', '2023-08-10 0:00:00'),
--        (239, 181, 174, NULL, 'USED', 26000, 'USED', '2023-10-21 0:00:00'),
--        (240, 124, 806, NULL, 'USED', 101000, 'USED', '2020-08-20 0:00:00'),
--        (241, 2, NULL, 131, 'CHARGED', 280000, 'EVENT', '2022-09-13 0:00:00'),
--        (242, 187, 190, NULL, 'USED', 15000, 'USED', '2021-04-10 0:00:00'),
--        (243, 191, NULL, 146, 'CHARGED', 270000, 'EVENT', '2025-02-26 0:00:00'),
--        (245, 74, 959, NULL, 'USED', 358000, 'USED', '2020-08-21 0:00:00'),
--        (246, 184, 356, NULL, 'USED', 424000, 'USED', '2018-07-17 0:00:00'),
--        (247, 152, 499, NULL, 'USED', 12000, 'USED', '2021-02-16 0:00:00'),
--        (248, 77, NULL, 121, 'CHARGED', 270000, 'EVENT', '2021-12-12 0:00:00'),
--        (249, 173, 785, NULL, 'USED', 37000, 'USED', '2019-12-19 0:00:00'),
--        (250, 76, 380, NULL, 'USED', 3000, 'USED', '2020-04-06 0:00:00'),
--        (251, 152, 129, NULL, 'USED', 137000, 'USED', '2024-02-26 0:00:00'),
--        (252, 149, 141, NULL, 'USED', 259000, 'USED', '2023-07-02 0:00:00'),
--        (254, 125, 526, NULL, 'USED', 584000, 'USED', '2021-12-17 0:00:00'),
--        (256, 12, 225, NULL, 'USED', 248000, 'USED', '2022-02-20 0:00:00'),
--        (258, 47, 622, NULL, 'USED', 817000, 'USED', '2020-02-02 0:00:00'),
--        (259, NULL, 332, NULL, 'USED', 87000, 'USED', '2022-11-18 0:00:00'),
--        (260, 139, 657, NULL, 'USED', 24000, 'USED', '2020-10-24 0:00:00'),
--        (261, 95, 78, NULL, 'USED', 77000, 'USED', '2023-11-20 0:00:00'),
--        (262, 15, NULL, 29, 'CHARGED', 40000, 'BUY', '2023-08-02 0:00:00'),
--        (263, 108, 849, NULL, 'USED', 89000, 'USED', '2023-08-15 0:00:00'),
--        (264, NULL, NULL, 25, 'CHARGED', 120000, 'EVENT', '2024-10-20 0:00:00'),
--        (265, 50, 419, NULL, 'USED', 1043000, 'USED', '2024-01-01 0:00:00'),
--        (267, 190, 512, NULL, 'USED', 767000, 'USED', '2018-06-30 0:00:00'),
--        (268, 159, 370, NULL, 'USED', 169000, 'USED', '2019-12-24 0:00:00'),
--        (269, NULL, NULL, 81, 'CHARGED', 180000, 'BUY', '2018-12-30 0:00:00'),
--        (270, 194, 47, NULL, 'USED', 737000, 'USED', '2024-10-17 0:00:00'),
--        (271, 171, 430, NULL, 'USED', 141000, 'USED', '2022-12-06 0:00:00'),
--        (272, 17, NULL, 239, 'CHARGED', 30000, 'EVENT', '2023-09-08 0:00:00'),
--        (273, 101, 650, NULL, 'USED', 1132000, 'USED', '2024-05-16 0:00:00'),
--        (274, 43, 829, NULL, 'USED', 728000, 'USED', '2022-11-21 0:00:00'),
--        (276, 99, 555, NULL, 'USED', 55000, 'USED', '2018-10-05 0:00:00'),
--        (277, NULL, 27, NULL, 'USED', 871000, 'USED', '2020-06-12 0:00:00'),
--        (278, 126, 217, NULL, 'USED', 584000, 'USED', '2022-06-10 0:00:00'),
--        (280, 4, 894, NULL, 'USED', 762000, 'USED', '2024-10-28 0:00:00'),
--        (281, 53, NULL, 225, 'CHARGED', 90000, 'EVENT', '2024-07-22 0:00:00'),
--        (282, 111, NULL, 178, 'CHARGED', 260000, 'EVENT', '2022-03-24 0:00:00'),
--        (283, 48, 559, NULL, 'USED', 462000, 'USED', '2023-11-29 0:00:00'),
--        (284, 99, 962, NULL, 'USED', 715000, 'USED', '2024-11-05 0:00:00'),
--        (285, NULL, 120, NULL, 'USED', 10000, 'USED', '2018-10-25 0:00:00'),
--        (286, 118, 449, NULL, 'USED', 375000, 'USED', '2020-07-15 0:00:00'),
--        (287, 200, NULL, 299, 'CHARGED', 70000, 'BUY', '2023-02-25 0:00:00'),
--        (288, 134, 317, NULL, 'USED', 84000, 'USED', '2024-01-17 0:00:00'),
--        (289, NULL, 704, NULL, 'USED', 358000, 'USED', '2019-09-25 0:00:00'),
--        (290, NULL, 748, NULL, 'USED', 426000, 'USED', '2020-04-20 0:00:00'),
--        (292, 56, 53, NULL, 'USED', 71000, 'USED', '2023-07-27 0:00:00'),
--        (293, 26, 308, NULL, 'USED', 1454000, 'USED', '2019-05-22 0:00:00'),
--        (295, 45, NULL, 63, 'CHARGED', 280000, 'EVENT', '2025-07-16 0:00:00'),
--        (296, 104, 948, NULL, 'USED', 57000, 'USED', '2022-05-15 0:00:00'),
--        (297, 147, 891, NULL, 'USED', 453000, 'USED', '2024-10-13 0:00:00'),
--        (298, 72, 66, NULL, 'USED', 9000, 'USED', '2023-12-07 0:00:00'),
--        (299, 144, 219, NULL, 'USED', 62000, 'USED', '2023-04-26 0:00:00'),
--        (300, NULL, 992, NULL, 'USED', 685000, 'USED', '2020-11-25 0:00:00'),
--        (302, 66, 635, NULL, 'USED', 339000, 'USED', '2021-08-08 0:00:00'),
--        (303, 21, 909, NULL, 'USED', 320000, 'USED', '2023-03-29 0:00:00'),
--        (304, 160, NULL, 129, 'CHARGED', 150000, 'BUY', '2019-02-02 0:00:00'),
--        (305, 125, 45, NULL, 'USED', 954000, 'USED', '2019-09-16 0:00:00'),
--        (306, NULL, NULL, 233, 'CHARGED', 100000, 'EVENT', '2020-08-16 0:00:00'),
--        (307, 167, 164, NULL, 'USED', 1164000, 'USED', '2019-06-07 0:00:00'),
--        (308, 180, NULL, 84, 'CHARGED', 210000, 'BUY', '2021-01-30 0:00:00'),
--        (309, 15, NULL, 15, 'CHARGED', 290000, 'BUY', '2024-11-09 0:00:00'),
--        (311, 143, 23, NULL, 'USED', 251000, 'USED', '2021-12-31 0:00:00'),
--        (312, 29, 861, NULL, 'USED', 804000, 'USED', '2022-04-26 0:00:00'),
--        (314, 83, 715, NULL, 'USED', 232000, 'USED', '2019-06-04 0:00:00'),
--        (317, NULL, 844, NULL, 'USED', 202000, 'USED', '2023-10-31 0:00:00'),
--        (318, 108, 170, NULL, 'USED', 428000, 'USED', '2018-05-12 0:00:00'),
--        (319, 175, 903, NULL, 'USED', 338000, 'USED', '2019-04-15 0:00:00'),
--        (320, 22, 726, NULL, 'USED', 76000, 'USED', '2019-01-04 0:00:00'),
--        (321, 116, 142, NULL, 'USED', 98000, 'USED', '2023-06-17 0:00:00'),
--        (323, 93, NULL, 117, 'CHARGED', 90000, 'EVENT', '2021-10-16 0:00:00'),
--        (327, 166, 278, NULL, 'USED', 1672000, 'USED', '2022-12-05 0:00:00'),
--        (328, 95, NULL, 177, 'CHARGED', 210000, 'EVENT', '2021-09-23 0:00:00'),
--        (329, 53, 524, NULL, 'USED', 1454000, 'USED', '2024-08-05 0:00:00'),
--        (330, 62, NULL, 118, 'CHARGED', 90000, 'BUY', '2018-07-27 0:00:00'),
--        (331, 70, NULL, 269, 'CHARGED', 270000, 'EVENT', '2021-11-25 0:00:00'),
--        (332, 52, 502, NULL, 'USED', 125000, 'USED', '2020-08-09 0:00:00'),
--        (333, 182, 186, NULL, 'USED', 793000, 'USED', '2021-10-13 0:00:00'),
--        (334, 127, 349, NULL, 'USED', 609000, 'USED', '2023-10-25 0:00:00'),
--        (337, 149, NULL, 151, 'CHARGED', 230000, 'BUY', '2019-10-27 0:00:00'),
--        (338, 21, 483, NULL, 'USED', 444000, 'USED', '2018-08-20 0:00:00'),
--        (339, 109, 287, NULL, 'USED', 100000, 'USED', '2021-03-03 0:00:00'),
--        (340, 139, 223, NULL, 'USED', 1324000, 'USED', '2021-12-09 0:00:00'),
--        (341, 51, 776, NULL, 'USED', 137000, 'USED', '2021-01-24 0:00:00'),
--        (342, 96, 851, NULL, 'USED', 400000, 'USED', '2018-09-16 0:00:00'),
--        (343, 126, 732, NULL, 'USED', 909000, 'USED', '2019-01-25 0:00:00'),
--        (344, 135, 340, NULL, 'USED', 441000, 'USED', '2023-06-16 0:00:00'),
--        (345, 6, 409, NULL, 'USED', 558000, 'USED', '2023-01-08 0:00:00'),
--        (346, 192, 196, NULL, 'USED', 78000, 'USED', '2022-12-29 0:00:00'),
--        (347, NULL, 232, NULL, 'USED', 208000, 'USED', '2020-12-20 0:00:00'),
--        (348, 127, 248, NULL, 'USED', 65000, 'USED', '2021-08-06 0:00:00'),
--        (349, 8, 896, NULL, 'USED', 91000, 'USED', '2021-08-08 0:00:00'),
--        (351, 146, NULL, 183, 'CHARGED', 210000, 'BUY', '2024-02-24 0:00:00'),
--        (353, 112, 49, NULL, 'USED', 319000, 'USED', '2019-05-01 0:00:00'),
--        (354, 54, 973, NULL, 'USED', 156000, 'USED', '2020-03-22 0:00:00'),
--        (355, 178, 283, NULL, 'USED', 62000, 'USED', '2021-01-15 0:00:00'),
--        (356, 180, 17, NULL, 'USED', 571000, 'USED', '2021-11-09 0:00:00'),
--        (357, NULL, 603, NULL, 'USED', 113000, 'USED', '2019-05-31 0:00:00'),
--        (358, 144, 509, NULL, 'USED', 107000, 'USED', '2022-01-16 0:00:00'),
--        (359, 86, NULL, 71, 'CHARGED', 120000, 'BUY', '2024-10-20 0:00:00'),
--        (360, 159, 387, NULL, 'USED', 687000, 'USED', '2024-04-05 0:00:00'),
--        (361, 107, NULL, 265, 'CHARGED', 100000, 'EVENT', '2024-03-24 0:00:00'),
--        (365, 26, NULL, 78, 'CHARGED', 150000, 'BUY', '2021-09-06 0:00:00'),
--        (366, 176, 122, NULL, 'USED', 32000, 'USED', '2020-09-17 0:00:00'),
--        (367, 78, 701, NULL, 'USED', 359000, 'USED', '2020-08-02 0:00:00'),
--        (368, 119, 763, NULL, 'USED', 23000, 'USED', '2021-08-10 0:00:00'),
--        (369, 165, NULL, 24, 'CHARGED', 180000, 'EVENT', '2023-09-23 0:00:00'),
--        (370, 154, 636, NULL, 'USED', 923000, 'USED', '2022-04-09 0:00:00'),
--        (374, NULL, 991, NULL, 'USED', 313000, 'USED', '2019-12-25 0:00:00'),
--        (375, 115, NULL, 97, 'CHARGED', 240000, 'BUY', '2025-01-11 0:00:00'),
--        (376, 109, 163, NULL, 'USED', 1417000, 'USED', '2023-06-07 0:00:00'),
--        (378, 76, 204, NULL, 'USED', 382000, 'USED', '2019-10-04 0:00:00'),
--        (379, NULL, 467, NULL, 'USED', 95000, 'USED', '2024-02-12 0:00:00'),
--        (380, 175, 676, NULL, 'USED', 519000, 'USED', '2019-01-16 0:00:00'),
--        (381, 111, 935, NULL, 'USED', 1145000, 'USED', '2018-12-17 0:00:00'),
--        (382, 13, 459, NULL, 'USED', 106000, 'USED', '2020-05-28 0:00:00'),
--        (383, NULL, 713, NULL, 'USED', 493000, 'USED', '2020-07-09 0:00:00'),
--        (384, 141, 964, NULL, 'USED', 665000, 'USED', '2021-05-07 0:00:00'),
--        (385, NULL, 516, NULL, 'USED', 1774000, 'USED', '2021-10-17 0:00:00'),
--        (386, 162, 192, NULL, 'USED', 240000, 'USED', '2024-05-22 0:00:00'),
--        (388, 143, NULL, 166, 'CHARGED', 60000, 'BUY', '2019-10-01 0:00:00'),
--        (389, 50, 428, NULL, 'USED', 1010000, 'USED', '2019-05-18 0:00:00'),
--        (390, 170, 901, NULL, 'USED', 164000, 'USED', '2020-11-15 0:00:00'),
--        (392, 53, 403, NULL, 'USED', 70000, 'USED', '2021-08-22 0:00:00'),
--        (393, 38, 346, NULL, 'USED', 1203000, 'USED', '2020-07-25 0:00:00'),
--        (394, 182, 989, NULL, 'USED', 527000, 'USED', '2023-12-28 0:00:00'),
--        (395, 136, 572, NULL, 'USED', 95000, 'USED', '2020-11-20 0:00:00'),
--        (396, 194, NULL, 69, 'CHARGED', 40000, 'BUY', '2020-11-25 0:00:00'),
--        (400, NULL, 348, NULL, 'USED', 1372000, 'USED', '2023-12-01 0:00:00'),
--        (401, 67, NULL, 58, 'CHARGED', 270000, 'BUY', '2023-07-13 0:00:00'),
--        (402, 89, 850, NULL, 'USED', 10000, 'USED', '2023-10-13 0:00:00'),
--        (403, 148, 663, NULL, 'USED', 195000, 'USED', '2023-01-23 0:00:00'),
--        (404, 39, 437, NULL, 'USED', 585000, 'USED', '2022-12-11 0:00:00'),
--        (405, NULL, 869, NULL, 'USED', 365000, 'USED', '2022-02-17 0:00:00'),
--        (406, 165, 734, NULL, 'USED', 239000, 'USED', '2023-08-14 0:00:00'),
--        (407, 116, 434, NULL, 'USED', 642000, 'USED', '2018-09-16 0:00:00'),
--        (408, 75, 736, NULL, 'USED', 521000, 'USED', '2019-03-29 0:00:00'),
--        (409, 7, 953, NULL, 'USED', 30000, 'USED', '2023-08-18 0:00:00'),
--        (410, 152, 662, NULL, 'USED', 1701000, 'USED', '2024-09-24 0:00:00'),
--        (411, 182, NULL, 94, 'CHARGED', 80000, 'EVENT', '2023-01-06 0:00:00'),
--        (414, 167, NULL, 88, 'CHARGED', 240000, 'BUY', '2018-08-14 0:00:00'),
--        (415, 28, 252, NULL, 'USED', 18000, 'USED', '2021-06-18 0:00:00'),
--        (416, 71, 811, NULL, 'USED', 1112000, 'USED', '2024-06-29 0:00:00'),
--        (417, NULL, 411, NULL, 'USED', 1476000, 'USED', '2018-09-12 0:00:00'),
--        (419, 200, 561, NULL, 'USED', 1157000, 'USED', '2022-06-04 0:00:00'),
--        (420, 195, 768, NULL, 'USED', 284000, 'USED', '2023-01-29 0:00:00'),
--        (421, 159, 596, NULL, 'USED', 264000, 'USED', '2021-07-24 0:00:00'),
--        (422, NULL, 361, NULL, 'USED', 865000, 'USED', '2019-04-10 0:00:00'),
--        (423, 26, 761, NULL, 'USED', 627000, 'USED', '2020-03-08 0:00:00'),
--        (425, 72, NULL, 11, 'CHARGED', 70000, 'BUY', '2021-04-04 0:00:00'),
--        (426, 163, 489, NULL, 'USED', 548000, 'USED', '2021-12-07 0:00:00'),
--        (427, 190, 607, NULL, 'USED', 757000, 'USED', '2019-12-19 0:00:00'),
--        (428, NULL, 865, NULL, 'USED', 383000, 'USED', '2023-09-27 0:00:00'),
--        (429, 151, 875, NULL, 'USED', 77000, 'USED', '2020-03-22 0:00:00'),
--        (430, 160, NULL, 28, 'CHARGED', 190000, 'BUY', '2023-09-27 0:00:00'),
--        (431, NULL, 441, NULL, 'USED', 463000, 'USED', '2019-07-06 0:00:00'),
--        (433, 38, 417, NULL, 'USED', 210000, 'USED', '2023-11-18 0:00:00'),
--        (435, 140, 773, NULL, 'USED', 263000, 'USED', '2022-04-06 0:00:00'),
--        (436, 149, 8, NULL, 'USED', 321000, 'USED', '2018-08-04 0:00:00'),
--        (437, 142, NULL, 193, 'CHARGED', 50000, 'BUY', '2020-09-18 0:00:00'),
--        (438, 143, NULL, 2, 'CHARGED', 90000, 'BUY', '2021-06-18 0:00:00'),
--        (440, 29, 873, NULL, 'USED', 93000, 'USED', '2024-05-23 0:00:00'),
--        (441, NULL, 226, NULL, 'USED', 305000, 'USED', '2021-07-23 0:00:00'),
--        (444, 192, NULL, 13, 'CHARGED', 40000, 'BUY', '2020-04-13 0:00:00'),
--        (446, 119, 500, NULL, 'USED', 73000, 'USED', '2021-12-04 0:00:00'),
--        (447, 77, 613, NULL, 'USED', 276000, 'USED', '2021-03-19 0:00:00'),
--        (448, 37, NULL, 7, 'CHARGED', 110000, 'BUY', '2023-04-04 0:00:00'),
--        (449, NULL, 395, NULL, 'USED', 159000, 'USED', '2022-08-17 0:00:00'),
--        (451, 71, 295, NULL, 'USED', 19000, 'USED', '2020-03-22 0:00:00'),
--        (453, 39, 461, NULL, 'USED', 28000, 'USED', '2022-06-25 0:00:00'),
--        (456, NULL, 914, NULL, 'USED', 194000, 'USED', '2018-10-05 0:00:00'),
--        (457, NULL, 172, NULL, 'USED', 231000, 'USED', '2019-02-07 0:00:00'),
--        (458, 51, 65, NULL, 'USED', 64000, 'USED', '2019-08-26 0:00:00'),
--        (459, 9, NULL, 5, 'CHARGED', 70000, 'EVENT', '2019-06-30 0:00:00'),
--        (460, 97, NULL, 27, 'CHARGED', 180000, 'BUY', '2019-07-04 0:00:00'),
--        (462, 197, 303, NULL, 'USED', 143000, 'USED', '2021-01-05 0:00:00'),
--        (464, 59, 942, NULL, 'USED', 671000, 'USED', '2025-03-01 0:00:00'),
--        (466, NULL, 383, NULL, 'USED', 407000, 'USED', '2021-07-06 0:00:00'),
--        (467, 106, 251, NULL, 'USED', 253000, 'USED', '2023-01-02 0:00:00'),
--        (468, 16, 878, NULL, 'USED', 1656000, 'USED', '2024-09-16 0:00:00'),
--        (470, 95, 443, NULL, 'USED', 959000, 'USED', '2020-06-24 0:00:00'),
--        (471, 57, NULL, 22, 'CHARGED', 120000, 'EVENT', '2023-02-17 0:00:00'),
--        (474, NULL, NULL, 186, 'CHARGED', 250000, 'EVENT', '2024-12-27 0:00:00'),
--        (475, 39, 302, NULL, 'USED', 677000, 'USED', '2023-07-09 0:00:00'),
--        (476, NULL, 826, NULL, 'USED', 456000, 'USED', '2019-02-03 0:00:00'),
--        (477, 138, 454, NULL, 'USED', 33000, 'USED', '2023-09-05 0:00:00'),
--        (478, 179, 647, NULL, 'USED', 465000, 'USED', '2019-07-15 0:00:00'),
--        (479, 18, NULL, 6, 'CHARGED', 220000, 'EVENT', '2022-08-17 0:00:00'),
--        (481, 28, 932, NULL, 'USED', 410000, 'USED', '2021-09-27 0:00:00'),
--        (482, 151, 699, NULL, 'USED', 1197000, 'USED', '2018-10-13 0:00:00'),
--        (484, 43, 375, NULL, 'USED', 23000, 'USED', '2023-10-15 0:00:00'),
--        (485, 79, 631, NULL, 'USED', 665000, 'USED', '2024-02-06 0:00:00'),
--        (487, 181, 182, NULL, 'USED', 133000, 'USED', '2021-12-28 0:00:00'),
--        (489, 136, 823, NULL, 'USED', 791000, 'USED', '2020-11-06 0:00:00'),
--        (490, 89, 22, NULL, 'USED', 232000, 'USED', '2022-05-29 0:00:00'),
--        (491, 55, NULL, 19, 'CHARGED', 100000, 'EVENT', '2018-11-24 0:00:00'),
--        (493, 48, 453, NULL, 'USED', 1675000, 'USED', '2020-05-20 0:00:00'),
--        (494, 66, 664, NULL, 'USED', 984000, 'USED', '2018-08-23 0:00:00'),
--        (495, 187, 40, NULL, 'USED', 1465000, 'USED', '2019-12-26 0:00:00'),
--        (497, 120, NULL, 68, 'CHARGED', 40000, 'EVENT', '2024-03-23 0:00:00'),
--        (499, 9, 727, NULL, 'USED', 117000, 'USED', '2023-07-30 0:00:00'),
--        (500, 75, NULL, 96, 'CHARGED', 230000, 'BUY', '2020-04-30 0:00:00'),
--        (502, 178, 25, NULL, 'USED', 540000, 'USED', '2020-01-22 0:00:00'),
--        (504, 165, 79, NULL, 'USED', 8000, 'USED', '2019-06-23 0:00:00'),
--        (505, 151, NULL, 262, 'CHARGED', 120000, 'EVENT', '2019-03-02 0:00:00'),
--        (510, 1, 262, NULL, 'USED', 1537000, 'USED', '2020-05-13 0:00:00'),
--        (512, 20, 21, NULL, 'USED', 142000, 'USED', '2025-01-03 0:00:00'),
--        (513, 21, 76, NULL, 'USED', 342000, 'USED', '2023-08-23 0:00:00'),
--        (514, 42, 450, NULL, 'USED', 299000, 'USED', '2020-09-23 0:00:00'),
--        (515, 32, 853, NULL, 'USED', 791000, 'USED', '2020-06-08 0:00:00'),
--        (516, 97, NULL, 253, 'CHARGED', 280000, 'EVENT', '2019-11-30 0:00:00'),
--        (518, 28, 860, NULL, 'USED', 8000, 'USED', '2022-05-17 0:00:00'),
--        (519, NULL, NULL, 12, 'CHARGED', 160000, 'EVENT', '2022-02-24 0:00:00'),
--        (521, 105, 458, NULL, 'USED', 887000, 'USED', '2023-03-28 0:00:00'),
--        (523, 60, 951, NULL, 'USED', 86000, 'USED', '2020-02-16 0:00:00'),
--        (526, 167, NULL, 231, 'CHARGED', 170000, 'BUY', '2019-10-08 0:00:00'),
--        (528, 69, 365, NULL, 'USED', 1177000, 'USED', '2021-08-30 0:00:00'),
--        (529, 48, 577, NULL, 'USED', 374000, 'USED', '2022-11-20 0:00:00'),
--        (534, 139, 911, NULL, 'USED', 1303000, 'USED', '2020-11-11 0:00:00'),
--        (536, 22, 113, NULL, 'USED', 1029000, 'USED', '2018-11-27 0:00:00'),
--        (537, 26, 754, NULL, 'USED', 361000, 'USED', '2022-01-11 0:00:00'),
--        (539, NULL, 427, NULL, 'USED', 620000, 'USED', '2022-01-19 0:00:00'),
--        (540, 173, 197, NULL, 'USED', 102000, 'USED', '2019-08-07 0:00:00'),
--        (541, NULL, NULL, 8, 'CHARGED', 280000, 'EVENT', '2024-07-11 0:00:00'),
--        (542, 38, 634, NULL, 'USED', 412000, 'USED', '2019-02-12 0:00:00'),
--        (544, 141, 360, NULL, 'USED', 212000, 'USED', '2024-04-15 0:00:00'),
--        (545, NULL, 730, NULL, 'USED', 776000, 'USED', '2019-12-29 0:00:00'),
--        (547, NULL, 421, NULL, 'USED', 924000, 'USED', '2021-12-23 0:00:00'),
--        (548, 116, 126, NULL, 'USED', 650000, 'USED', '2023-06-10 0:00:00'),
--        (549, 135, 240, NULL, 'USED', 806000, 'USED', '2020-07-06 0:00:00'),
--        (550, 14, 954, NULL, 'USED', 398000, 'USED', '2020-03-17 0:00:00'),
--        (551, 193, NULL, 72, 'CHARGED', 160000, 'BUY', '2024-02-06 0:00:00'),
--        (552, 71, 210, NULL, 'USED', 420000, 'USED', '2020-07-03 0:00:00'),
--        (553, 64, NULL, 171, 'CHARGED', 100000, 'EVENT', '2023-05-06 0:00:00'),
--        (555, 140, 794, NULL, 'USED', 1547000, 'USED', '2021-07-31 0:00:00'),
--        (556, 158, NULL, 218, 'CHARGED', 170000, 'EVENT', '2019-11-29 0:00:00'),
--        (557, 77, 339, NULL, 'USED', 474000, 'USED', '2021-01-17 0:00:00'),
--        (560, 180, 460, NULL, 'USED', 933000, 'USED', '2021-10-21 0:00:00'),
--        (561, 172, 149, NULL, 'USED', 754000, 'USED', '2019-06-25 0:00:00'),
--        (562, 193, 505, NULL, 'USED', 201000, 'USED', '2024-08-27 0:00:00'),
--        (564, NULL, 272, NULL, 'USED', 568000, 'USED', '2022-08-08 0:00:00'),
--        (566, 138, 391, NULL, 'USED', 1020000, 'USED', '2023-09-20 0:00:00'),
--        (569, 184, 18, NULL, 'USED', 308000, 'USED', '2023-01-04 0:00:00'),
--        (570, 36, 600, NULL, 'USED', 203000, 'USED', '2022-03-13 0:00:00'),
--        (571, 95, 307, NULL, 'USED', 218000, 'USED', '2024-02-21 0:00:00'),
--        (573, 148, 88, NULL, 'USED', 232000, 'USED', '2022-01-10 0:00:00'),
--        (574, 64, 144, NULL, 'USED', 175000, 'USED', '2024-12-06 0:00:00'),
--        (576, 42, 871, NULL, 'USED', 445000, 'USED', '2022-03-05 0:00:00'),
--        (580, 59, 250, NULL, 'USED', 41000, 'USED', '2023-08-23 0:00:00'),
--        (583, 195, NULL, 199, 'CHARGED', 290000, 'BUY', '2022-11-18 0:00:00'),
--        (586, 112, 46, NULL, 'USED', 1872000, 'USED', '2021-03-30 0:00:00'),
--        (587, 162, 328, NULL, 'USED', 70000, 'USED', '2024-06-18 0:00:00'),
--        (588, 94, 455, NULL, 'USED', 172000, 'USED', '2019-07-02 0:00:00'),
--        (589, 13, 280, NULL, 'USED', 330000, 'USED', '2020-08-28 0:00:00'),
--        (590, 58, 812, NULL, 'USED', 420000, 'USED', '2020-07-13 0:00:00'),
--        (591, 134, 286, NULL, 'USED', 769000, 'USED', '2020-03-03 0:00:00'),
--        (592, 98, 796, NULL, 'USED', 142000, 'USED', '2020-08-04 0:00:00'),
--        (593, 99, NULL, 297, 'CHARGED', 190000, 'BUY', '2021-07-02 0:00:00'),
--        (594, 32, 13, NULL, 'USED', 103000, 'USED', '2022-07-17 0:00:00'),
--        (595, 147, 593, NULL, 'USED', 485000, 'USED', '2023-12-09 0:00:00'),
--        (596, 116, 212, NULL, 'USED', 763000, 'USED', '2018-12-16 0:00:00'),
--        (597, 193, 706, NULL, 'USED', 573000, 'USED', '2022-03-14 0:00:00'),
--        (599, NULL, NULL, 287, 'CHARGED', 200000, 'EVENT', '2023-02-28 0:00:00'),
--        (600, 10, NULL, 167, 'CHARGED', 40000, 'BUY', '2020-10-28 0:00:00'),
--        (601, 96, 92, NULL, 'USED', 1310000, 'USED', '2018-09-14 0:00:00'),
--        (602, 176, 702, NULL, 'USED', 873000, 'USED', '2022-11-19 0:00:00'),
--        (603, 174, 617, NULL, 'USED', 66000, 'USED', '2018-08-06 0:00:00'),
--        (604, 25, 602, NULL, 'USED', 1044000, 'USED', '2024-08-05 0:00:00'),
--        (606, 187, 757, NULL, 'USED', 897000, 'USED', '2024-07-18 0:00:00'),
--        (607, 103, NULL, 179, 'CHARGED', 250000, 'EVENT', '2023-02-11 0:00:00'),
--        (608, 141, 384, NULL, 'USED', 162000, 'USED', '2020-08-13 0:00:00'),
--        (609, 153, 641, NULL, 'USED', 1524000, 'USED', '2023-03-03 0:00:00'),
--        (610, 182, 177, NULL, 'USED', 390000, 'USED', '2022-12-10 0:00:00'),
--        (611, 86, 737, NULL, 'USED', 205000, 'USED', '2020-06-28 0:00:00'),
--        (612, 3, NULL, 251, 'CHARGED', 50000, 'BUY', '2025-08-28 0:00:00'),
--        (614, 123, 501, NULL, 'USED', 260000, 'USED', '2021-09-21 0:00:00'),
--        (615, 20, 205, NULL, 'USED', 160000, 'USED', '2018-08-07 0:00:00'),
--        (618, 45, 925, NULL, 'USED', 1017000, 'USED', '2021-01-17 0:00:00'),
--        (619, 50, 315, NULL, 'USED', 65000, 'USED', '2020-05-24 0:00:00'),
--        (620, 88, 983, NULL, 'USED', 402000, 'USED', '2022-07-12 0:00:00'),
--        (621, 97, 520, NULL, 'USED', 892000, 'USED', '2021-01-03 0:00:00'),
--        (622, 52, 921, NULL, 'USED', 25000, 'USED', '2024-07-05 0:00:00'),
--        (623, 130, 624, NULL, 'USED', 1707000, 'USED', '2020-05-07 0:00:00'),
--        (625, 167, 193, NULL, 'USED', 510000, 'USED', '2020-12-10 0:00:00'),
--        (626, 34, 408, NULL, 'USED', 196000, 'USED', '2018-04-15 0:00:00'),
--        (627, 42, 872, NULL, 'USED', 234000, 'USED', '2023-11-25 0:00:00'),
--        (635, 91, 400, NULL, 'USED', 336000, 'USED', '2024-01-21 0:00:00'),
--        (637, 150, 696, NULL, 'USED', 778000, 'USED', '2023-07-28 0:00:00'),
--        (639, 53, 821, NULL, 'USED', 98000, 'USED', '2024-05-17 0:00:00'),
--        (640, 132, 599, NULL, 'USED', 247000, 'USED', '2021-10-05 0:00:00'),
--        (641, 79, NULL, 45, 'CHARGED', 120000, 'BUY', '2020-04-19 0:00:00'),
--        (644, 133, 939, NULL, 'USED', 14000, 'USED', '2020-07-08 0:00:00'),
--        (647, 126, 106, NULL, 'USED', 407000, 'USED', '2021-03-09 0:00:00'),
--        (649, 68, 615, NULL, 'USED', 72000, 'USED', '2019-04-15 0:00:00'),
--        (650, 32, NULL, 144, 'CHARGED', 150000, 'BUY', '2025-07-04 0:00:00'),
--        (652, 58, NULL, 143, 'CHARGED', 120000, 'BUY', '2026-04-01 0:00:00'),
--        (653, 5, NULL, 16, 'CHARGED', 120000, 'BUY', '2020-04-20 0:00:00'),
--        (654, NULL, 978, NULL, 'USED', 195000, 'USED', '2023-06-06 0:00:00'),
--        (655, 23, NULL, 18, 'CHARGED', 300000, 'EVENT', '2023-11-08 0:00:00'),
--        (657, NULL, 716, NULL, 'USED', 241000, 'USED', '2022-11-05 0:00:00'),
--        (660, 84, 995, NULL, 'USED', 74000, 'USED', '2023-01-23 0:00:00'),
--        (661, 20, 161, NULL, 'USED', 1090000, 'USED', '2019-12-29 0:00:00'),
--        (662, 73, 566, NULL, 'USED', 343000, 'USED', '2024-03-30 0:00:00'),
--        (663, 158, 4, NULL, 'USED', 35000, 'USED', '2023-10-25 0:00:00'),
--        (664, 78, 84, NULL, 'USED', 465000, 'USED', '2018-10-03 0:00:00'),
--        (665, 61, 354, NULL, 'USED', 689000, 'USED', '2022-04-17 0:00:00'),
--        (668, 48, 926, NULL, 'USED', 343000, 'USED', '2020-11-05 0:00:00'),
--        (669, NULL, 54, NULL, 'USED', 110000, 'USED', '2023-12-24 0:00:00'),
--        (674, 185, 884, NULL, 'USED', 451000, 'USED', '2024-04-22 0:00:00'),
--        (677, NULL, 835, NULL, 'USED', 1368000, 'USED', '2022-04-06 0:00:00'),
--        (678, 120, 209, NULL, 'USED', 532000, 'USED', '2023-04-25 0:00:00'),
--        (679, 102, 301, NULL, 'USED', 450000, 'USED', '2024-08-08 0:00:00'),
--        (680, 146, 73, NULL, 'USED', 33000, 'USED', '2022-02-10 0:00:00'),
--        (681, 131, 550, NULL, 'USED', 494000, 'USED', '2022-02-14 0:00:00'),
--        (682, 187, NULL, 38, 'CHARGED', 190000, 'BUY', '2022-02-07 0:00:00'),
--        (684, 1, 975, NULL, 'USED', 466000, 'USED', '2021-05-14 0:00:00'),
--        (685, 188, 310, NULL, 'USED', 575000, 'USED', '2023-01-07 0:00:00'),
--        (687, 50, 847, NULL, 'USED', 377000, 'USED', '2023-06-08 0:00:00'),
--        (688, 7, 110, NULL, 'USED', 162000, 'USED', '2022-03-06 0:00:00'),
--        (690, 75, 125, NULL, 'USED', 644000, 'USED', '2022-12-29 0:00:00'),
--        (691, 18, NULL, 264, 'CHARGED', 120000, 'EVENT', '2023-01-13 0:00:00'),
--        (692, NULL, 545, NULL, 'USED', 201000, 'USED', '2022-07-26 0:00:00'),
--        (694, 155, 156, NULL, 'USED', 1037000, 'USED', '2023-04-29 0:00:00'),
--        (695, 49, 376, NULL, 'USED', 241000, 'USED', '2023-12-04 0:00:00'),
--        (696, 17, 14, NULL, 'USED', 314000, 'USED', '2023-02-22 0:00:00'),
--        (697, 82, NULL, 215, 'CHARGED', 200000, 'EVENT', '2022-02-04 0:00:00'),
--        (699, 39, 355, NULL, 'USED', 617000, 'USED', '2024-03-23 0:00:00'),
--        (702, 43, 612, NULL, 'USED', 1233000, 'USED', '2022-07-12 0:00:00'),
--        (703, 163, NULL, 286, 'CHARGED', 220000, 'EVENT', '2022-09-04 0:00:00'),
--        (704, 133, 570, NULL, 'USED', 54000, 'USED', '2023-09-04 0:00:00'),
--        (707, 93, 64, NULL, 'USED', 5000, 'USED', '2021-12-24 0:00:00'),
--        (709, 92, 852, NULL, 'USED', 1083000, 'USED', '2022-08-25 0:00:00'),
--        (711, 61, 818, NULL, 'USED', 454000, 'USED', '2018-10-20 0:00:00'),
--        (712, 87, NULL, 74, 'CHARGED', 30000, 'EVENT', '2021-01-16 0:00:00'),
--        (713, 64, 422, NULL, 'USED', 355000, 'USED', '2019-04-12 0:00:00'),
--        (715, NULL, 201, NULL, 'USED', 734000, 'USED', '2024-05-25 0:00:00'),
--        (717, 74, 300, NULL, 'USED', 12000, 'USED', '2023-07-11 0:00:00'),
--        (718, 32, 202, NULL, 'USED', 106000, 'USED', '2021-09-23 0:00:00'),
--        (720, 93, 660, NULL, 'USED', 674000, 'USED', '2019-07-18 0:00:00'),
--        (721, 151, 333, NULL, 'USED', 93000, 'USED', '2021-12-27 0:00:00'),
--        (722, 12, 972, NULL, 'USED', 667000, 'USED', '2018-09-05 0:00:00'),
--        (723, 161, NULL, 211, 'CHARGED', 210000, 'BUY', '2025-05-03 0:00:00'),
--        (724, 91, 510, NULL, 'USED', 660000, 'USED', '2018-08-06 0:00:00'),
--        (725, 139, 771, NULL, 'USED', 1307000, 'USED', '2020-10-15 0:00:00'),
--        (726, 155, 249, NULL, 'USED', 246000, 'USED', '2021-01-03 0:00:00'),
--        (728, 2, NULL, 99, 'CHARGED', 160000, 'EVENT', '2025-01-15 0:00:00'),
--        (730, 175, 845, NULL, 'USED', 154000, 'USED', '2022-10-26 0:00:00'),
--        (731, 198, NULL, 14, 'CHARGED', 80000, 'BUY', '2023-10-08 0:00:00'),
--        (733, 137, 100, NULL, 'USED', 1013000, 'USED', '2019-05-21 0:00:00'),
--        (735, 36, 464, NULL, 'USED', 748000, 'USED', '2025-04-06 0:00:00'),
--        (736, 190, 331, NULL, 'USED', 1096000, 'USED', '2019-01-05 0:00:00'),
--        (737, 41, 759, NULL, 'USED', 463000, 'USED', '2023-06-21 0:00:00'),
--        (740, 38, 629, NULL, 'USED', 191000, 'USED', '2021-12-21 0:00:00'),
--        (743, 16, NULL, 268, 'CHARGED', 130000, 'BUY', '2021-09-04 0:00:00'),
--        (745, 131, NULL, 258, 'CHARGED', 140000, 'EVENT', '2020-04-24 0:00:00'),
--        (746, 130, NULL, 9, 'CHARGED', 100000, 'BUY', '2022-11-10 0:00:00'),
--        (748, 136, NULL, 185, 'CHARGED', 90000, 'BUY', '2021-10-13 0:00:00'),
--        (751, NULL, NULL, 162, 'CHARGED', 60000, 'EVENT', '2024-11-13 0:00:00'),
--        (752, 35, 720, NULL, 'USED', 1230000, 'USED', '2019-02-05 0:00:00'),
--        (754, NULL, NULL, 51, 'CHARGED', 160000, 'EVENT', '2019-09-18 0:00:00'),
--        (755, NULL, 792, NULL, 'USED', 406000, 'USED', '2020-10-21 0:00:00'),
--        (756, 78, 102, NULL, 'USED', 118000, 'USED', '2022-11-28 0:00:00'),
--        (758, 55, 291, NULL, 'USED', 203000, 'USED', '2023-12-26 0:00:00'),
--        (760, 72, 493, NULL, 'USED', 401000, 'USED', '2022-11-12 0:00:00'),
--        (761, 105, NULL, 245, 'CHARGED', 90000, 'BUY', '2023-10-16 0:00:00'),
--        (763, 182, NULL, 77, 'CHARGED', 240000, 'EVENT', '2018-11-25 0:00:00'),
--        (765, 54, 938, NULL, 'USED', 565000, 'USED', '2021-02-07 0:00:00'),
--        (766, NULL, 292, NULL, 'USED', 65000, 'USED', '2024-09-03 0:00:00'),
--        (767, 63, 532, NULL, 'USED', 244000, 'USED', '2018-12-05 0:00:00'),
--        (768, 197, NULL, 247, 'CHARGED', 190000, 'EVENT', '2021-11-21 0:00:00'),
--        (769, 7, 793, NULL, 'USED', 361000, 'USED', '2023-09-04 0:00:00'),
--        (775, 82, NULL, 132, 'CHARGED', 50000, 'BUY', '2024-09-21 0:00:00'),
--        (778, 140, 268, NULL, 'USED', 1176000, 'USED', '2020-11-18 0:00:00'),
--        (782, 43, 525, NULL, 'USED', 239000, 'USED', '2019-08-21 0:00:00'),
--        (784, 62, NULL, 257, 'CHARGED', 140000, 'BUY', '2022-02-04 0:00:00'),
--        (785, 7, 961, NULL, 'USED', 804000, 'USED', '2021-10-25 0:00:00'),
--        (788, 40, 146, NULL, 'USED', 515000, 'USED', '2024-03-01 0:00:00'),
--        (789, 173, 412, NULL, 'USED', 612000, 'USED', '2020-12-03 0:00:00'),
--        (791, NULL, 789, NULL, 'USED', 1575000, 'USED', '2021-03-11 0:00:00'),
--        (793, NULL, 531, NULL, 'USED', 353000, 'USED', '2022-01-10 0:00:00'),
--        (796, 172, NULL, 281, 'CHARGED', 280000, 'BUY', '2023-08-06 0:00:00'),
--        (797, 3, 416, NULL, 'USED', 30000, 'USED', '2024-03-15 0:00:00'),
--        (798, 63, NULL, 57, 'CHARGED', 240000, 'BUY', '2021-03-30 0:00:00'),
--        (802, 36, 432, NULL, 'USED', 1925000, 'USED', '2021-05-19 0:00:00'),
--        (803, 171, 895, NULL, 'USED', 19000, 'USED', '2023-06-12 0:00:00'),
--        (806, 58, 807, NULL, 'USED', 722000, 'USED', '2023-10-26 0:00:00'),
--        (808, 67, 614, NULL, 'USED', 1374000, 'USED', '2022-03-13 0:00:00'),
--        (814, 85, 808, NULL, 'USED', 459000, 'USED', '2021-07-02 0:00:00'),
--        (815, 164, 867, NULL, 'USED', 224000, 'USED', '2023-07-25 0:00:00'),
--        (818, 23, 281, NULL, 'USED', 281000, 'USED', '2021-02-25 0:00:00'),
--        (819, 170, 517, NULL, 'USED', 678000, 'USED', '2022-09-18 0:00:00'),
--        (822, 53, 330, NULL, 'USED', 164000, 'USED', '2020-01-03 0:00:00'),
--        (825, 13, 693, NULL, 'USED', 289000, 'USED', '2019-05-07 0:00:00'),
--        (827, 20, 107, NULL, 'USED', 342000, 'USED', '2023-02-14 0:00:00'),
--        (828, NULL, 5, NULL, 'USED', 769000, 'USED', '2020-08-30 0:00:00'),
--        (829, 180, 970, NULL, 'USED', 104000, 'USED', '2023-01-20 0:00:00'),
--        (831, 188, 466, NULL, 'USED', 265000, 'USED', '2023-02-26 0:00:00'),
--        (833, 100, 77, NULL, 'USED', 812000, 'USED', '2023-12-10 0:00:00'),
--        (834, 75, NULL, 165, 'CHARGED', 140000, 'EVENT', '2021-05-27 0:00:00'),
--        (835, 68, 276, NULL, 'USED', 816000, 'USED', '2024-10-02 0:00:00'),
--        (838, 102, 233, NULL, 'USED', 1135000, 'USED', '2020-01-12 0:00:00'),
--        (843, 166, 933, NULL, 'USED', 567000, 'USED', '2023-04-15 0:00:00'),
--        (844, 183, 71, NULL, 'USED', 61000, 'USED', '2021-07-29 0:00:00'),
--        (851, NULL, 368, NULL, 'USED', 1379000, 'USED', '2020-04-10 0:00:00'),
--        (853, 11, NULL, 173, 'CHARGED', 70000, 'EVENT', '2024-12-06 0:00:00'),
--        (855, 106, NULL, 182, 'CHARGED', 250000, 'BUY', '2025-02-03 0:00:00'),
--        (859, 31, 803, NULL, 'USED', 734000, 'USED', '2023-04-01 0:00:00'),
--        (868, 195, NULL, 188, 'CHARGED', 120000, 'BUY', '2024-09-24 0:00:00'),
--        (870, NULL, 183, NULL, 'USED', 267000, 'USED', '2020-01-08 0:00:00'),
--        (872, 115, 611, NULL, 'USED', 1509000, 'USED', '2021-10-05 0:00:00'),
--        (873, 171, 3, NULL, 'USED', 321000, 'USED', '2023-10-10 0:00:00'),
--        (874, 57, NULL, 112, 'CHARGED', 190000, 'EVENT', '2026-04-06 0:00:00'),
--        (875, 61, 718, NULL, 'USED', 59000, 'USED', '2021-03-20 0:00:00'),
--        (878, 19, 313, NULL, 'USED', 566000, 'USED', '2021-02-12 0:00:00'),
--        (879, 74, 594, NULL, 'USED', 81000, 'USED', '2019-03-16 0:00:00'),
--        (885, 197, 649, NULL, 'USED', 12000, 'USED', '2022-11-04 0:00:00'),
--        (887, 136, 39, NULL, 'USED', 750000, 'USED', '2021-11-14 0:00:00'),
--        (888, 83, NULL, 241, 'CHARGED', 60000, 'BUY', '2019-10-16 0:00:00'),
--        (891, NULL, 44, NULL, 'USED', 794000, 'USED', '2021-07-23 0:00:00'),
--        (896, 92, NULL, 161, 'CHARGED', 260000, 'EVENT', '2022-08-27 0:00:00'),
--        (897, 181, NULL, 278, 'CHARGED', 220000, 'BUY', '2023-02-24 0:00:00'),
--        (898, 146, 414, NULL, 'USED', 1808000, 'USED', '2020-05-19 0:00:00'),
--        (899, 192, 476, NULL, 'USED', 325000, 'USED', '2019-08-03 0:00:00'),
--        (900, 91, 902, NULL, 'USED', 306000, 'USED', '2020-03-27 0:00:00'),
--        (902, 129, 816, NULL, 'USED', 538000, 'USED', '2021-06-29 0:00:00'),
--        (903, 87, NULL, 295, 'CHARGED', 40000, 'BUY', '2021-09-25 0:00:00'),
--        (904, NULL, 969, NULL, 'USED', 603000, 'USED', '2020-02-09 0:00:00'),
--        (906, 53, 167, NULL, 'USED', 1239000, 'USED', '2025-02-01 0:00:00'),
--        (908, 122, 743, NULL, 'USED', 128000, 'USED', '2023-01-19 0:00:00'),
--        (911, 54, NULL, 158, 'CHARGED', 280000, 'BUY', '2024-05-22 0:00:00'),
--        (912, 164, 285, NULL, 'USED', 396000, 'USED', '2022-05-12 0:00:00'),
--        (915, 25, 879, NULL, 'USED', 896000, 'USED', '2019-12-12 0:00:00'),
--        (917, 19, 80, NULL, 'USED', 959000, 'USED', '2019-08-28 0:00:00'),
--        (921, 132, NULL, 87, 'CHARGED', 260000, 'EVENT', '2024-11-08 0:00:00'),
--        (922, NULL, 371, NULL, 'USED', 658000, 'USED', '2021-03-05 0:00:00'),
--        (923, 178, 560, NULL, 'USED', 1595000, 'USED', '2024-09-19 0:00:00'),
--        (924, 128, 841, NULL, 'USED', 572000, 'USED', '2019-04-04 0:00:00'),
--        (925, 5, 697, NULL, 'USED', 561000, 'USED', '2020-08-28 0:00:00'),
--        (929, 46, 569, NULL, 'USED', 35000, 'USED', '2022-05-21 0:00:00'),
--        (932, 108, 2, NULL, 'USED', 328000, 'USED', '2020-08-22 0:00:00'),
--        (936, 151, NULL, 21, 'CHARGED', 160000, 'BUY', '2021-06-07 0:00:00'),
--        (938, 97, 37, NULL, 'USED', 203000, 'USED', '2021-01-31 0:00:00'),
--        (939, 30, 606, NULL, 'USED', 1082000, 'USED', '2020-06-10 0:00:00'),
--        (940, 149, 839, NULL, 'USED', 179000, 'USED', '2024-05-28 0:00:00'),
--        (941, 142, 575, NULL, 'USED', 330000, 'USED', '2023-09-08 0:00:00'),
--        (945, 125, 306, NULL, 'USED', 320000, 'USED', '2022-08-13 0:00:00'),
--        (948, 162, 214, NULL, 'USED', 860000, 'USED', '2020-09-21 0:00:00'),
--        (949, 132, 257, NULL, 'USED', 462000, 'USED', '2023-05-27 0:00:00'),
--        (953, 96, 753, NULL, 'USED', 68000, 'USED', '2025-02-09 0:00:00'),
--        (955, NULL, NULL, 222, 'CHARGED', 220000, 'BUY', '2025-04-01 0:00:00'),
--        (956, 103, 679, NULL, 'USED', 899000, 'USED', '2022-01-27 0:00:00'),
--        (958, 154, 358, NULL, 'USED', 411000, 'USED', '2022-12-20 0:00:00'),
--        (960, 80, 101, NULL, 'USED', 128000, 'USED', '2019-09-04 0:00:00'),
--        (961, 170, 996, NULL, 'USED', 739000, 'USED', '2020-12-11 0:00:00'),
--        (962, 7, 625, NULL, 'USED', 192000, 'USED', '2018-10-25 0:00:00'),
--        (964, 11, 479, NULL, 'USED', 819000, 'USED', '2021-08-11 0:00:00'),
--        (967, 43, NULL, 256, 'CHARGED', 190000, 'EVENT', '2024-01-22 0:00:00'),
--        (968, NULL, 372, NULL, 'USED', 609000, 'USED', '2018-09-29 0:00:00'),
--        (970, 120, 42, NULL, 'USED', 209000, 'USED', '2025-01-21 0:00:00'),
--        (971, 64, 929, NULL, 'USED', 12000, 'USED', '2023-09-10 0:00:00'),
--        (972, 56, NULL, 196, 'CHARGED', 110000, 'EVENT', '2024-11-30 0:00:00'),
--        (973, NULL, 396, NULL, 'USED', 320000, 'USED', '2023-05-01 0:00:00'),
--        (974, 113, 305, NULL, 'USED', 150000, 'USED', '2019-09-20 0:00:00'),
--        (975, 67, 494, NULL, 'USED', 179000, 'USED', '2023-03-23 0:00:00'),
--        (980, 32, NULL, 54, 'CHARGED', 170000, 'EVENT', '2021-09-24 0:00:00'),
--        (990, 1, NULL, 296, 'CHARGED', 70000, 'EVENT', '2019-10-27 0:00:00'),
--        (993, 127, 936, NULL, 'USED', 775000, 'USED', '2021-03-04 0:00:00'),
--        (997, 142, NULL, 168, 'CHARGED', 150000, 'EVENT', '2024-03-16 0:00:00'),
--        (998, NULL, NULL, 266, 'CHARGED', 240000, 'EVENT', '2022-06-25 0:00:00'),
--        (999, 55, 246, NULL, 'USED', 794000, 'USED', '2023-12-07 0:00:00'),
--        (1000, 171, 822, NULL, 'USED', 1520000, 'USED', '2023-05-08 0:00:00');


-- -- HOTEL_REVIEW  
INSERT INTO hotel_review (CLEANLINESS_RATING, CONVENIENCE_RATING, KINDNESS_RATING, LOCATION_RATING, CREATED_TIME,
                          CUSTOMER_ID, ROOM_RESERVATION_ID, COMMENT)
VALUES (1, 2, 3, 4, '2024-05-01 07:05:15', 1, 1, '  '),
       (2, 1, 3, 4, '2024-05-02 07:05:15', 2, 2, '  2'),
       (3, 2, 1, 4, '2024-05-03 07:05:15', 3, 3, '  3'),
       (5, 2, 3, 4, '2024-05-04 07:05:15', 4, 4, '  4'),
       (5, 5, 3, 4, '2024-05-05 07:05:15', 5, 5, '  5'),
       (1, 2, 3, 4, '2024-05-06 07:05:15', 6, 6, '  ');

-- INQUIRY  
INSERT INTO inquiry (customer_id, date, inquiry_title, inquiry_content, type, is_reply)
VALUES (1, '2024-05-23', '  1', '  1', ' ', FALSE),
       (2, '2024-05-22', '  2', '  2', ' ', FALSE),
       (3, '2024-05-21', '  3', '  3', ' ', FALSE),
       (4, '2024-05-20', '  4', '  4', ' ', FALSE),
       (5, '2024-05-19', '  5', '  5', ' ', FALSE),
       (6, '2024-05-18', '  6', '  6', ' ', FALSE),
       (1, '2024-05-17', '  7', '  7', ' ', FALSE),
       (2, '2024-05-16', '  8', '  8', ' ', FALSE),
       (3, '2024-05-15', '  9', '  9', ' ', FALSE),
       (4, '2024-05-14', '  10', '  10', ' ', FALSE);