INSERT INTO employee (id, name, email, password, authority, created_date, is_valid, is_deleted)
VALUES (1, '김민수', 'vsimonitto0@1688.com', 'dP6.Ie\Jkf', 'MANAGER', '2023-07-12', TRUE, FALSE),
       (2, '박서준', 'cdemschke1@google.com.au', 'yT8$v_=a_', 'MANAGER', '2024-03-08', TRUE, FALSE),
       (3, '이하준', 'jinchan2@nifty.com', 'jD9iN9K+5twy/X', 'MANAGER', '2024-02-04', TRUE, FALSE),
       (4, '최민재', 'ajouning3@wix.com', 'zF3.iS_4=MshfC', 'STAFF', '2022-08-25', TRUE, FALSE),
       (5, '한지훈', 'tnineham4@yellowpages.com', 'vL3_`0!>b0JzI', 'STAFF', '2023-02-12', TRUE, FALSE),
       (6, '윤다희', 'amcclosh5@themeforest.net', 'iW9ygk~hPW`"', 'STAFF', '2024-05-26', TRUE, FALSE),
       (7, '정현우', 'wdesantis6@desdev.cn', 'cF3`B93sj\dkj', 'STAFF', '2023-02-09', TRUE, FALSE),
       (8, '서지훈', 'lstubbs7@twitter.com', 'rP8R4?H', 'STAFF', '2023-01-28', TRUE, FALSE),
       (9, '김하늘', 'lwitson8@so-net.ne.jp', 'zG2!WEp+CJK>K', 'STAFF', '2023-09-25', TRUE, FALSE),
       (10, '박다은', 'kpurrington9@netscape.com', 'xP2&QV/w', 'STAFF', '2022-02-15', TRUE, FALSE),
       (11, '이도윤', 'gincea@usatoday.com', 'xZ1|s`YF0ATe+', 'STAFF', '2023-06-13', TRUE, FALSE),
       (12, '윤서준', 'tmascallb@php.net', 'kS8y?Xiw?Q8', 'STAFF', '2022-04-01', TRUE, FALSE),
       (13, '최다윤', 'cwaggettc@oakley.com', 'sX3.6e?P@6', 'STAFF', '2022-08-23', TRUE, FALSE),
       (14, '박민지', 'sroggerod@delicious.com', 'mQ1>&Eu', 'STAFF', '2024-01-23', TRUE, FALSE),
       (15, '정다훈', 'adomeke@tmall.com', 'pS4~Pu\%GiW', 'STAFF', '2023-11-21', TRUE, FALSE),
       (16, '윤지후', 'gfabryf@macromedia.com', 'nG#p#%t5', 'STAFF', '2022-11-30', TRUE, FALSE),
       (17, '김진우', 'lmcelvogueg@spiegel.de', 'bR8|&kjpn1%Pv3', 'STAFF', '2022-07-11', TRUE, FALSE),
       (18, '박서진', 'iferroh@samsung.com', 'vY7!VF#?Y', 'STAFF', '2023-11-12', TRUE, FALSE),
       (19, '최도현', 'cvasilyevi@amazonaws.com', 'oK6@BlJV', 'STAFF', '2022-12-08', TRUE, FALSE),
       (20, '윤하윤', 'clivingstonej@cnbc.com', 'mS0.#b7VNhDS#*', 'STAFF', '2024-04-27', TRUE, FALSE),
       (21, '하지민', 'hjm3327@naver.com', '$2a$10$utpGEnYcosoY.YQdvQ5uce5aRuLtR9RknbfwXGZnBK8P6fgo8K98W', 'ROLE_MANAGER',
        '2024-04-27', TRUE, FALSE),
       (22, '찜케터', 'zzimni98@gmail.com', '$2a$10$n.HK7abog5/EOYBhcs6bGuDqcMKNxJ.aPA4vhIt7RRvjgYo1lern2',
        'ROLE_MARKETER', '2024-06-13', TRUE, FALSE),
       (23, '동니저', 'test@gmail.com', '$2a$10$k44kauejFFkukb7MluJxP.n8GEkj6I/yv/mU1x5Uy49WTXAE47x3q', 'ROLE_MANAGER',
        '2024-06-13', TRUE, FALSE),
       (24, '강찬미', 'rkdcksal02@gmail.com', '$2a$10$P3KjOKveO5GSPrXEnBB5wepTlzjXCuT8ThgTlhkwcdN0tfup.M9gq', 'ROLE_CONSULTANT', '2024-06-13', TRUE, FALSE);


ALTER TABLE employee
    ALTER COLUMN id RESTART WITH 25;


INSERT INTO customer (id, name, grade, phone, email, address, employee_id, memo, gender, birth, created_date,
                      is_deleted, visit_cnt)

VALUES (1, '김민준', 'GOLD', '010-9969-6203', 'rbittlestone0@springer.com', '서울특별시 강남구 0 리지 오크 스트리트', 9, '', 'Female',
        '1962-03-27', '2021-12-10', FALSE, 3),
       (2, '이지훈', 'GOLD', '010-2514-4442', 'kwonseongji129@gmail.com', '서울특별시 서초구 48893 앤더슨 파크', 12, 'Etiam justo.',
        'Female', '1957-08-28', '2019-11-25', FALSE, 11),
       (3, '박서준', 'SILVER', '010-1507-1401', 'aszwandt2@addthis.com', '서울특별시 종로구 26 러스터 로드', 1,
        'Phasellus in felis. Donec semper sapien a libero.', 'Female', '1997-01-19', '2019-04-07', FALSE, 12),
       (4, '정우성', 'SILVER', '010-5224-8289', 'esimonel3@hud.gov', '서울특별시 용산구 949 룬더 패스', 15, '', 'Female',
        '1953-12-16', '2019-07-21', FALSE, 4),
       (5, '최유진', 'BROWN', '010-9403-4065', 'rkdcksal02@gmail.com', '서울특별시 동작구 75 차이브 앨리', 16,
        'Vivamus vestibulum sagittis sapien.', 'Female', '1972-10-02', '2021-11-19', FALSE, 6),
       (6, '김다은', 'DIAMOND', '010-4356-1528', 'hjm3327@naver.com', '서울특별시 성동구 25 치누크 코트', 5, '', 'Male', '1949-08-09',
        '2019-10-25', FALSE, 8),
       (7, '윤지호', 'BROWN', '010-6343-1182', 'kwonseongji129@gmail.com', '서울특별시 중구 5 사우스 힐', 11, '', 'Female',
        '1977-01-27', '2022-10-13', FALSE, 12),
       (8, '신재민', 'GOLD', '010-7487-9527', 'mboarleyson7@psu.edu', '서울특별시 강북구 9960 앤더슨 서클', 7, '', 'Male',
        '1987-06-16', '2018-02-08', FALSE, 14),
       (9, '문지현', 'SILVER', '010-5126-6406', 'gsteiner8@pinterest.com', '서울특별시 관악구 8630 노스리지 앨리', 10,
        'Maecenas ut massa quis augue luctus tincidunt.', 'Female', '1946-03-02', '2019-12-05', FALSE, 14),
       (10, '권민수', 'SILVER', '010-5125-8241', 'sbater9@arstechnica.com', '서울특별시 노원구 512 머천트 로드', 8, '', 'Male',
        '2004-06-14', '2022-07-04', FALSE, 13),
       (11, '오하영', 'SILVER', '010-9932-7510', 'rrimera@dell.com', '서울특별시 강동구 489 린달 레인', 18, '', 'Female', '1978-06-04',
        '2021-03-03', FALSE, 13),
       (12, '서현우', 'BROWN', '010-1825-8406', 'ahynamb@w3.org', '서울특별시 은평구 611 몬테레이 정션', 3,
        'In quis justo. Maecenas rhoncus aliquam lacus.', 'Female', '1949-05-26', '2019-05-25', FALSE, 15),
       (13, '황민재', 'GOLD', '010-9252-4413', 'ftamplingc@hatena.ne.jp', '서울특별시 서대문구 4 케이티 서클', 5,
        'Morbi a ipsum. Integer a nibh.', 'Female', '1992-07-29', '2024-03-16', FALSE, 12),
       (14, '고은서', 'DIAMOND', '010-9321-4711', 'sainsworthd@gmpg.org', '서울특별시 마포구 9 하이 크로싱 테라스', 3,
        'Nullam porttitor lacus at turpis. Donec posuere metus vitae ipsum.', 'Male', '1946-05-23', '2019-01-06',
        FALSE, 2),
       (15, '홍유진', 'SILVER', '010-4893-3554', 'cgipsone@cmu.edu', '서울특별시 성북구 17787 주디 패스', 16, '', 'Female',
        '1952-10-23', '2022-12-28', FALSE, 7),
       (16, '강서연', 'SILVER', '010-8291-0200', 'dcolombf@yale.edu', '서울특별시 송파구 36627 앤테스 정션', 8, '', 'Female',
        '1947-09-04', '2019-02-26', FALSE, 11),
       (17, '백진우', 'GOLD', '010-7777-9913', 'lmilang@biblegateway.com', '서울특별시 도봉구 200 대커리 스트리트', 14, '', 'Male',
        '1986-08-04', '2020-11-03', FALSE, 8),
       (18, '심재훈', 'BROWN', '010-2723-1930', 'gsouthanh@hubpages.com', '서울특별시 금천구 42714 보이드 레인', 13,
        'Vestibulum ante ipsum primis in faucibus orci luctus et ultrices posuere cubilia Curae; Mauris viverra diam vitae quam.',
        'Female', '1940-02-05', '2020-10-16', FALSE, 1),
       (19, '정다인', 'GOLD', '010-6124-3392', 'voboyi@facebook.com', '서울특별시 영등포구 61 리엔 웨이', 5, 'Phasellus sit amet erat.',
        'Female', '1960-11-16', '2020-07-25', FALSE, 13),
       (20, '남주희', 'DIAMOND', '010-4079-5057', 'farklej@tripadvisor.com', '서울특별시 동대문구 670 오닐 애비뉴', 11, '', 'Female',
        '1991-05-07', '2020-03-22', FALSE, 14),
       (21, '임민석', 'GOLD', '010-4044-5525', 'ijaszczakk@umn.edu', '서울특별시 서초구 32 애버그 센터', 9,
        'Vivamus metus arcu, adipiscing molestie, hendrerit at, vulputate vitae, nisl.', 'Male', '1948-04-05',
        '2019-09-10', FALSE, 3),
       (22, '장혜원', 'SILVER', '010-7945-2631', 'cwhilderl@va.gov', '서울특별시 관악구 4718 데이비드 포인트', 16, '', 'Male',
        '1993-10-29',
        '2023-01-07', FALSE, 5),
       (23, '한수민', 'BROWN', '010-5046-9984', 'dguerrierim@rediff.com', '서울특별시 강서구 4 노스필드 플라자', 18, '', 'Male',
        '1958-08-04', '2020-06-29', FALSE, 12),
       (24, '조현아', 'GOLD', '010-5728-7104', 'gcobbaldn@businesswire.com', '서울특별시 양천구 08 헉슬리 서클', 2,
        'In hac habitasse platea dictumst.', 'Male', '1977-05-31', '2022-10-15', FALSE, 11),
       (25, '채영준', 'GOLD', '010-2868-6829', 'psaladineo@washingtonpost.com', '서울특별시 송파구 0912 코스콧 플레이스', 11,
        'Maecenas tristique, est et cubilia Curae; Mauris viverra diam vitae quam.',
        'Male', '2000-11-20', '2022-10-09', FALSE, 2),
       (26, '송은지', 'DIAMOND', '010-8224-2142', 'tcloyp@pinterest.com', '서울특별시 동작구 3295 만드레이크 코트', 16,
        'Cum sociis natoque penatibus et magnis dis parturient montes, nascetur ridiculus mus. Etiam vel augue.',
        'Female', '1962-02-12', '2023-07-26', FALSE, 10),
       (27, '표지훈', 'BROWN', '010-4663-7672', 'gstillq@barnesandnoble.com', '서울특별시 금천구 61 멜로디 로드', 14, '', 'Female',
        '1955-01-13', '2018-04-02', FALSE, 4),
       (28, '노수민', 'DIAMOND', '010-1227-1522', 'vbaldreyr@admin.ch', '서울특별시 영등포구 10780 크레스트 라인 앨리', 8, '', 'Female',
        '1951-07-25', '2020-09-04', FALSE, 3),
       (29, '안지호', 'BROWN', '010-1548-4665', 'cwottons@psu.edu', '서울특별시 구로구 05012 슈르츠 서클', 6, '', 'Male', '1955-01-30',
        '2022-11-30', FALSE, 4),
       (30, '방재현', 'SILVER', '010-7607-7790', 'dossipenkot@sitemeter.com', '서울특별시 중랑구 35685 홈우드 센터', 10,
        'Vivamus tortor.', 'Male', '1950-07-14', '2021-08-05', FALSE, 2),
       (31, '유진우', 'BROWN', '010-5479-9389', 'cdunderdaleu@google.com.hk', '서울특별시 양천구 502 웨스트포트 정션', 19, '', 'Female',
        '1964-09-06', '2019-12-06', FALSE, 8),
       (32, '하은주', 'BROWN', '010-6127-0879', 'rkubasekv@opensource.org', '서울특별시 송파구 3480 칼립소 파크웨이', 9,
        'Aenean lectus. Pellentesque eget nunc.', 'Female', '1942-01-05', '2020-02-28', FALSE, 11),
       (33, '곽민지', 'DIAMOND', '010-6667-2458', 'seastmentw@phoca.cz', '서울특별시 서대문구 9759 아칸소 포인트', 17,
        'Cras pellentesque consequat metus sapien ut nunc.',
        'Male', '1968-03-18', '2021-10-28', FALSE, 11),
       (34, '권도윤', 'BROWN', '010-8464-6832', 'jhalltx@vinaora.com', '서울특별시 강북구 6198 다핀 크로싱', 2, '', 'Male',
        '1972-04-16',
        '2018-07-29', FALSE, 12),
       (35, '성현아', 'SILVER', '010-9733-5412', 'sbelty@pinterest.com', '서울특별시 서초구 73 드와이트 크로싱', 7,
        'Curabitur in libero ut massa volutpat convallis. Morbi odio odio, elementum eu, interdum eu, tincidunt in, leo.',
        'Female', '1978-12-11', '2019-12-16', FALSE, 6),
       (36, '김유리', 'SILVER', '010-7483-9745', 'jbaissz@cnet.com', '서울특별시 도봉구 897 바텔트 크로싱', 12, 'Morbi a ipsum.',
        'Female', '1992-08-12', '2022-11-29', FALSE, 1),
       (37, '유재원', 'SILVER', '010-7055-5591', 'dmandifield10@netlog.com', '서울특별시 강서구 34857 맥과이어 웨이', 14,
        'Morbi vel lectus in quam fringilla rhoncus. Mauris enim leo, rhoncus sed, vestibulum sit amet, cursus id, turpis.',
        'Female', '1977-10-12', '2018-02-23', FALSE, 13),
       (38, '최다희', 'BROWN', '010-6327-8175', 'echattey11@themeforest.net', '서울특별시 송파구 272 모로우 스트리트', 9, '', 'Male',
        '1998-05-10', '2023-11-05', FALSE, 7),
       (39, '박재현', 'GOLD', '010-9472-5693', 'fcorbert12@icio.us', '서울특별시 은평구 251 몰턴 로드', 3,
        'Mauris ullamcorper purus sit amet nulla. Quisque arcu libero, rutrum ac, lobortis vel, dapibus at, diam.',
        'Male', '1980-12-23', '2021-09-07', FALSE, 8),
       (40, '윤도현', 'GOLD', '010-9407-5752', 'fstopher13@opera.com', '서울특별시 관악구 3 피어슨 애비뉴', 16, '', 'Male',
        '2005-04-06', '2021-05-27', FALSE, 9),
       (41, '임은빈', 'BROWN', '010-9081-2870', 'mewers14@about.me', '서울특별시 강북구 03126 버치우드 포인트', 11,
        'Donec diam neque, ibus orci luctus et ultrices posuere cubilia Curae; Donec pharetra, magna vestibulum aliquet ultrices, erat tortor sollicitudin mi, sit amet lobortis sapien sapien non mi.',
        'Male', '1978-05-02', '2021-08-05', FALSE, 2),
       (42, '정수민', 'SILVER', '010-6176-8174', 'fskyppe15@bloglines.com', '서울특별시 중랑구 42454 시카모어 앨리', 12, '',
        'Female', '1987-12-30', '2021-07-27', FALSE, 15),
       (43, '김지훈', 'BROWN', '010-9411-0690', 'dibel16@google.es', '서울특별시 은평구 873 오크리지 레인', 9,
        'Nam nulla. Integer pede justo, lacinia eget, tincidunt eget, tempus vel, pede.', 'Female', '1998-10-01',
        '2022-01-15', FALSE, 2),
       (44, '이수진', 'SILVER', '010-3317-1580', 'atattershaw17@tripod.com', '서울특별시 도봉구 100 콜로라도 플라자', 18,
        'Quisque id justo sit amet sapien dignissim vestibulum.', 'Male', '1961-02-23', '2022-02-03', FALSE, 6),
       (45, '최지은', 'SILVER', '010-5072-0861', 'rscamp18@fda.gov', '서울특별시 용산구 736 호어드 서클', 20,
        'Sed accumsan felis. Ut at dolor quis odio consequat varius.', 'Male', '1987-12-28', '2020-04-30', FALSE, 11),
       (46, '박서진', 'SILVER', '010-3086-6966', 'pseid19@cmu.edu', '서울특별시 강남구 5 카리오카 스트리트', 6, '', 'Male', '2002-04-01',
        '2022-03-15', FALSE, 8),
       (47, '신혜수', 'DIAMOND', '010-5932-2161', 'rghelerdini1a@businessweek.com', '서울특별시 광진구 30 빌리지 패스', 3,
        'Nam dui. Proin leo odio, porttitor id, consequat in, consequat ut, nulla.', 'Male', '1976-05-29', '2019-07-13',
        FALSE, 6),
       (48, '문지후', 'DIAMOND', '010-9509-9700', 'smackettrick1b@homestead.com', '서울특별시 종로구 257 로프리히 애비뉴', 14, '', 'Male',
        '1967-03-04', '2019-11-10', FALSE, 3),
       (49, '서윤아', 'SILVER', '010-7333-4423', 'bdelahunty1c@zdnet.com', '서울특별시 동작구 18902 밴딩 정션', 5,
        'Nulla ut erat id mauris vulputate elementum. Nullam varius.', 'Male', '1992-10-02', '2022-12-26', FALSE, 10),
       (50, '강지훈', 'DIAMOND', '010-9632-9664', 'dcarlino1d@walmart.com', '서울특별시 동대문구 6395 도브테일 앨리', 7,
        'Duis mattis egestas metus.', 'Male', '1953-08-17', '2018-05-04', FALSE, 8),
       (51, '윤수빈', 'GOLD', '010-4907-1290', 'acoddington1e@toplist.cz', '서울특별시 서대문구 3303 메릴랜드 스트리트', 16,
        'Suspendisse potenti. Cras in purus eu magna vulputate luctus.', 'Male', '2000-11-12', '2019-12-24', FALSE,
        1),
       (52, '김하늘', 'GOLD', '010-9217-2793', 'ddelafoy1f@posterous.com', '서울특별시 구로구 2 그림 레인', 15,
        'Aliquam erat volutpat. In congue.', 'Male', '1980-04-18', '2020-05-08', FALSE, 15),
       (53, '이준호', 'SILVER', '010-3948-7708', 'desslemont1g@disqus.com', '서울특별시 금천구 0322 페퍼 우드 센터', 20, '',
        'Female', '1994-03-22', '2021-03-28', FALSE, 5),
       (54, '정하늘', 'DIAMOND', '010-3171-9536', 'pmeins1h@abc.net.au', '서울특별시 성북구 38881 알파인 센터', 1, '', 'Female',
        '2002-08-30', '2022-11-06', FALSE, 1),
       (55, '박민재', 'BROWN', '010-7439-2439', 'ssycamore1i@webs.com', '서울특별시 동대문구 9 서머 리지 힐', 6, 'Proin eu mi.',
        'Female', '1973-01-07', '2024-02-11', FALSE, 9),
       (56, '최지우', 'BROWN', '010-8861-8301', 'efeek1j@privacy.gov.au', '서울특별시 구로구 8 일리엇 스트리트', 5,
        'Proin interdum mauris non ligula pellentesque ultrices. Phasellus id sapien in sapien iaculis congue.',
        'Female', '1959-10-05', '2022-05-01', FALSE, 7),
       (57, '백서윤', 'GOLD', '010-1704-3999', 'nwooding1k@arstechnica.com', '서울특별시 용산구 820 웨이리지 애비뉴', 8, '', 'Female',
        '1961-06-08', '2020-11-18', FALSE, 6),
       (58, '서준영', 'SILVER', '010-2761-4838', 'cchittie1l@is.gd', '서울특별시 성동구 9 케임브리지 앨리', 17, 'Proin eu mi.', 'Male',
        '1986-01-01', '2018-02-06', FALSE, 9),
       (59, '한주원', 'BROWN', '010-7737-7810', 'scourtin1m@ftc.gov', '서울특별시 동작구 56609 호브드 로드', 4,
        'Vestibulum rutrum rutrum neque.', 'Male', '1955-01-01', '2022-03-22', FALSE, 2),
       (60, '조민성', 'GOLD', '010-5196-9677', 'lspillane1n@twitpic.com', '서울특별시 강남구 5024 지나 파크', 15, '', 'Female',
        '1979-06-08', '2022-01-28', FALSE, 8),
       (61, '송지우', 'SILVER', '010-5279-0504', 'oredihough1o@blogspot.com', '서울특별시 은평구 86 뉴캐슬 파크', 6, '', 'Female',
        '1953-08-29', '2019-03-02', FALSE, 11),
       (62, '채유진', 'DIAMOND', '010-1449-2309', 'sgallelli1p@liveinternet.ru', '서울특별시 강서구 6 모니카 스트리트', 18,
        'Duis aliquam convallis nunc.', 'Male', '1962-07-27', '2020-03-01', FALSE, 7),
       (63, '임지수', 'BROWN', '010-7306-6806', 'rbarlie1q@angelfire.com', '서울특별시 서초구 81 빌리지 그린 크로싱', 7,
        'Integer non velit.', 'Female', '1962-03-14', '2022-06-28', FALSE, 11),
       (64, '신민서', 'GOLD', '010-3442-3192', 'gmacard1r@moonfruit.com', '서울특별시 종로구 3516 굿랜드 서클', 8,
        'Mauris sit amet eros. Suspendisse accumsan tortor quis turpis.', 'Female', '1996-09-04', '2020-08-01', FALSE,
        5),
       (65, '이나영', 'DIAMOND', '010-9523-2393', 'gnarup1s@google.ca', '서울특별시 도봉구 6 골프 테라스', 14, '', 'Female',
        '1962-08-11', '2023-06-30', FALSE, 13),
       (66, '김진수', 'DIAMOND', '010-7958-8130', 'emulkerrins1t@qq.com', '서울특별시 강남구 22 도널드 스트리트', 5, '', 'Male',
        '1950-04-19', '2020-12-18', FALSE, 13),
       (67, '윤민호', 'GOLD', '010-8582-3032', 'mashmore1u@about.me', '서울특별시 서대문구 03 골프 코스 코트', 5,
        'Morbi ut odio. Cras mi pede, malesuada in, imperdiet et, commodo vulputate, justo.', 'Male', '1976-04-24',
        '2024-03-21', FALSE, 10),
       (68, '박하은', 'SILVER', '010-9005-7773', 'ekubista1v@simplemachines.org', '서울특별시 노원구 01 아칸소 드라이브', 17, '',
        'Female', '1969-12-22', '2024-05-08', FALSE, 12),
       (69, '정하윤', 'DIAMOND', '010-2503-4750', 'jgathercole1w@hc360.com', '서울특별시 송파구 96412 애커 코트', 18, '', 'Female',
        '1982-06-22', '2021-12-23', FALSE, 9),
       (70, '권지훈', 'DIAMOND', '010-7065-6630', 'dmaris1x@nature.com', '서울특별시 강북구 68968 애니버서리 웨이', 1, '', 'Male',
        '1959-10-05', '2021-11-13', FALSE, 11),
       (71, '문현수', 'GOLD', '010-1216-7210', 'mburnside1y@gravatar.com', '서울특별시 강서구 258 바질 스트리트', 20, '', 'Female',
        '1990-10-22', '2019-02-02', FALSE, 10),
       (72, '서민준', 'GOLD', '010-2034-4726', 'wbratten1z@mapquest.com', '서울특별시 중구 5632 헤이스 코트', 14, '', 'Female',
        '1942-03-05', '2021-05-16', FALSE, 11),
       (73, '신지훈', 'DIAMOND', '010-2883-3951', 'walder20@gizmodo.com', '서울특별시 성동구 490 루딩턴 웨이', 10,
        'Aliquam quis turpis eget elit sodales scelerisque.', 'Male', '1996-01-15', '2023-03-25', FALSE, 8),
       (74, '이혜린', 'DIAMOND', '010-5605-9357', 'ymioni21@prBROWNswire.com', '서울특별시 용산구 819 섬머스 파크웨이', 6, '', 'Female',
        '1999-05-13', '2019-03-22', FALSE, 15),
       (75, '김도현', 'DIAMOND', '010-1231-3918', 'jclowney22@aboutads.info', '서울특별시 강북구 171 루켄 정션', 15, '', 'Male',
        '1965-02-22', '2020-05-05', FALSE, 12),
       (76, '최수빈', 'DIAMOND', '010-4372-6629', 'ahedgeley23@cyberchimps.com', '서울특별시 은평구 58763 테네시 포인트', 13, '',
        'Female', '1960-06-19', '2023-03-24', FALSE, 2),
       (77, '박서연', 'SILVER', '010-3104-4148', 'mpowlett24@cnet.com', '서울특별시 동작구 20 트루악스 파크', 17,
        'Nulla suscipit ligula in lacus.', 'Male', '1984-04-06', '2022-09-29', FALSE, 15),
       (78, '신민서', 'BROWN', '010-8988-0026', 'amcnab25@sohu.com', '서울특별시 구로구 7 블루스템 힐', 3,
        'Duis bibendum, felis sed interdum venenatis, turpis enim blandit mi, in porttitor pede justo eu massa.',
        'Male', '1981-01-29', '2023-03-07', FALSE, 2),
       (79, '이도윤', 'SILVER', '010-4278-2010', 'hconstantine26@yelp.com', '서울특별시 양천구 264 밀워키 스트리트', 14,
        'Cum sociis natoque penatibus et magnis dis parturient montes, nascetur ridiculus mus.', 'Female', '1983-05-05',
        '2024-01-09', FALSE, 14),
       (80, '김서진', 'BROWN', '010-4911-8483', 'urenihan27@home.pl', '서울특별시 강서구 54773 트로이 트레일', 3, '', 'Male',
        '1991-08-02', '2024-03-29', FALSE, 1),
       (81, '정다희', 'BROWN', '010-5817-0705', 'tsafhill28@globo.com', '서울특별시 도봉구 20 인디펜던스 파크웨이', 10, '', 'Male',
        '1992-01-24', '2022-07-15', FALSE, 12),
       (82, '김지후', 'DIAMOND', '010-4962-4497', 'llackeye29@acquirethisname.com', '서울특별시 노원구 5382 오크 밸리 테라스', 4, '',
        'Male', '1984-04-17', '2022-10-23', FALSE, 8),
       (83, '이다희', 'GOLD', '010-7356-6831', 'vkarchowski2a@loc.gov', '서울특별시 강북구 5 그로버 코트', 20,
        'Maecenas rhoncus aliquam lacus. Morbi quis tortor id nulla ultrices aliquet.', 'Male', '1971-09-03',
        '2018-10-22', FALSE, 7),
       (84, '이준성', 'SILVER', '010-3009-6295', 'adivver2b@flickr.com', '서울특별시 구로구 997 론 테라스', 9, '', 'Female',
        '1959-01-10', '2019-12-14', FALSE, 7),
       (85, '김현우', 'DIAMOND', '010-8031-3963', 'ryarnall2c@businesswire.com', '서울특별시 강동구 8385 맥과이어 로드', 16, '', 'Male',
        '1948-08-22', '2019-08-23', FALSE, 7),
       (86, '박지수', 'BROWN', '010-9222-0114', 'rbrissard2d@mac.com', '서울특별시 성동구 2836 헤퍼넌 파크웨이', 20,
        'Etiam vel augue.', 'Female', '1948-05-09', '2021-07-20', FALSE, 3),
       (87, '서하준', 'GOLD', '010-8268-3385', 'dgrenshiels2e@BROWNsvine.com', '서울특별시 용산구 396 미도우 릿지 파크웨이', 11, '', 'Male',
        '1943-07-19', '2021-01-05', FALSE, 14),
       (88, '최준영', 'GOLD', '010-2841-1288', 'atommeo2f@mapquest.com', '서울특별시 성북구 6143 베이 트레일', 8,
        'Morbi sem mauris, laoreet ut, rhoncus aliquet, pulvinar sed, nisl. Nunc rhoncus dui vel sem.', 'Male',
        '1949-03-07', '2020-08-04', FALSE, 12),
       (89, '임지훈', 'GOLD', '010-5136-2297', 'nferrai2g@blogtalkradio.com', '서울특별시 서대문구 938 헤이즐크레스트 트레일', 19,
        'Aliquam erat volutpat. In congue.', 'Male', '1987-04-11', '2019-01-12', FALSE, 10),
       (90, '김유리', 'SILVER', '010-4851-9139', 'cpecht2h@shop-pro.jp', '서울특별시 은평구 65403 잭슨 파크', 4, '', 'Female',
        '1992-06-30', '2018-04-04', FALSE, 5),
       (91, '문하늘', 'SILVER', '010-6622-6708', 'lblagdon2i@wikipedia.org', '서울특별시 강서구 5 4번지 서클', 2, '', 'Female',
        '1988-01-20', '2021-06-04', FALSE, 11),
       (92, '이현아', 'GOLD', '010-7216-8902', 'bkondratenko2j@webs.com', '서울특별시 중랑구 028 비이스 포인트', 16,
        'Etiam justo. Etiam pretium iaculis justo.', 'Female', '1962-02-11', '2020-02-10', FALSE, 2),
       (93, '박하윤', 'BROWN', '010-8745-4714', 'bthompsett2k@163.com', '서울특별시 성동구 8 스코빌 파크웨이', 9, 'Sed ante.', 'Male',
        '1990-03-02', '2024-05-09', FALSE, 5),
       (94, '권민수', 'GOLD', '010-5941-8729', 'vcoultass2l@ustream.tv', '서울특별시 노원구 4 그레이슬랜드 앨리', 6,
        'Ut at dolor quis odio consequat varius. Integer ac leo.', 'Male', '1982-02-16', '2019-09-08', FALSE, 13),
       (95, '정수민', 'GOLD', '010-7738-8698', 'kgorriessen2m@wiley.com', '서울특별시 동작구 9 호어드 로드', 1,
        'Aenean lectus. Pellentesque eget nunc.', 'Female', '1964-09-05', '2022-06-15', FALSE, 6),
       (96, '김지민', 'GOLD', '010-7865-9366', 'clabbet2n@mac.com', '서울특별시 은평구 723 크누손 드라이브', 4, '', 'Male', '1940-08-17',
        '2019-08-08', FALSE, 11),
       (97, '이민호', 'DIAMOND', '010-6073-5561', 'fdavy2o@nydailyBROWNs.com', '서울특별시 강북구 4 아미스티스 패스', 18,
        'Morbi porttitor lorem id ligula. Suspendisse ornare consequat lectus.', 'Male', '1991-03-12', '2023-02-22',
        FALSE, 8),
       (98, '최지호', 'DIAMOND', '010-6976-5035', 'cfishbourne2p@imageshack.us', '서울특별시 마포구 77 스틴스랜드 플라자', 11, '', 'Male',
        '1955-06-17', '2020-01-05', FALSE, 4),
       (99, '김지민', 'SILVER', '010-7586-7001', 'odreossi2q@ask.com', '서울특별시 광진구 352 릴리안 크로싱', 2,
        'Maecenas pulvinar lobortis est.', 'Male', '1954-01-20', '2021-11-30', FALSE, 11),
       (100, '박서진', 'GOLD', '010-8243-1143', 'lwalthew2r@senate.gov', '서울특별시 동작구 47023 레이크랜드 서클', 13,
        'Vestibulum ante ipsum Donec pharetra, magna vestibulum aliquet ultrices, erat tortor sollicitudin mi, sit amet lobortis sapien sapien non mi.',
        'Female', '1941-07-24', '2024-02-12', FALSE, 4),
       (101, '강민호', 'SILVER', '010-4131-6064', 'bdumphrey2s@cnn.com', '서울특별시 강남구 8 엘리엇 로드', 12, '', 'Male',
        '1989-02-20', '2022-08-09', FALSE, 15),
       (102, '박서연', 'GOLD', '010-9505-7490', 'wkirk2t@boston.com', '서울특별시 서초구 3 선필드 파크', 5,
        'Morbi ut odio. Cras mi pede, malesuada in, imperdiet et, commodo vulputate, justo.', 'Female', '1976-01-31',
        '2019-01-19', FALSE, 10),
       (103, '이준호', 'DIAMOND', '010-2512-4454', 'futridge2u@nih.gov', '서울특별시 종로구 263 맥코믹 트레일', 3, '', 'Male',
        '1945-02-22', '2021-02-12', FALSE, 2),
       (104, '정다희', 'DIAMOND', '010-8052-3036', 'codooley2v@pen.io', '서울특별시 용산구 8721 킬디어 드라이브', 8, '', 'Female',
        '1994-11-11', '2024-04-29', FALSE, 12),
       (105, '최지우', 'SILVER', '010-9611-6221', 'tgantlett2w@ameblo.jp', '서울특별시 강북구 48819 러셀 테라스', 13, '', 'Female',
        '1994-01-29', '2018-03-05', FALSE, 14),
       (106, '한민준', 'DIAMOND', '010-5226-0643', 'lcarp2x@shinystat.com', '서울특별시 은평구 278 4번지 파크', 14, 'Duis bibendum.',
        'Male', '1966-12-12', '2019-09-09', FALSE, 10),
       (107, '윤하늘', 'DIAMOND', '010-8852-0611', 'sbryce2y@theatlantic.com', '서울특별시 구로구 16 아칸소 서클', 5, '', 'Female',
        '2002-06-22', '2019-02-01', FALSE, 12),
       (108, '이도윤', 'GOLD', '010-6213-1995', 'kmiddleweek2z@bigcartel.com', '서울특별시 마포구 26193 딕슨 플라자', 2, '', 'Male',
        '1992-08-14', '2018-12-05', FALSE, 13),
       (109, '박민재', 'SILVER', '010-4462-2909', 'npitcher30@sciencedaily.com', '서울특별시 서대문구 0890 콜로라도 크로싱', 19,
        'Nulla facilisi. Cras non velit nec nisi vulputate nonummy.', 'Male', '1998-07-21', '2023-04-25', FALSE, 5),
       (110, '김다은', 'BROWN', '010-4796-1692', 'mramsell31@nbcBROWNs.com', '서울특별시 노원구 8803 블루스템 앨리', 2,
        'Lorem ipsum dolor sit amet, consectetuer adipiscing elit.', 'Female', '1997-02-26', '2023-03-03', FALSE, 9),
       (111, '정민수', 'DIAMOND', '010-5835-0227', 'dnovacek32@wordpress.com', '서울특별시 강서구 452 데니스 파크', 14, '', 'Female',
        '1944-04-11', '2024-02-06', FALSE, 6),
       (112, '한주희', 'GOLD', '010-1238-6824', 'khryniewicki33@printfriendly.com', '서울특별시 양천구 449 파크사이드 센터', 9,
        'In tempor, turpis nec euismod scelerisque, quam turpis adipiscing lorem, vitae mattis nibh ligula nec sem.',
        'Male', '1948-03-05', '2023-11-09', FALSE, 12),
       (113, '김하늘', 'SILVER', '010-2643-2107', 'csimond34@disqus.com', '서울특별시 종로구 9 이글 크레스트 코트', 7, '', 'Female',
        '1953-09-14', '2020-08-06', FALSE, 14),
       (114, '박지훈', 'DIAMOND', '010-1581-5299', 'hclyne35@chronoengine.com', '서울특별시 서초구 08 골든 리프 패스', 3,
        'Maecenas pulvinar lobortis est.', 'Female', '1997-09-06', '2021-12-05', FALSE, 14),
       (115, '서민재', 'SILVER', '010-9962-9897', 'pracine36@jalbum.net', '서울특별시 동대문구 41 골프 코스 파크', 8,
        'Vestibulum ante ipsum Mauris viverra diam vitae quam. Suspendisse potenti.',
        'Female', '1962-01-01', '2021-09-17', FALSE, 13),
       (116, '이수민', 'GOLD', '010-2217-3378', 'mcinavas37@bandcamp.com', '서울특별시 도봉구 69 드와이트 정션', 7, 'Morbi a ipsum.',
        'Female', '1984-08-26', '2019-12-04', FALSE, 11),
       (117, '윤하윤', 'SILVER', '010-8155-6158', 'mgodart38@hubpages.com', '서울특별시 금천구 47267 버터넛 서클', 2,
        'Maecenas ut massa quis augue luctus tincidunt. Nulla mollis molestie lorem.', 'Female', '1963-06-16',
        '2020-11-15', FALSE, 5),
       (118, '김민수', 'SILVER', '010-9467-3299', 'mmacaskie39@mlb.com', '서울특별시 강북구 9640 게일 테라스', 17, '', 'Male',
        '1998-10-11', '2018-09-11', FALSE, 11),
       (119, '박진우', 'GOLD', '010-6988-0217', 'btommasi3a@yale.edu', '서울특별시 송파구 9 파인 뷰 패스', 5, '', 'Female',
        '1964-06-20', '2023-01-29', FALSE, 12),
       (120, '김서연', 'SILVER', '010-5183-7543', 'ccrosland3b@reuters.com', '서울특별시 광진구 7 사우스 파크웨이', 15,
        'Vestibulum ac est lacinia nisi venenatis tristique.', 'Female', '1940-05-23', '2022-12-06', FALSE, 8),
       (121, '이재훈', 'SILVER', '010-3025-0306', 'madolf3c@harvard.edu', '서울특별시 마포구 96741 개리슨 서클', 2, '', 'Female',
        '1972-09-30', '2022-05-09', FALSE, 3),
       (122, '서윤아', 'BROWN', '010-5952-5791', 'sabbis3d@digg.com', '서울특별시 은평구 2 노스웨스턴 서클', 6,
        'Cras in purus eu magna nascetur ridiculus mus.',
        'Male', '1950-08-19', '2022-11-15', FALSE, 6),
       (123, '이하준', 'SILVER', '010-4406-7144', 'blydden3e@hibu.com', '서울특별시 성동구 2 그래델 테라스', 8, '', 'Female',
        '1955-07-19', '2021-04-14', FALSE, 1),
       (124, '박지후', 'SILVER', '010-5636-2609', 'hlisamore3f@earthlink.net', '서울특별시 강서구 0609 멜로즈 드라이브', 12, '', 'Female',
        '1993-01-07', '2020-04-12', FALSE, 1),
       (125, '윤민호', 'DIAMOND', '010-1108-2047', 'nclemetts3g@npr.org', '서울특별시 송파구 95 킨스만 힐', 18,
        'Sed accumsan felis. Ut at dolor quis odio consequat varius.', 'Male', '1971-10-13', '2018-05-13', FALSE, 11),
       (126, '정다인', 'DIAMOND', '010-8803-4939', 'akermannes3h@boston.com', '서울특별시 서초구 4 치누크 플라자', 3,
        'Quisque arcu libero, rutrum ac, lobortis vel, dapibus at, diam. Nam tristique tortor eu pede.', 'Female',
        '1988-11-27', '2022-02-11', FALSE, 5),
       (127, '한수민', 'DIAMOND', '010-2652-5380', 'adan3i@usBROWNs.com', '서울특별시 동대문구 881 페어뷰 서클', 8, '', 'Male',
        '1988-06-07', '2022-12-20', FALSE, 10),
       (128, '이민석', 'SILVER', '010-2423-4847', 'ciozefovich3j@state.gov', '서울특별시 성북구 8895 리온스 드라이브', 18, '', 'Male',
        '1988-03-03', '2018-11-13', FALSE, 14),
       (129, '윤다희', 'DIAMOND', '010-3683-6830', 'lgrishukhin3k@xrea.com', '서울특별시 은평구 1054 비돈 서클', 11,
        'Aliquam non mauris.', 'Male', '1994-09-01', '2019-06-06', FALSE, 6),
       (130, '박민재', 'GOLD', '010-9312-0200', 'bhyndley3l@archive.org', '서울특별시 강북구 684 로테빌 크로싱', 19, '',
        'Female', '1940-05-08', '2018-12-06', FALSE, 2),
       (131, '정수진', 'BROWN', '010-4543-8493', 'kblum3m@weibo.com', '서울특별시 중구 13 베커 파크', 15,
        'Nulla suscipit ligula in lacus. Curabitur at ipsum ac tellus semper interdum.', 'Male', '2004-08-08',
        '2018-09-21', FALSE, 4),
       (132, '김다은', 'SILVER', '010-8021-7753', 'rseamark3n@vk.com', '서울특별시 마포구 177 빅토리아 로드', 12,
        'Donec ut mauris eget massa tempor convallis.', 'Female', '1997-09-13', '2022-09-05', FALSE, 12),
       (133, '이현아', 'GOLD', '010-1166-6254', 'ainskipp3o@wiley.com', '서울특별시 종로구 4359 셔먼 플레이스', 11, '', 'Female',
        '1974-07-11', '2023-10-04', FALSE, 11),
       (134, '윤도윤', 'SILVER', '010-2946-6752', 'fbray3p@mediafire.com', '서울특별시 구로구 11510 레이븐 힐', 16, '', 'Female',
        '1948-03-13', '2020-04-14', FALSE, 9),
       (135, '박하늘', 'GOLD', '010-6178-8743', 'lmurch3q@indiatimes.com', '서울특별시 동대문구 30837 스탱 힐', 12, '', 'Male',
        '1946-11-26', '2023-09-16', FALSE, 9),
       (136, '윤재원', 'GOLD', '010-8729-5229', 'fwinscomb3r@sphinn.com', '서울특별시 마포구 81127 로우랜드 크로싱', 8, '', 'Male',
        '1946-08-31', '2022-06-22', FALSE, 5),
       (137, '한지후', 'DIAMOND', '010-3809-1231', 'nmedley3s@bluehost.com', '서울특별시 성동구 83773 포티지 포인트', 17, '', 'Female',
        '1959-11-11', '2021-01-24', FALSE, 4),
       (138, '김서진', 'GOLD', '010-4586-3913', 'jlamie3t@plala.or.jp', '서울특별시 관악구 895 세이지 파크웨이', 1, '', 'Female',
        '1982-11-05', '2021-05-01', FALSE, 12),
       (139, '박지수', 'SILVER', '010-6912-5390', 'kmorstatt3u@xrea.com', '서울특별시 서대문구 8701 클라이드 갤러거 트레일', 19, '',
        'Male', '1976-05-03', '2020-11-13', FALSE, 15),
       (140, '정재훈', 'SILVER', '010-1878-3401', 'csenior3v@hc360.com', '서울특별시 강동구 89 러셀 애비뉴', 5, '', 'Male',
        '1954-03-27', '2018-08-16', FALSE, 15),
       (141, '서하은', 'DIAMOND', '010-1647-1776', 'dkoppelmann3w@dell.com', '서울특별시 노원구 65801 베이사이드 플라자', 15, '', 'Female',
        '1952-08-07', '2020-10-17', FALSE, 1),
       (142, '장민재', 'BROWN', '010-8118-2701', 'wtiltman3x@latimes.com', '서울특별시 서초구 737 그린 리지 서클', 4, '', 'Male',
        '2002-04-04', '2019-03-14', FALSE, 8),
       (143, '박지훈', 'GOLD', '010-1985-0215', 'mbirmingham3y@ucsd.edu', '서울특별시 동대문구 8911 하간 정션', 11,
        'Curabitur in libero ut massa volutpat convallis. Morbi odio odio, elementum eu, interdum eu, tincidunt in, leo.',
        'Female', '1963-02-04', '2021-12-09', FALSE, 2),
       (144, '김진수', 'DIAMOND', '010-4343-0847', 'mtrevers3z@google.pl', '서울특별시 송파구 08734 하간 앨리', 2, 'Donec dapibus.',
        'Male', '1994-01-21', '2021-08-22', FALSE, 15),
       (145, '정다희', 'SILVER', '010-8065-6795', 'scrennan40@photobucket.com', '서울특별시 강남구 92 웰치 드라이브', 12, '', 'Male',
        '1960-12-03', '2021-08-09', FALSE, 15),
       (146, '윤지후', 'DIAMOND', '010-8895-7648', 'nrentelll41@arizona.edu', '서울특별시 동작구 9 서머뷰 힐', 15,
        'Sed sagittis. Nam congue, libero quis orci.',
        'Male', '1996-10-31', '2024-01-04', FALSE, 6),
       (147, '최민재', 'DIAMOND', '010-6767-1565', 'cfillimore42@zdnet.com', '서울특별시 은평구 10 페퍼 우드 로드', 5, '', 'Female',
        '1988-08-21', '2019-02-24', FALSE, 12),
       (148, '이서윤', 'BROWN', '010-5481-1799', 'jrivilis43@etsy.com', '서울특별시 도봉구 8243 바비 트레일', 11,
        'Cras in purus eu magna vulputate luctus.', 'Male', '1973-06-17', '2021-08-29', FALSE, 3),
       (149, '최다희', 'DIAMOND', '010-1775-3774', 'dcrenage44@sun.com', '서울특별시 송파구 94019 필드스톤 스트리트', 16, 'Proin eu mi.',
        'Male', '1999-09-14', '2022-06-14', FALSE, 13),
       (150, '이서진', 'BROWN', '010-6313-7446', 'sgeany45@edublogs.org', '서울특별시 서초구 2 파울링 패스', 14,
        'Aliquam augue quam, sollicitudin vitae, consectetuer eget, rutrum at, lorem.', 'Male', '1979-07-17',
        '2018-01-17', FALSE, 13),
       (151, '정하늘', 'DIAMOND', '010-3856-1176', 'nhindenburg46@nytimes.com', '서울특별시 중랑구 06359 애니버서리 서클', 14,
        'In sagittis dui vel nisl.', 'Female', '1974-03-16', '2021-12-05', FALSE, 6),
       (152, '윤민석', 'DIAMOND', '010-4761-1399', 'wpickaver47@bloglovin.com', '서울특별시 관악구 80 프레리뷰 포인트', 5,
        'In hac habitasse platea dictumst.', 'Female', '1954-05-31', '2018-09-10', FALSE, 6),
       (153, '이준성', 'BROWN', '010-8476-2214', 'evoyce48@creativecommons.org', '서울특별시 도봉구 1 6번지 애비뉴', 11, '', 'Male',
        '1988-08-05', '2023-04-24', FALSE, 12),
       (154, '김진우', 'DIAMOND', '010-3748-2663', 'jgilbee49@sphinn.com', '서울특별시 용산구 2 스티븐 테라스', 20, '', 'Male',
        '1966-04-21', '2023-09-08', FALSE, 9),
       (155, '박민재', 'SILVER', '010-2982-6838', 'tallett4a@berkeley.edu', '서울특별시 종로구 989 라이언 레인', 9, '', 'Female',
        '1949-09-28', '2024-05-17', FALSE, 2),
       (156, '윤지훈', 'SILVER', '010-6187-3394', 'cjewsbury4b@plala.or.jp', '서울특별시 관악구 0 스티븐 로드', 7,
        'Integer ac neque. Duis bibendum.', 'Male', '1941-06-24', '2020-06-10', FALSE, 15),
       (157, '한주원', 'DIAMOND', '010-1887-6493', 'bfernie4c@macromedia.com', '서울특별시 금천구 93047 세이지 레인', 11, '', 'Female',
        '1958-08-28', '2022-03-25', FALSE, 8),
       (158, '문지호', 'DIAMOND', '010-1835-7435', 'tdelete4d@ucla.edu', '서울특별시 서초구 812 팬크라츠 서클', 12,
        'Nulla tellus. In sagittis dui vel nisl.', 'Male', '1943-03-29', '2023-04-03', FALSE, 5),
       (159, '윤서진', 'BROWN', '010-8608-8808', 'rdebanke4e@state.tx.us', '서울특별시 은평구 2 메이플 우드 드라이브', 20,
        'Quisque porta volutpat erat. Quisque erat eros, viverra eget, congue eget, semper rutrum, nulla.', 'Male',
        '1984-07-31', '2018-06-09', FALSE, 7),
       (160, '윤다윤', 'SILVER', '010-2319-7019', 'lbrinsford4f@msu.edu', '서울특별시 송파구 359 미도우 릿지 테라스', 3, '', 'Female',
        '1966-10-11', '2021-05-26', FALSE, 14),
       (161, '한서준', 'BROWN', '010-3504-2148', 'cluthwood4g@tmall.com', '서울특별시 마포구 00803 차이브 크로싱', 9, '', 'Female',
        '1992-04-01', '2023-02-11', FALSE, 15),
       (162, '박지우', 'DIAMOND', '010-1063-3981', 'aearley4h@army.mil', '서울특별시 동대문구 487 히스 트레일', 7,
        'Morbi quis tortor id nulla ultrices aliquet.', 'Female', '2001-08-06', '2020-07-09', FALSE, 6),
       (163, '이하윤', 'GOLD', '010-5777-6697', 'akringe4i@ucoz.ru', '서울특별시 성북구 59100 클로브 패스', 10,
        'Cras in purus eu magna nascetur ridiculus mus.',
        'Male', '1978-01-25', '2024-04-18', FALSE, 5),
       (164, '김하은', 'SILVER', '010-7896-2076', 'lbilney4j@discovery.com', '서울특별시 종로구 603 쇼쇼니 스트리트', 19, '', 'Female',
        '1989-03-26', '2020-09-25', FALSE, 12),
       (165, '박서준', 'BROWN', '010-3551-6614', 'adobbins4k@jigsy.com', '서울특별시 강서구 129 포터 플라자', 2,
        'Vestibulum rutrum rutrum neque. Aenean auctor gravida sem.', 'Male', '1974-12-11', '2024-05-08', FALSE, 1),
       (166, '이재원', 'DIAMOND', '010-5733-8591', 'wbinden4l@virginia.edu', '서울특별시 서대문구 601 플레저 플레이스', 16, '', 'Male',
        '1958-11-25', '2021-11-26', FALSE, 7),
       (167, '최다희', 'BROWN', '010-8059-3909', 'atalloe4m@BROWNsvine.com', '서울특별시 동작구 2798 셰리던 플라자', 18,
        'Lorem ipsum dolor sit amet, consectetuer adipiscing elit.', 'Female', '1987-11-12', '2023-03-13', FALSE, 2),
       (168, '서진호', 'SILVER', '010-3884-7298', 'mhowieson4n@chron.com', '서울특별시 도봉구 1366 메이어 레인', 6, '', 'Female',
        '1965-10-07', '2019-05-10', FALSE, 5),
       (169, '정다인', 'BROWN', '010-9127-7654', 'gdenyagin4o@meetup.com', '서울특별시 강남구 8419 밴딩 스트리트', 14,
        'In hac habitasse platea ondimentum neque sapien placerat ante.',
        'Male', '1994-10-29', '2021-01-10', FALSE, 7),
       (170, '김민수', 'SILVER', '010-3271-1813', 'bwaddy4p@seattletimes.com', '서울특별시 은평구 37 미도우 릿지 파크웨이', 1,
        'Nullam orci pede, venenatis non, sodales sed, tincidunt eu, felis.', 'Female', '1979-04-23', '2018-11-18',
        FALSE, 5),
       (171, '박민재', 'DIAMOND', '010-9878-4102', 'bsansbury4q@twitpic.com', '서울특별시 동대문구 54 1번지 정션', 4,
        'Aenean lectus. Pellentesque eget nunc.', 'Female', '1951-04-26', '2019-08-14', FALSE, 10),
       (172, '김다윤', 'BROWN', '010-7315-9261', 'showgill4r@hc360.com', '서울특별시 강동구 8 크로프 드라이브', 6,
        'Mauris lacinia sapien quis libero. Nullam sit amet turpis elementum ligula vehicula consequat.', 'Female',
        '1993-12-20', '2020-03-27', FALSE, 13),
       (173, '한서진', 'SILVER', '010-2838-0116', 'ihabershon4s@spiegel.de', '서울특별시 성북구 680 트루악스 로드', 11, '', 'Male',
        '1991-09-06', '2022-03-17', FALSE, 12),
       (174, '윤진우', 'DIAMOND', '010-5461-7001', 'cmobbs4t@free.fr', '서울특별시 성동구 48033 버넌 코트', 5, 'Donec dapibus.',
        'Male', '1953-05-04', '2022-09-02', FALSE, 3),
       (175, '이준성', 'DIAMOND', '010-3081-4342', 'ntribbeck4u@nbcBROWNs.com', '서울특별시 마포구 9 노스리지 힐', 4,
        'Sed accumsan felis.', 'Male', '1998-05-18', '2018-03-13', FALSE, 1),
       (176, '박지민', 'BROWN', '010-1378-5826', 'scoaten4v@dedecms.com', '서울특별시 서대문구 5 헉슬리 힐', 9, '', 'Male',
        '1960-08-22',
        '2023-07-24', FALSE, 14),
       (177, '서현우', 'GOLD', '010-2516-3057', 'gkirman4w@goo.ne.jp', '서울특별시 강서구 45275 차이브 테라스', 17,
        'Maecenas tincidunt lacus at velit.', 'Male', '2002-09-06', '2024-02-11', FALSE, 3),
       (178, '김하늘', 'DIAMOND', '010-5747-5680', 'lbowlas4x@yellowbook.com', '서울특별시 금천구 7347 워리어 센터', 16,
        'Nullam molestie nibh in lectus.', 'Female', '1969-02-03', '2021-12-19', FALSE, 13),
       (179, '정현수', 'DIAMOND', '010-5933-1152', 'dwagon4y@issuu.com', '서울특별시 종로구 00611 크라운하트 테라스', 10, '', 'Male',
        '1973-10-21', '2021-01-06', FALSE, 1),
       (180, '박서준', 'GOLD', '010-5333-6840', 'mburwin4z@tumblr.com', '서울특별시 서초구 574 드와이트 로드', 13,
        'Nulla suscipit ligula in lacus.', 'Female', '1978-08-08', '2021-05-01', FALSE, 1),
       (181, '윤민수', 'DIAMOND', '010-9541-6266', 'lsoldner50@pbs.org', '서울특별시 노원구 0 록스버리 센터', 16, '', 'Male',
        '2006-03-17',
        '2024-05-16', FALSE, 12),
       (182, '이현우', 'DIAMOND', '010-9016-8070', 'fscambler51@cargocollective.com', '서울특별시 은평구 97 베이사이드 웨이', 9,
        'Pellentesque at nulla. Suspendisse potenti.', 'Male', '1946-08-03', '2018-02-18', FALSE, 12),
       (183, '한지훈', 'BROWN', '010-2849-5859', 'ycherry52@slashdot.org', '서울특별시 마포구 21 티에러 크로싱', 2, '', 'Male',
        '1996-08-16', '2023-12-16', FALSE, 7),
       (184, '최하늘', 'SILVER', '010-6138-8932', 'lmackeogh53@google.com.hk', '서울특별시 중구 994 그린 레인', 14, '', 'Female',
        '1967-07-31', '2020-11-11', FALSE, 8),
       (185, '김다희', 'GOLD', '010-7572-1564', 'kselly54@unblog.fr', '서울특별시 동대문구 7 모닝스타 테라스', 7, '', 'Female',
        '1988-11-07', '2020-03-14', FALSE, 12),
       (186, '박지수', 'BROWN', '010-8399-2744', 'dspirit55@phoca.cz', '서울특별시 은평구 45 브라이어 크레스트 테라스', 8,
        'Curabitur convallis. Duis consequat dui nec nisi volutpat eleifend.', 'Male', '1991-10-28', '2022-08-14',
        FALSE, 2),
       (187, '정재훈', 'DIAMOND', '010-7909-6345', 'ccattow56@webeden.co.uk', '서울특별시 강남구 22 포레스트 데일 로드', 13,
        'Ut at dolor quis odio consequat varius. Integer ac leo.', 'Male', '1949-08-02', '2021-05-28', FALSE, 2),
       (188, '김현우', 'BROWN', '010-8199-2853', 'vjikovsky57@virginia.edu', '서울특별시 동대문구 005 스콧 서클', 10,
        'Fusce lacus purus, aliquet at, feugiat non, pretium quis, lectus. Suspendisse potenti.', 'Female',
        '2003-07-24', '2018-12-03', FALSE, 4),
       (189, '한서윤', 'BROWN', '010-1435-9519', 'twillicott58@google.com.au', '서울특별시 강동구 7387 루딩턴 서클', 7, '', 'Male',
        '1965-06-06', '2019-10-06', FALSE, 7),
       (190, '정민재', 'GOLD', '010-9561-4572', 'hcortez59@phpbb.com', '서울특별시 서초구 6 메이필드 트레일', 2,
        'Proin leo odio, porttitor id, consequat in, consequat ut, nulla.', 'Female', '1992-05-25', '2018-02-15',
        FALSE, 11),
       (191, '박지민', 'GOLD', '010-9417-7428', 'sponnsett5a@dell.com', '서울특별시 동작구 38 하노버 로드', 5, '', 'Male',
        '1988-07-07', '2021-09-07', FALSE, 10),
       (192, '이서준', 'SILVER', '010-1499-0314', 'ssyer5b@bigcartel.com', '서울특별시 서대문구 35 이건 플레이스', 17, 'Nulla tempus.',
        'Male', '1949-01-29', '2020-11-04', FALSE, 2),
       (193, '한지수', 'DIAMOND', '010-5194-4902', 'awyrill5c@nhs.uk', '서울특별시 강서구 5 웨스트포트 트레일', 4,
        'Cras mi pede, malesuada in, imperdiet et, commodo vulputate, justo.', 'Male', '1946-01-03', '2021-01-01',
        FALSE, 5),
       (194, '윤진우', 'SILVER', '010-4815-5839', 'dlebarree5d@columbia.edu', '서울특별시 은평구 92187 드와이트 서클', 14,
        'Aliquam erat volutpat. In congue.', 'Male', '2001-03-02', '2021-09-25', FALSE, 10),
       (195, '김민재', 'BROWN', '010-2616-1473', 'bpeniman5e@squarespace.com', '서울특별시 도봉구 55 밀워키 정션', 15,
        'Vestibulum ante ipsum primis magna vestibulum aliquet ultrices, erat tortor sollicitudin mi, sit amet lobortis sapien sapien non mi. Integer ac neque.',
        'Male', '1991-11-09', '2022-10-19', FALSE, 2),
       (196, '서지훈', 'BROWN', '010-4052-3684', 'fbruntje5f@indiatimes.com', '서울특별시 송파구 39904 클레어몬트 웨이', 11,
        'Phasellus id sapien in sapien iaculis congue.', 'Female', '2003-07-27', '2019-07-26', FALSE, 7),
       (197, '최수빈', 'BROWN', '010-6765-2063', 'astreatfeild5g@csmonitor.com', '서울특별시 동작구 550 말라드 웨이', 9,
        'Nam ultrices, libero non Sed vel enim sit amet nunc viverra dapibus.',
        'Female', '1973-07-10', '2018-09-03', FALSE, 1),
       (198, '한서준', 'BROWN', '010-6485-4954', 'adodell5h@hubpages.com', '서울특별시 구로구 9 코르벤 패스', 19, '', 'Female',
        '1967-05-06', '2020-08-03', FALSE, 11),
       (199, '김민재', 'DIAMOND', '010-4391-1373', 'gbroderick5i@npr.org', '서울특별시 중구 4 8번지 플라자', 16,
        'Sed vel enim sit amet nunc viverra dapibus. Nulla suscipit ligula in lacus.', 'Female', '1964-09-11',
        '2021-02-10', FALSE, 1),
       (200, '정수진', 'SILVER', '010-7219-1224', 'jharewood5j@canalblog.com', '서울특별시 성북구 382 베라 트레일', 12, '', 'Female',
        '1951-09-16', '2019-09-15', FALSE, 10),
       (201, '장명훈', 'SILVER', '010-7219-1224', 'thinghoon@icloud.com', '서울특별시 강북구 382 베라 트레일', 12, '', 'Female',
        '1951-09-16', '2019-09-15', FALSE, 10),
       (202, '이서준', 'SILVER', '010-7219-1224', 'wkdaudgns132@naver.com', '서울특별시 은평구 382 베라 트레일', 12, '', 'Female',
        '1951-09-16', '2019-09-15', FALSE, 10);

INSERT INTO customer_preference (id, customer_id, is_smoking, purpose, is_pet, preferred_checkin_time,
                                 preferred_checkout_time, dietary_restrictions, funnel, interest,
                                 Is_breakfast_preferred)
VALUES (1, 1, FALSE, 'FAMILY TRIP', TRUE, '14:41:18', '09:49:03', '', 'WALK-INS', 'PHOTOGRAPHY', FALSE),
       (2, 2, TRUE, 'TRAVEL', FALSE, '15:32:07', '07:50:23', '', 'ONLINE TRAVEL AGENCIES', 'READING', FALSE),
       (3, 3, FALSE, 'TRAVEL', FALSE, '14:44:04', '12:42:58', 'SOY', 'GROUP BOOKINGS', 'COOKING', TRUE),
       (4, 4, TRUE, 'BUSINESS', FALSE, '10:22:58', '14:01:29', 'SOY', 'REFERRAL PROGRAMS', 'COOKING', FALSE),
       (5, 5, FALSE, 'BUSINESS', TRUE, '14:36:19', '10:56:56', '', 'TRAVEL AGENTS', 'GARDENING', FALSE),
       (6, 6, TRUE, 'BUSINESS', FALSE, '13:56:30', '15:27:44', '', 'TRAVEL AGENTS', 'GARDENING', TRUE),
       (7, 7, TRUE, 'FAMILY TRIP', FALSE, '14:08:30', '08:17:46', '', 'TRAVEL AGENTS', 'COOKING', FALSE),
       (8, 8, TRUE, 'STAYCATION', FALSE, '12:10:06', '09:23:58', 'TREE NUT', 'CORPORATE CONTRACTS', 'GOLF',
        FALSE),
       (9, 9, FALSE, 'STAYCATION', FALSE, '12:50:01', '15:03:07', '', 'CORPORATE CONTRACTS', 'FITNESS', TRUE),
       (10, 10, FALSE, 'BUSINESS', TRUE, '15:37:44', '10:35:53', '', 'TOUR OPERATORS', 'PHOTOGRAPHY', FALSE),
       (11, 11, TRUE, 'FAMILY TRIP', FALSE, '10:40:56', '09:24:40', 'SOY', 'HOTEL OFFICIAL WEBSITE', 'TRAVELING',
        TRUE),
       (12, 12, FALSE, 'BUSINESS', FALSE, '10:59:07', '09:33:45', 'MUSTARD', 'CORPORATE CONTRACTS', 'GOLF', TRUE),
       (13, 13, FALSE, 'BUSINESS', FALSE, '10:17:32', '12:09:29', 'TREE NUT', 'TRAVEL AGENTS', 'GOLF', FALSE),
       (14, 14, TRUE, 'TRAVEL', TRUE, '13:52:16', '13:45:06', 'MUSTARD', 'TOUR OPERATORS', 'READING', TRUE),
       (15, 15, TRUE, 'BUSINESS', FALSE, '11:10:32', '15:35:56', '', 'SOCIAL MEDIA', 'GARDENING', FALSE),
       (16, 16, FALSE, 'STAYCATION', TRUE, '12:11:12', '12:52:34', '', 'CORPORATE CONTRACTS', 'MUSIC', FALSE),
       (17, 17, TRUE, 'TRAVEL', FALSE, '14:47:10', '09:18:24', '', 'GROUP BOOKINGS', 'MUSIC', TRUE),
       (18, 18, FALSE, 'BUSINESS', FALSE, '14:52:19', '07:37:14', 'FISH', 'SOCIAL MEDIA', 'TRAVELING', FALSE),
       (19, 19, TRUE, 'TRAVEL', FALSE, '16:39:41', '11:38:27', 'FISH', 'TRAVEL AGENTS', 'PHOTOGRAPHY', TRUE),
       (20, 20, TRUE, 'TRAVEL', FALSE, '14:48:54', '11:08:10', '', 'TOUR OPERATORS', 'COOKING', TRUE),
       (21, 21, FALSE, 'TRAVEL', TRUE, '14:02:21', '15:27:40', '', 'CORPORATE CONTRACTS', 'MUSIC', TRUE),
       (22, 22, FALSE, 'STAYCATION', TRUE, '11:58:25', '13:01:10', '', 'ONLINE TRAVEL AGENCIES', 'PHOTOGRAPHY',
        TRUE),
       (23, 23, FALSE, 'BUSINESS', TRUE, '11:21:44', '11:44:05', '', 'SOCIAL MEDIA', 'PHOTOGRAPHY', TRUE),
       (24, 24, TRUE, 'FAMILY TRIP', TRUE, '13:41:38', '11:30:44', 'FISH', 'WALK-INS', 'GOLF', FALSE),
       (25, 25, FALSE, 'STAYCATION', FALSE, '14:38:32', '09:14:28', '', 'ONLINE TRAVEL AGENCIES', 'FITNESS',
        TRUE),
       (26, 26, FALSE, 'TRAVEL', TRUE, '12:47:43', '11:15:17', 'FISH', 'HOTEL OFFICIAL WEBSITE', 'GARDENING',
        TRUE),
       (27, 27, FALSE, 'STAYCATION', FALSE, '13:08:44', '11:42:16', 'FISH', 'SOCIAL MEDIA', 'HIKING', FALSE),
       (28, 28, TRUE, 'FAMILY TRIP', FALSE, '13:46:31', '07:49:25', 'TREE NUT', 'LOYALTY PROGRAMS', 'HIKING',
        TRUE),
       (29, 29, FALSE, 'FAMILY TRIP', TRUE, '12:27:26', '13:17:45', '', 'LOYALTY PROGRAMS', 'TRAVELING', FALSE),
       (30, 30, FALSE, 'STAYCATION', TRUE, '15:01:08', '10:39:57', '', 'GROUP BOOKINGS', 'FITNESS', TRUE),
       (31, 31, FALSE, 'TRAVEL', FALSE, '10:47:12', '15:34:58', 'PEANUT', 'TRAVEL AGENTS', 'HIKING', TRUE),
       (32, 32, TRUE, 'STAYCATION', TRUE, '13:18:37', '11:14:00', '', 'ONLINE TRAVEL AGENCIES', 'GARDENING',
        TRUE),
       (33, 33, FALSE, 'BUSINESS', TRUE, '14:07:34', '08:14:46', '', 'CORPORATE CONTRACTS', 'FITNESS', FALSE),
       (34, 34, TRUE, 'FAMILY TRIP', TRUE, '10:17:44', '07:44:01', '', 'SOCIAL MEDIA', 'GARDENING', TRUE),
       (35, 35, FALSE, 'BUSINESS', TRUE, '10:13:02', '11:57:09', 'SHELLFISH', 'ONLINE TRAVEL AGENCIES', 'GOLF',
        TRUE),
       (36, 36, FALSE, 'BUSINESS', TRUE, '12:19:12', '08:35:34', 'WHEAT', 'CORPORATE CONTRACTS', 'COOKING',
        FALSE),
       (37, 37, TRUE, 'STAYCATION', FALSE, '14:51:10', '08:02:05', '', 'ONLINE TRAVEL AGENCIES', 'READING',
        FALSE),
       (38, 38, FALSE, 'FAMILY TRIP', TRUE, '10:31:00', '13:54:31', '', 'HOTEL OFFICIAL WEBSITE', 'GOLF', TRUE),
       (39, 39, TRUE, 'TRAVEL', TRUE, '14:40:28', '07:26:38', 'WHEAT', 'TOUR OPERATORS', 'GOLF', TRUE),
       (40, 40, TRUE, 'STAYCATION', FALSE, '15:50:49', '10:54:23', '', 'LOYALTY PROGRAMS', 'HIKING', TRUE),
       (41, 41, TRUE, 'STAYCATION', FALSE, '16:37:21', '10:46:09', '', 'CORPORATE CONTRACTS', 'FITNESS', TRUE),
       (42, 42, TRUE, 'BUSINESS', FALSE, '10:01:35', '10:42:04', 'SESAME', 'TOUR OPERATORS', 'TRAVELING', TRUE),
       (43, 43, TRUE, 'BUSINESS', TRUE, '13:13:06', '14:49:16', 'WHEAT', 'ONLINE TRAVEL AGENCIES', 'GOLF', TRUE),
       (44, 44, FALSE, 'BUSINESS', FALSE, '11:03:36', '10:57:42', 'SOY', 'GROUP BOOKINGS', 'GOLF', FALSE),
       (45, 45, TRUE, 'FAMILY TRIP', FALSE, '12:54:47', '07:12:33', 'EGG', 'WALK-INS', 'FITNESS', TRUE),
       (46, 46, TRUE, 'TRAVEL', TRUE, '15:34:50', '07:59:38', '', 'TOUR OPERATORS', 'GOLF', FALSE),
       (47, 47, TRUE, 'FAMILY TRIP', FALSE, '12:36:45', '15:49:44', '', 'SOCIAL MEDIA', 'MUSIC', TRUE),
       (48, 48, FALSE, 'BUSINESS', TRUE, '14:13:40', '10:20:43', 'EGG', 'TOUR OPERATORS', 'GOLF', FALSE),
       (49, 49, TRUE, 'BUSINESS', FALSE, '10:30:07', '11:03:27', 'PEANUT', 'WALK-INS', 'HIKING', FALSE),
       (50, 50, TRUE, 'STAYCATION', TRUE, '11:38:18', '12:40:45', '', 'REFERRAL PROGRAMS', 'PHOTOGRAPHY', TRUE),
       (51, 51, FALSE, 'FAMILY TRIP', TRUE, '12:35:37', '09:25:56', '', 'GROUP BOOKINGS', 'FITNESS', FALSE),
       (52, 52, FALSE, 'FAMILY TRIP', TRUE, '14:36:37', '14:11:28', 'WHEAT', 'SOCIAL MEDIA', 'FITNESS', FALSE),
       (53, 53, FALSE, 'TRAVEL', FALSE, '14:16:50', '07:13:08', '', 'TOUR OPERATORS', 'MUSIC', FALSE),
       (54, 54, TRUE, 'STAYCATION', FALSE, '13:52:01', '11:51:25', 'WHEAT', 'SOCIAL MEDIA', 'GARDENING', TRUE),
       (55, 55, FALSE, 'STAYCATION', FALSE, '14:05:37', '10:18:30', '', 'SOCIAL MEDIA', 'HIKING', FALSE),
       (56, 56, TRUE, 'STAYCATION', FALSE, '16:19:24', '12:49:35', 'WHEAT', 'LOYALTY PROGRAMS', 'MUSIC', TRUE),
       (57, 57, FALSE, 'FAMILY TRIP', TRUE, '14:02:11', '11:46:33', '', 'LOYALTY PROGRAMS', 'READING', FALSE),
       (58, 58, TRUE, 'FAMILY TRIP', FALSE, '12:18:15', '15:37:38', 'SHELLFISH', 'GROUP BOOKINGS', 'HIKING',
        TRUE),
       (59, 59, FALSE, 'STAYCATION', FALSE, '14:09:57', '07:11:16', 'SESAME', 'HOTEL OFFICIAL WEBSITE', 'COOKING',
        FALSE),
       (60, 60, TRUE, 'FAMILY TRIP', FALSE, '13:38:36', '11:09:53', '', 'GROUP BOOKINGS', 'TRAVELING', TRUE),
       (61, 61, FALSE, 'BUSINESS', FALSE, '13:14:33', '12:32:34', 'FISH', 'WALK-INS', 'HIKING', TRUE),
       (62, 62, FALSE, 'FAMILY TRIP', TRUE, '14:26:46', '08:55:19', 'PEANUT', 'CORPORATE CONTRACTS', 'COOKING',
        FALSE),
       (63, 63, FALSE, 'FAMILY TRIP', TRUE, '10:43:06', '10:52:47', 'MILK', 'WALK-INS', 'COOKING', TRUE),
       (64, 64, TRUE, 'TRAVEL', FALSE, '11:33:50', '14:49:28', '', 'SOCIAL MEDIA', 'FITNESS', FALSE),
       (65, 65, FALSE, 'STAYCATION', TRUE, '11:57:44', '11:03:11', 'SESAME', 'HOTEL OFFICIAL WEBSITE',
        'PHOTOGRAPHY', FALSE),
       (66, 66, FALSE, 'TRAVEL', TRUE, '13:56:49', '14:39:15', '', 'SOCIAL MEDIA', 'MUSIC', TRUE),
       (67, 67, FALSE, 'STAYCATION', FALSE, '13:04:17', '15:20:45', 'PEANUT', 'HOTEL OFFICIAL WEBSITE', 'FITNESS',
        FALSE),
       (68, 68, FALSE, 'FAMILY TRIP', FALSE, '12:36:06', '07:50:05', '', 'SOCIAL MEDIA', 'FITNESS', TRUE),
       (69, 69, TRUE, 'STAYCATION', FALSE, '12:19:17', '07:48:19', 'WHEAT', 'TOUR OPERATORS', 'GARDENING', FALSE),
       (70, 70, FALSE, 'STAYCATION', TRUE, '11:23:38', '07:25:08', 'WHEAT', 'CORPORATE CONTRACTS', 'TRAVELING',
        TRUE),
       (71, 71, FALSE, 'TRAVEL', TRUE, '10:52:47', '11:40:22', 'SOY', 'TRAVEL AGENTS', 'PHOTOGRAPHY', FALSE),
       (72, 72, FALSE, 'STAYCATION', TRUE, '12:25:35', '07:56:37', '', 'REFERRAL PROGRAMS', 'TRAVELING', FALSE),
       (73, 73, TRUE, 'FAMILY TRIP', FALSE, '15:54:39', '12:48:26', 'MUSTARD', 'WALK-INS', 'GARDENING', TRUE),
       (74, 74, TRUE, 'TRAVEL', FALSE, '12:08:03', '13:36:34', '', 'TOUR OPERATORS', 'GOLF', FALSE),
       (75, 75, FALSE, 'TRAVEL', TRUE, '15:03:04', '10:55:17', '', 'TRAVEL AGENTS', 'MUSIC', TRUE),
       (76, 76, FALSE, 'TRAVEL', FALSE, '14:39:03', '07:48:34', '', 'HOTEL OFFICIAL WEBSITE', 'COOKING', FALSE),
       (77, 77, TRUE, 'STAYCATION', FALSE, '11:48:14', '07:56:39', 'EGG', 'CORPORATE CONTRACTS', 'READING', TRUE),
       (78, 78, TRUE, 'BUSINESS', FALSE, '16:08:56', '10:26:46', '', 'LOYALTY PROGRAMS', 'GOLF', FALSE),
       (79, 79, TRUE, 'TRAVEL', TRUE, '13:56:43', '08:22:43', '', 'REFERRAL PROGRAMS', 'GOLF', FALSE),
       (80, 80, FALSE, 'TRAVEL', FALSE, '14:35:40', '15:11:34', '', 'WALK-INS', 'PHOTOGRAPHY', TRUE),
       (81, 81, FALSE, 'FAMILY TRIP', FALSE, '12:10:39', '10:34:05', 'PEANUT', 'REFERRAL PROGRAMS', 'GOLF', TRUE),
       (82, 82, FALSE, 'BUSINESS', FALSE, '16:30:45', '15:00:18', 'MILK', 'TOUR OPERATORS', 'GOLF', FALSE),
       (83, 83, TRUE, 'TRAVEL', FALSE, '14:10:28', '10:45:46', '', 'TRAVEL AGENTS', 'PHOTOGRAPHY', FALSE),
       (84, 84, FALSE, 'BUSINESS', FALSE, '16:55:20', '13:04:22', '', 'ONLINE TRAVEL AGENCIES', 'FITNESS', FALSE),
       (85, 85, TRUE, 'FAMILY TRIP', FALSE, '14:31:41', '08:23:23', '', 'TRAVEL AGENTS', 'MUSIC', TRUE),
       (86, 86, FALSE, 'FAMILY TRIP', FALSE, '15:57:19', '10:19:36', '', 'LOYALTY PROGRAMS', 'GOLF', FALSE),
       (87, 87, FALSE, 'FAMILY TRIP', TRUE, '15:18:51', '07:05:27', '', 'GROUP BOOKINGS', 'TRAVELING', TRUE),
       (88, 88, FALSE, 'BUSINESS', FALSE, '12:05:52', '13:28:54', '', 'LOYALTY PROGRAMS', 'GARDENING', TRUE),
       (89, 89, FALSE, 'STAYCATION', FALSE, '13:21:53', '09:19:34', 'SHELLFISH', 'WALK-INS', 'PHOTOGRAPHY', TRUE),
       (90, 90, TRUE, 'TRAVEL', FALSE, '10:45:26', '09:57:25', 'EGG', 'CORPORATE CONTRACTS', 'MUSIC', FALSE),
       (91, 91, FALSE, 'STAYCATION', FALSE, '16:37:37', '09:18:41', 'SHELLFISH', 'LOYALTY PROGRAMS', 'READING',
        TRUE),
       (92, 92, TRUE, 'FAMILY TRIP', TRUE, '13:40:55', '15:50:42', 'FISH', 'REFERRAL PROGRAMS', 'PHOTOGRAPHY',
        TRUE),
       (93, 93, FALSE, 'FAMILY TRIP', TRUE, '12:55:55', '15:54:10', '', 'REFERRAL PROGRAMS', 'READING', TRUE),
       (94, 94, FALSE, 'FAMILY TRIP', FALSE, '16:45:41', '10:05:59', 'SHELLFISH', 'TRAVEL AGENTS', 'PHOTOGRAPHY',
        TRUE),
       (95, 95, FALSE, 'FAMILY TRIP', FALSE, '16:58:38', '07:58:52', '', 'TRAVEL AGENTS', 'COOKING', TRUE),
       (96, 96, FALSE, 'TRAVEL', FALSE, '13:55:38', '11:50:30', '', 'WALK-INS', 'PHOTOGRAPHY', TRUE),
       (97, 97, TRUE, 'FAMILY TRIP', FALSE, '13:08:12', '11:55:33', '', 'GROUP BOOKINGS', 'GOLF', TRUE),
       (98, 98, FALSE, 'TRAVEL', TRUE, '14:12:35', '09:00:21', 'WHEAT', 'WALK-INS', 'FITNESS', FALSE),
       (99, 99, FALSE, 'BUSINESS', TRUE, '12:35:03', '07:32:58', 'PEANUT', 'LOYALTY PROGRAMS', 'GOLF', FALSE),
       (100, 100, TRUE, 'STAYCATION', TRUE, '11:47:25', '10:08:15', 'MUSTARD', 'WALK-INS', 'TRAVELING', FALSE),
       (101, 101, FALSE, 'FAMILY TRIP', TRUE, '15:47:58', '15:02:32', 'SOY', 'TOUR OPERATORS', 'HIKING', FALSE),
       (102, 102, TRUE, 'FAMILY TRIP', FALSE, '12:38:28', '13:13:30', '', 'GROUP BOOKINGS', 'GOLF', FALSE),
       (103, 103, FALSE, 'BUSINESS', TRUE, '13:56:31', '08:09:21', 'MILK', 'TRAVEL AGENTS', 'MUSIC', FALSE),
       (104, 104, TRUE, 'TRAVEL', TRUE, '10:55:07', '07:07:38', 'MILK', 'GROUP BOOKINGS', 'READING', TRUE),
       (105, 105, TRUE, 'BUSINESS', TRUE, '15:34:26', '14:51:07', '', 'LOYALTY PROGRAMS', 'TRAVELING', FALSE),
       (106, 106, TRUE, 'FAMILY TRIP', FALSE, '15:37:52', '09:52:53', 'SESAME', 'LOYALTY PROGRAMS', 'PHOTOGRAPHY',
        FALSE),
       (107, 107, FALSE, 'STAYCATION', FALSE, '14:02:52', '07:09:47', '', 'LOYALTY PROGRAMS', 'GARDENING', TRUE),
       (108, 108, TRUE, 'STAYCATION', TRUE, '16:05:10', '14:23:04', 'SOY', 'TRAVEL AGENTS', 'COOKING', TRUE),
       (109, 109, TRUE, 'FAMILY TRIP', FALSE, '11:13:35', '13:39:25', '', 'TOUR OPERATORS', 'HIKING', FALSE),
       (110, 110, FALSE, 'STAYCATION', TRUE, '11:58:31', '09:59:37', 'MUSTARD', 'HOTEL OFFICIAL WEBSITE',
        'PHOTOGRAPHY',
        FALSE),
       (111, 111, FALSE, 'FAMILY TRIP', TRUE, '11:12:28', '14:43:10', '', 'REFERRAL PROGRAMS', 'MUSIC', FALSE),
       (112, 112, TRUE, 'FAMILY TRIP', TRUE, '13:11:49', '07:16:42', '', 'REFERRAL PROGRAMS', 'GARDENING', FALSE),
       (113, 113, FALSE, 'FAMILY TRIP', TRUE, '10:08:11', '07:08:31', 'MUSTARD', 'TRAVEL AGENTS', 'COOKING',
        TRUE),
       (114, 114, FALSE, 'TRAVEL', TRUE, '10:10:32', '12:28:49', 'TREE NUT', 'TRAVEL AGENTS', 'MUSIC', FALSE),
       (115, 115, FALSE, 'TRAVEL', TRUE, '11:17:29', '13:36:09', '', 'CORPORATE CONTRACTS', 'READING', FALSE),
       (116, 116, FALSE, 'TRAVEL', TRUE, '16:05:38', '11:46:26', 'SESAME', 'GROUP BOOKINGS', 'GARDENING', TRUE),
       (117, 117, TRUE, 'FAMILY TRIP', TRUE, '12:13:48', '13:43:57', '', 'CORPORATE CONTRACTS', 'GARDENING',
        FALSE),
       (118, 118, TRUE, 'STAYCATION', FALSE, '13:34:35', '11:15:15', '', 'HOTEL OFFICIAL WEBSITE', 'GARDENING',
        TRUE),
       (119, 119, FALSE, 'BUSINESS', TRUE, '13:19:41', '15:29:44', '', 'CORPORATE CONTRACTS', 'GARDENING', FALSE),
       (120, 120, FALSE, 'STAYCATION', TRUE, '16:10:11', '09:57:39', 'WHEAT', 'REFERRAL PROGRAMS', 'GOLF', TRUE),
       (121, 121, TRUE, 'STAYCATION', FALSE, '14:31:55', '14:10:02', '', 'HOTEL OFFICIAL WEBSITE', 'TRAVELING',
        TRUE),
       (122, 122, TRUE, 'BUSINESS', TRUE, '11:12:16', '09:24:59', '', 'WALK-INS', 'READING', FALSE),
       (123, 123, FALSE, 'FAMILY TRIP', FALSE, '13:07:11', '14:21:47', '', 'CORPORATE CONTRACTS', 'PHOTOGRAPHY',
        FALSE),
       (124, 124, TRUE, 'FAMILY TRIP', TRUE, '14:30:37', '12:55:10', 'TREE NUT', 'ONLINE TRAVEL AGENCIES', 'HIKING',
        TRUE),
       (125, 125, FALSE, 'STAYCATION', FALSE, '12:03:42', '14:42:13', '', 'GROUP BOOKINGS', 'FITNESS', TRUE),
       (126, 126, TRUE, 'TRAVEL', TRUE, '15:52:27', '08:45:22', '', 'LOYALTY PROGRAMS', 'FITNESS', FALSE),
       (127, 127, FALSE, 'BUSINESS', TRUE, '16:25:33', '13:40:41', '', 'GROUP BOOKINGS', 'GARDENING', FALSE),
       (128, 128, FALSE, 'FAMILY TRIP', FALSE, '10:17:04', '09:55:07', '', 'CORPORATE CONTRACTS', 'FITNESS',
        TRUE),
       (129, 129, FALSE, 'TRAVEL', FALSE, '15:29:50', '15:25:46', 'MUSTARD', 'TOUR OPERATORS', 'READING', FALSE),
       (130, 130, TRUE, 'FAMILY TRIP', FALSE, '10:23:18', '15:14:31', '', 'LOYALTY PROGRAMS', 'FITNESS', FALSE),
       (131, 131, FALSE, 'TRAVEL', FALSE, '14:09:03', '11:51:42', 'WHEAT', 'CORPORATE CONTRACTS', 'PHOTOGRAPHY',
        FALSE),
       (132, 132, FALSE, 'TRAVEL', TRUE, '10:48:41', '08:10:21', '', 'TRAVEL AGENTS', 'MUSIC', FALSE),
       (133, 133, TRUE, 'FAMILY TRIP', FALSE, '12:34:56', '14:41:53', 'MUSTARD', 'GROUP BOOKINGS', 'HIKING',
        FALSE),
       (134, 134, TRUE, 'FAMILY TRIP', TRUE, '11:02:03', '08:34:30', 'FISH', 'LOYALTY PROGRAMS', 'FITNESS',
        FALSE),
       (135, 135, TRUE, 'BUSINESS', FALSE, '11:18:37', '15:07:11', 'SHELLFISH', 'HOTEL OFFICIAL WEBSITE',
        'PHOTOGRAPHY', FALSE),
       (136, 136, TRUE, 'BUSINESS', TRUE, '13:23:21', '13:50:23', '', 'WALK-INS', 'PHOTOGRAPHY', TRUE),
       (137, 137, FALSE, 'BUSINESS', FALSE, '11:21:15', '11:09:57', 'TREE NUT', 'TOUR OPERATORS', 'HIKING', TRUE),
       (138, 138, TRUE, 'FAMILY TRIP', FALSE, '12:32:52', '08:05:56', 'SOY', 'CORPORATE CONTRACTS', 'GOLF', TRUE),
       (139, 139, TRUE, 'BUSINESS', FALSE, '10:42:32', '10:18:15', '', 'HOTEL OFFICIAL WEBSITE', 'FITNESS',
        FALSE),
       (140, 140, FALSE, 'STAYCATION', FALSE, '10:51:48', '11:38:16', '', 'LOYALTY PROGRAMS', 'GARDENING', TRUE),
       (141, 141, FALSE, 'TRAVEL', FALSE, '12:22:51', '09:28:04', '', 'GROUP BOOKINGS', 'HIKING', TRUE),
       (142, 142, TRUE, 'BUSINESS', TRUE, '12:06:18', '08:58:21', '', 'WALK-INS', 'GOLF', TRUE),
       (143, 143, TRUE, 'STAYCATION', FALSE, '13:02:52', '14:37:40', '', 'TRAVEL AGENTS', 'PHOTOGRAPHY', FALSE),
       (144, 144, TRUE, 'STAYCATION', FALSE, '11:54:18', '08:44:15', 'MILK', 'WALK-INS', 'FITNESS', TRUE),
       (145, 145, FALSE, 'BUSINESS', TRUE, '13:52:18', '10:14:03', '', 'TOUR OPERATORS', 'TRAVELING', TRUE),
       (146, 146, TRUE, 'STAYCATION', TRUE, '14:32:32', '13:34:40', 'WHEAT', 'CORPORATE CONTRACTS', 'TRAVELING',
        TRUE),
       (147, 147, FALSE, 'TRAVEL', TRUE, '13:27:29', '14:50:37', '', 'WALK-INS', 'GOLF', TRUE),
       (148, 148, FALSE, 'TRAVEL', TRUE, '13:13:28', '11:20:23', 'SHELLFISH', 'TOUR OPERATORS', 'FITNESS', FALSE),
       (149, 149, FALSE, 'FAMILY TRIP', FALSE, '15:28:46', '09:31:21', 'TREE NUT', 'WALK-INS', 'TRAVELING', TRUE),
       (150, 150, TRUE, 'FAMILY TRIP', TRUE, '10:40:15', '10:53:16', 'TREE NUT', 'ONLINE TRAVEL AGENCIES', 'MUSIC',
        FALSE),
       (151, 151, FALSE, 'FAMILY TRIP', TRUE, '10:10:00', '07:08:25', '', 'REFERRAL PROGRAMS', 'READING', FALSE),
       (152, 152, TRUE, 'TRAVEL', FALSE, '10:01:54', '11:50:09', '', 'ONLINE TRAVEL AGENCIES', 'GOLF', FALSE),
       (153, 153, FALSE, 'STAYCATION', TRUE, '12:34:57', '13:50:37', '', 'WALK-INS', 'GARDENING', FALSE),
       (154, 154, FALSE, 'FAMILY TRIP', FALSE, '16:04:04', '12:36:19', 'TREE NUT', 'TOUR OPERATORS', 'HIKING',
        FALSE),
       (155, 155, TRUE, 'STAYCATION', TRUE, '14:12:04', '12:05:12', 'EGG', 'HOTEL OFFICIAL WEBSITE', 'HIKING',
        TRUE),
       (156, 156, TRUE, 'TRAVEL', TRUE, '10:16:02', '08:37:52', '', 'SOCIAL MEDIA', 'GARDENING', TRUE),
       (157, 157, FALSE, 'BUSINESS', FALSE, '11:53:55', '15:58:47', 'MUSTARD', 'TRAVEL AGENTS', 'GARDENING',
        FALSE),
       (158, 158, FALSE, 'FAMILY TRIP', TRUE, '15:19:40', '11:01:02', '', 'WALK-INS', 'MUSIC', FALSE),
       (159, 159, TRUE, 'STAYCATION', TRUE, '14:01:52', '10:48:24', '', 'SOCIAL MEDIA', 'READING', TRUE),
       (160, 160, TRUE, 'FAMILY TRIP', TRUE, '13:59:08', '07:12:00', 'EGG', 'TOUR OPERATORS', 'FITNESS', FALSE),
       (161, 161, TRUE, 'FAMILY TRIP', FALSE, '15:34:41', '08:36:14', 'TREE NUT', 'LOYALTY PROGRAMS', 'GOLF',
        FALSE),
       (162, 162, TRUE, 'TRAVEL', TRUE, '10:41:03', '10:51:25', '', 'ONLINE TRAVEL AGENCIES', 'GOLF', TRUE),
       (163, 163, FALSE, 'FAMILY TRIP', TRUE, '11:01:05', '10:21:23', 'TREE NUT', 'TRAVEL AGENTS', 'READING',
        FALSE),
       (164, 164, TRUE, 'BUSINESS', FALSE, '13:35:56', '08:56:46', '', 'HOTEL OFFICIAL WEBSITE', 'MUSIC', FALSE),
       (165, 165, FALSE, 'TRAVEL', TRUE, '10:05:32', '07:05:18', 'MUSTARD', 'HOTEL OFFICIAL WEBSITE', 'MUSIC',
        TRUE),
       (166, 166, TRUE, 'TRAVEL', TRUE, '10:14:59', '15:12:24', 'SESAME', 'GROUP BOOKINGS', 'GOLF', TRUE),
       (167, 167, TRUE, 'TRAVEL', FALSE, '14:02:36', '13:05:44', '', 'TOUR OPERATORS', 'FITNESS', FALSE),
       (168, 168, TRUE, 'STAYCATION', FALSE, '16:18:55', '08:36:10', 'TREE NUT', 'GROUP BOOKINGS', 'HIKING',
        TRUE),
       (169, 169, FALSE, 'BUSINESS', TRUE, '11:58:10', '07:35:15', '', 'WALK-INS', 'COOKING', TRUE),
       (170, 170, TRUE, 'BUSINESS', FALSE, '11:40:19', '09:39:56', 'EGG', 'SOCIAL MEDIA', 'HIKING', TRUE),
       (171, 171, TRUE, 'STAYCATION', TRUE, '16:44:33', '15:52:58', 'PEANUT', 'ONLINE TRAVEL AGENCIES', 'FITNESS',
        FALSE),
       (172, 172, FALSE, 'FAMILY TRIP', TRUE, '12:32:37', '07:00:02', '', 'GROUP BOOKINGS', 'GOLF', TRUE),
       (173, 173, TRUE, 'BUSINESS', FALSE, '10:01:40', '14:28:49', 'SOY', 'TOUR OPERATORS', 'FITNESS', FALSE),
       (174, 174, FALSE, 'STAYCATION', FALSE, '12:27:43', '09:50:06', 'TREE NUT', 'CORPORATE CONTRACTS', 'COOKING',
        TRUE),
       (175, 175, TRUE, 'STAYCATION', TRUE, '12:54:48', '11:16:21', 'SHELLFISH', 'LOYALTY PROGRAMS', 'GARDENING',
        TRUE),
       (176, 176, FALSE, 'FAMILY TRIP', FALSE, '13:07:42', '14:04:14', '', 'HOTEL OFFICIAL WEBSITE', 'COOKING',
        TRUE),
       (177, 177, TRUE, 'STAYCATION', FALSE, '13:03:00', '12:25:08', 'EGG', 'REFERRAL PROGRAMS', 'GARDENING',
        FALSE),
       (178, 178, TRUE, 'BUSINESS', FALSE, '10:51:54', '08:38:22', '', 'LOYALTY PROGRAMS', 'GOLF', FALSE),
       (179, 179, FALSE, 'FAMILY TRIP', TRUE, '15:39:02', '15:14:10', 'EGG', 'TRAVEL AGENTS', 'PHOTOGRAPHY',
        FALSE),
       (180, 180, TRUE, 'FAMILY TRIP', TRUE, '10:36:47', '07:50:02', '', 'SOCIAL MEDIA', 'MUSIC', TRUE),
       (181, 181, TRUE, 'TRAVEL', FALSE, '11:10:18', '09:13:54', 'PEANUT', 'SOCIAL MEDIA', 'READING', FALSE),
       (182, 182, FALSE, 'TRAVEL', FALSE, '11:59:14', '07:02:45', '', 'WALK-INS', 'TRAVELING', FALSE),
       (183, 183, TRUE, 'FAMILY TRIP', TRUE, '13:53:07', '13:05:39', 'SOY', 'LOYALTY PROGRAMS', 'TRAVELING',
        FALSE),
       (184, 184, FALSE, 'TRAVEL', FALSE, '11:01:11', '08:51:02', '', 'HOTEL OFFICIAL WEBSITE', 'PHOTOGRAPHY',
        TRUE),
       (185, 185, TRUE, 'TRAVEL', FALSE, '12:13:09', '13:26:35', 'WHEAT', 'GROUP BOOKINGS', 'GARDENING', FALSE),
       (186, 186, TRUE, 'FAMILY TRIP', FALSE, '10:04:11', '10:34:37', '', 'SOCIAL MEDIA', 'HIKING', FALSE),
       (187, 187, FALSE, 'TRAVEL', TRUE, '10:20:49', '13:56:00', 'TREE NUT', 'REFERRAL PROGRAMS', 'HIKING', TRUE),
       (188, 188, FALSE, 'STAYCATION', TRUE, '12:21:48', '10:54:30', '', 'ONLINE TRAVEL AGENCIES', 'PHOTOGRAPHY',
        TRUE),
       (189, 189, FALSE, 'FAMILY TRIP', TRUE, '12:33:47', '12:25:05', '', 'CORPORATE CONTRACTS', 'MUSIC', FALSE),
       (190, 190, TRUE, 'FAMILY TRIP', TRUE, '11:21:38', '12:02:06', 'TREE NUT', 'ONLINE TRAVEL AGENCIES', 'HIKING',
        FALSE),
       (191, 191, TRUE, 'FAMILY TRIP', FALSE, '16:50:01', '07:07:04', 'SESAME', 'WALK-INS', 'MUSIC', TRUE),
       (192, 192, TRUE, 'TRAVEL', FALSE, '15:44:43', '07:52:00', 'MUSTARD', 'HOTEL OFFICIAL WEBSITE', 'PHOTOGRAPHY',
        TRUE),
       (193, 193, FALSE, 'FAMILY TRIP', TRUE, '15:46:53', '10:02:14', 'SHELLFISH', 'TRAVEL AGENTS', 'PHOTOGRAPHY',
        TRUE),
       (194, 194, TRUE, 'BUSINESS', TRUE, '14:10:29', '08:10:07', 'SESAME', 'GROUP BOOKINGS', 'HIKING', TRUE),
       (195, 195, FALSE, 'STAYCATION', FALSE, '13:33:07', '07:12:41', '', 'ONLINE TRAVEL AGENCIES', 'TRAVELING',
        TRUE),
       (196, 196, FALSE, 'STAYCATION', TRUE, '13:30:42', '08:45:01', 'TREE NUT', 'TRAVEL AGENTS', 'HIKING', TRUE),
       (197, 197, TRUE, 'BUSINESS', TRUE, '14:18:35', '09:32:37', '', 'WALK-INS', 'MUSIC', FALSE),
       (198, 198, FALSE, 'BUSINESS', FALSE, '10:37:53', '08:09:10', '', 'TRAVEL AGENTS', 'TRAVELING', FALSE),
       (199, 199, TRUE, 'BUSINESS', TRUE, '10:23:59', '15:01:31', 'MILK', 'WALK-INS', 'MUSIC', TRUE),
       (200, 200, TRUE, 'FAMILY TRIP', TRUE, '10:19:08', '08:34:03', 'FISH', 'REFERRAL PROGRAMS', 'GARDENING',
        TRUE);

INSERT INTO payment (id, customer_id, type, amount_before_discount, discount_amount, payment_amount, payment_date,
                     consume_type, is_refunded, payment_spot, created_reward)
VALUES (1, 109, 'cash with reward', 1313000, 1155000, 158000, '2023-11-14 00:00:00', 'HOTEL', FALSE, 'seoul',
        4740),
       (2, 22, 'credit card', 806000, 328000, 478000, '2020-08-22 00:00:00', 'DINING', FALSE, 'busan', 14340),
       (3, 139, 'reward', 376000, 321000, 55000, '2023-10-10 00:00:00', 'HOTEL', FALSE, 'sokcho', 2750),
       (4, 160, 'credit card with reward', 1230000, 35000, 1195000, '2023-10-25 00:00:00', 'DINING', FALSE,
        'sokcho', 59750),
       (5, 144, 'credit card with reward', 808000, 769000, 39000, '2020-08-30 00:00:00', 'HOTEL', FALSE, 'seoul',
        1170),
       (6, 49, 'credit card with reward', 1699000, 1639000, 60000, '2018-11-05 00:00:00', 'DINING', FALSE,
        'sokcho', 3000),
       (7, 53, 'credit card', 436000, 185000, 251000, '2020-07-18 00:00:00', 'DINING', FALSE, 'sokcho', 7530),
       (8, 165, 'reward', 630000, 321000, 309000, '2018-08-04 00:00:00', 'HOTEL', FALSE, 'seoul', 9270),
       (9, 54, 'cash', 1516000, 576000, 940000, '2019-06-14 00:00:00', 'HOTEL', FALSE, 'busan', 37600),
       (10, 157, 'credit card with reward', 277000, 193000, 84000, '2022-06-28 00:00:00', 'HOTEL', FALSE, 'busan',
        3360),
       (11, 195, 'reward', 750000, 737000, 13000, '2024-06-13 00:00:00', 'DINING', FALSE, 'busan', 390),
       (12, 132, 'cash with reward', 1536000, 191000, 1345000, '2020-11-09 00:00:00', 'HOTEL', FALSE, 'sokcho',
        67250),
       (13, 147, 'credit card', 515000, 103000, 412000, '2022-07-17 00:00:00', 'HOTEL', FALSE, 'sokcho', 12360),
       (14, 14, 'credit card', 781000, 314000, 467000, '2023-02-22 00:00:00', 'HOTEL', FALSE, 'sokcho', 23350),
       (15, 29, 'credit card', 778000, 210000, 568000, '2024-05-12 00:00:00', 'DINING', FALSE, 'seoul', 22720),
       (16, 62, 'credit card with reward', 106000, 88000, 18000, '2019-06-29 00:00:00', 'HOTEL', FALSE, 'sokcho',
        540),
       (17, 125, 'credit card with reward', 1069000, 571000, 498000, '2021-11-09 00:00:00', 'DINING', FALSE,
        'sokcho', 19920),
       (18, 4, 'reward', 732000, 308000, 424000, '2023-01-04 00:00:00', 'DINING', FALSE, 'sokcho', 12720),
       (19, 12, 'credit card with reward', 1613000, 1349000, 264000, '2020-12-05 00:00:00', 'HOTEL', FALSE,
        'sokcho', 10560),
       (20, 28, 'credit card with reward', 1504000, 1148000, 356000, '2020-01-17 00:00:00', 'DINING', FALSE,
        'busan', 10680),
       (21, 48, 'credit card', 758000, 142000, 616000, '2025-01-03 00:00:00', 'HOTEL', FALSE, 'busan', 18480),
       (22, 129, 'credit card with reward', 479000, 232000, 247000, '2022-05-29 00:00:00', 'DINING', FALSE,
        'seoul', 7410),
       (23, 13, 'cash', 1074000, 251000, 823000, '2021-12-31 00:00:00', 'DINING', FALSE, 'sokcho', 24690),
       (24, 47, 'credit card with reward', 1245000, 1205000, 40000, '2024-01-22 00:00:00', 'HOTEL', FALSE,
        'sokcho', 1600),
       (25, 94, 'cash', 682000, 540000, 142000, '2020-01-22 00:00:00', 'DINING', FALSE, 'seoul', 5680),
       (26, 113, 'reward', 1550000, 889000, 661000, '2021-06-11 00:00:00', 'HOTEL', FALSE, 'seoul', 26440),
       (27, 190, 'reward', 1319000, 871000, 448000, '2020-06-12 00:00:00', 'DINING', FALSE, 'busan', 22400),
       (28, 79, 'cash with reward', 495000, 350000, 145000, '2024-03-05 00:00:00', 'HOTEL', FALSE, 'seoul', 7250),
       (29, 189, 'cash with reward', 1481000, 1185000, 296000, '2025-02-18 00:00:00', 'DINING', FALSE, 'seoul',
        8880),
       (30, 200, 'cash', 1622000, 955000, 667000, '2024-06-14 00:00:00', 'HOTEL', FALSE, 'sokcho', 20010),
       (31, 92, 'cash', 323000, 123000, 200000, '2021-09-12 00:00:00', 'HOTEL', FALSE, 'busan', 10000),
       (32, 168, 'reward', 1028000, 190000, 838000, '2023-03-06 00:00:00', 'HOTEL', FALSE, 'sokcho', 25140),
       (33, 200, 'cash', 1789000, 141000, 1648000, '2024-05-20 00:00:00', 'HOTEL', FALSE, 'busan', 49440),
       (34, 152, 'credit card', 236000, 205000, 31000, '2022-11-13 00:00:00', 'DINING', FALSE, 'sokcho', 930),
       (35, 67, 'credit card', 480000, 35000, 445000, '2022-01-25 00:00:00', 'DINING', FALSE, 'seoul', 22250),
       (36, 10, 'credit card with reward', 1198000, 884000, 314000, '2023-01-19 00:00:00', 'DINING', FALSE,
        'seoul', 15700),
       (37, 19, 'cash', 1233000, 203000, 1030000, '2021-01-31 00:00:00', 'DINING', FALSE, 'sokcho', 41200),
       (38, 155, 'reward', 134000, 7000, 127000, '2020-12-29 00:00:00', 'DINING', FALSE, 'seoul', 5080),
       (39, 61, 'credit card', 1197000, 750000, 447000, '2021-11-14 00:00:00', 'HOTEL', FALSE, 'seoul', 13410),
       (40, 18, 'cash with reward', 1813000, 1465000, 348000, '2019-12-26 00:00:00', 'HOTEL', FALSE, 'sokcho',
        13920),
       (41, 3, 'reward', 1282000, 249000, 1033000, '2019-02-12 00:00:00', 'HOTEL', FALSE, 'sokcho', 30990),
       (42, 163, 'credit card', 1368000, 209000, 1159000, '2025-01-21 00:00:00', 'HOTEL', FALSE, 'busan', 46360),
       (43, 103, 'credit card with reward', 1244000, 1033000, 211000, '2024-04-23 00:00:00', 'HOTEL', FALSE,
        'seoul', 6330),
       (44, 151, 'reward', 1702000, 794000, 908000, '2021-07-23 00:00:00', 'DINING', FALSE, 'seoul', 27240),
       (45, 80, 'reward', 1892000, 954000, 938000, '2019-09-16 00:00:00', 'HOTEL', FALSE, 'sokcho', 28140),
       (46, 122, 'cash', 1923000, 1872000, 51000, '2021-03-30 00:00:00', 'HOTEL', FALSE, 'sokcho', 2040),
       (47, 182, 'credit card', 1040000, 737000, 303000, '2024-10-17 00:00:00', 'DINING', FALSE, 'sokcho', 9090),
       (48, 14, 'reward', 1417000, 1112000, 305000, '2022-12-02 00:00:00', 'DINING', FALSE, 'busan', 15250),
       (49, 110, 'reward', 457000, 319000, 138000, '2019-05-01 00:00:00', 'DINING', FALSE, 'sokcho', 6900),
       (50, 69, 'cash with reward', 422000, 100000, 322000, '2019-05-23 00:00:00', 'HOTEL', FALSE, 'busan',
        12880),
       (51, 4, 'credit card with reward', 287000, 167000, 120000, '2022-03-04 00:00:00', 'DINING', FALSE, 'busan',
        3600),
       (52, 193, 'reward', 1883000, 13000, 1870000, '2024-02-02 00:00:00', 'HOTEL', FALSE, 'sokcho', 93500),
       (53, 104, 'credit card', 1267000, 71000, 1196000, '2023-07-27 00:00:00', 'HOTEL', FALSE, 'busan', 35880),
       (54, 42, 'credit card', 307000, 110000, 197000, '2023-12-24 00:00:00', 'DINING', FALSE, 'sokcho', 5910),
       (55, 128, 'cash with reward', 108000, 53000, 55000, '2019-03-02 00:00:00', 'DINING', FALSE, 'seoul', 1650),
       (56, 20, 'cash with reward', 528000, 20000, 508000, '2019-05-04 00:00:00', 'HOTEL', FALSE, 'seoul', 15240),
       (57, 47, 'credit card with reward', 687000, 372000, 315000, '2024-01-12 00:00:00', 'HOTEL', FALSE, 'seoul',
        12600),
       (58, 107, 'reward', 929000, 774000, 155000, '2022-04-27 00:00:00', 'HOTEL', FALSE, 'seoul', 4650),
       (59, 51, 'cash with reward', 1517000, 940000, 577000, '2023-03-01 00:00:00', 'DINING', FALSE, 'seoul',
        17310),
       (60, 137, 'reward', 1931000, 1025000, 906000, '2020-03-30 00:00:00', 'DINING', FALSE, 'sokcho', 36240),
       (61, 176, 'cash with reward', 1064000, 167000, 897000, '2019-07-22 00:00:00', 'HOTEL', FALSE, 'busan',
        44850),
       (62, 117, 'credit card', 1139000, 453000, 686000, '2020-03-17 00:00:00', 'DINING', FALSE, 'sokcho', 34300),
       (63, 150, 'reward', 1331000, 668000, 663000, '2022-03-18 00:00:00', 'DINING', FALSE, 'sokcho', 19890),
       (64, 119, 'reward', 897000, 5000, 892000, '2021-12-24 00:00:00', 'HOTEL', FALSE, 'seoul', 26760),
       (65, 80, 'reward', 165000, 64000, 101000, '2019-08-26 00:00:00', 'DINING', FALSE, 'busan', 3030),
       (66, 39, 'cash with reward', 1970000, 9000, 1961000, '2023-12-07 00:00:00', 'HOTEL', FALSE, 'seoul',
        78440),
       (67, 76, 'cash with reward', 448000, 15000, 433000, '2022-04-09 00:00:00', 'HOTEL', FALSE, 'sokcho',
        12990),
       (68, 163, 'cash with reward', 1281000, 607000, 674000, '2024-07-16 00:00:00', 'DINING', FALSE, 'seoul',
        26960),
       (69, 44, 'reward', 1006000, 570000, 436000, '2021-05-14 00:00:00', 'DINING', FALSE, 'busan', 21800),
       (70, 114, 'credit card with reward', 415000, 332000, 83000, '2018-07-28 00:00:00', 'HOTEL', FALSE, 'seoul',
        4150),
       (71, 19, 'credit card', 178000, 61000, 117000, '2021-07-29 00:00:00', 'DINING', FALSE, 'busan', 4680),
       (72, 112, 'credit card', 966000, 629000, 337000, '2022-05-04 00:00:00', 'DINING', FALSE, 'seoul', 10110),
       (73, 61, 'cash', 163000, 33000, 130000, '2022-02-10 00:00:00', 'DINING', FALSE, 'busan', 3900),
       (74, 86, 'credit card with reward', 1530000, 801000, 729000, '2023-07-15 00:00:00', 'HOTEL', FALSE,
        'sokcho', 21870),
       (75, 63, 'cash with reward', 1719000, 351000, 1368000, '2022-11-14 00:00:00', 'HOTEL', FALSE, 'seoul',
        41040),
       (76, 47, 'credit card with reward', 1165000, 342000, 823000, '2023-08-23 00:00:00', 'DINING', FALSE,
        'busan', 32920),
       (77, 186, 'reward', 817000, 812000, 5000, '2023-12-10 00:00:00', 'HOTEL', FALSE, 'seoul', 150),
       (78, 139, 'reward', 1082000, 77000, 1005000, '2023-11-20 00:00:00', 'HOTEL', FALSE, 'sokcho', 50250),
       (79, 82, 'credit card with reward', 1585000, 8000, 1577000, '2019-06-23 00:00:00', 'HOTEL', FALSE,
        'sokcho', 78850),
       (80, 20, 'credit card with reward', 1637000, 959000, 678000, '2019-08-28 00:00:00', 'HOTEL', FALSE,
        'seoul', 20340),
       (81, 176, 'reward', 380000, 363000, 17000, '2019-01-15 00:00:00', 'DINING', FALSE, 'busan', 850),
       (82, 3, 'cash', 1223000, 123000, 1100000, '2019-07-14 00:00:00', 'DINING', FALSE, 'seoul', 33000),
       (83, 120, 'credit card', 1468000, 400000, 1068000, '2024-03-10 00:00:00', 'DINING', FALSE, 'sokcho',
        53400),
       (84, 123, 'reward', 528000, 465000, 63000, '2018-10-03 00:00:00', 'HOTEL', FALSE, 'busan', 3150),
       (85, 89, 'reward', 1712000, 151000, 1561000, '2021-02-13 00:00:00', 'HOTEL', FALSE, 'seoul', 62440),
       (86, 58, 'cash', 1069000, 25000, 1044000, '2021-08-26 00:00:00', 'DINING', FALSE, 'sokcho', 52200),
       (87, 104, 'credit card with reward', 1392000, 61000, 1331000, '2022-11-03 00:00:00', 'HOTEL', FALSE,
        'seoul', 39930),
       (88, 156, 'credit card', 1193000, 232000, 961000, '2022-01-10 00:00:00', 'DINING', FALSE, 'sokcho', 28830),
       (89, 118, 'cash', 1120000, 646000, 474000, '2019-04-05 00:00:00', 'DINING', FALSE, 'busan', 23700),
       (90, 195, 'credit card', 1094000, 353000, 741000, '2024-12-28 00:00:00', 'HOTEL', FALSE, 'seoul', 22230),
       (91, 193, 'cash', 385000, 57000, 328000, '2024-03-11 00:00:00', 'DINING', FALSE, 'seoul', 16400),
       (92, 5, 'credit card', 1370000, 1310000, 60000, '2018-09-14 00:00:00', 'DINING', FALSE, 'sokcho', 1800),
       (93, 98, 'credit card', 1084000, 525000, 559000, '2023-04-11 00:00:00', 'HOTEL', FALSE, 'sokcho', 27950),
       (94, 77, 'credit card', 1301000, 873000, 428000, '2021-08-14 00:00:00', 'DINING', FALSE, 'busan', 12840),
       (95, 180, 'cash', 1993000, 1388000, 605000, '2019-01-23 00:00:00', 'DINING', FALSE, 'sokcho', 30250),
       (96, 90, 'credit card', 1083000, 766000, 317000, '2023-10-28 00:00:00', 'DINING', FALSE, 'sokcho', 9510),
       (97, 57, 'credit card', 522000, 366000, 156000, '2023-01-27 00:00:00', 'DINING', FALSE, 'seoul', 4680),
       (98, 25, 'cash with reward', 1574000, 33000, 1541000, '2022-11-11 00:00:00', 'HOTEL', FALSE, 'seoul',
        77050),
       (99, 46, 'reward', 1820000, 489000, 1331000, '2018-05-14 00:00:00', 'DINING', FALSE, 'seoul', 39930),
       (100, 38, 'credit card with reward', 1354000, 1013000, 341000, '2019-05-21 00:00:00', 'HOTEL', FALSE,
        'busan', 17050),
       (101, 137, 'cash with reward', 158000, 128000, 30000, '2019-09-04 00:00:00', 'HOTEL', FALSE, 'sokcho',
        1200),
       (102, 141, 'credit card with reward', 1781000, 118000, 1663000, '2022-11-28 00:00:00', 'HOTEL', FALSE,
        'sokcho', 49890),
       (103, 172, 'credit card', 1926000, 633000, 1293000, '2021-10-15 00:00:00', 'DINING', FALSE, 'seoul',
        51720),
       (104, 145, 'credit card with reward', 865000, 332000, 533000, '2021-08-21 00:00:00', 'DINING', FALSE,
        'busan', 26650),
       (105, 190, 'credit card', 289000, 33000, 256000, '2020-09-13 00:00:00', 'DINING', FALSE, 'seoul', 12800),
       (106, 91, 'credit card', 1065000, 407000, 658000, '2021-03-09 00:00:00', 'DINING', FALSE, 'seoul', 19740),
       (107, 162, 'credit card with reward', 506000, 342000, 164000, '2023-02-14 00:00:00', 'HOTEL', FALSE,
        'busan', 4920),
       (108, 101, 'cash with reward', 162000, 131000, 31000, '2023-02-08 00:00:00', 'HOTEL', FALSE, 'seoul', 930),
       (109, 81, 'reward', 1142000, 964000, 178000, '2023-05-30 00:00:00', 'DINING', FALSE, 'sokcho', 7120),
       (110, 88, 'cash', 371000, 162000, 209000, '2022-03-06 00:00:00', 'DINING', FALSE, 'busan', 8360),
       (111, 15, 'cash', 1029000, 451000, 578000, '2021-02-22 00:00:00', 'HOTEL', FALSE, 'busan', 17340),
       (112, 19, 'cash', 596000, 132000, 464000, '2021-07-22 00:00:00', 'HOTEL', FALSE, 'seoul', 18560),
       (113, 82, 'credit card with reward', 1106000, 1029000, 77000, '2018-11-27 00:00:00', 'DINING', FALSE,
        'sokcho', 3850),
       (114, 92, 'credit card', 1654000, 1602000, 52000, '2022-07-21 00:00:00', 'DINING', FALSE, 'busan', 2600),
       (115, 106, 'credit card with reward', 106000, 72000, 34000, '2021-03-26 00:00:00', 'HOTEL', FALSE, 'busan',
        1020),
       (116, 131, 'reward', 1728000, 921000, 807000, '2019-12-04 00:00:00', 'HOTEL', FALSE, 'seoul', 40350),
       (117, 188, 'cash', 1356000, 776000, 580000, '2022-10-03 00:00:00', 'DINING', FALSE, 'seoul', 17400),
       (118, 103, 'credit card', 179000, 107000, 72000, '2023-10-11 00:00:00', 'HOTEL', FALSE, 'busan', 2160),
       (119, 149, 'credit card', 1835000, 200000, 1635000, '2023-11-22 00:00:00', 'HOTEL', FALSE, 'busan', 49050),
       (120, 169, 'reward', 572000, 10000, 562000, '2018-10-25 00:00:00', 'DINING', FALSE, 'sokcho', 28100),
       (121, 157, 'cash', 1181000, 224000, 957000, '2022-05-02 00:00:00', 'DINING', FALSE, 'sokcho', 38280),
       (122, 84, 'credit card with reward', 374000, 32000, 342000, '2020-09-17 00:00:00', 'DINING', FALSE,
        'busan', 10260),
       (123, 164, 'credit card', 621000, 621000, 0, '2023-10-05 00:00:00', 'HOTEL', FALSE, 'sokcho', 0),
       (124, 178, 'cash with reward', 1505000, 1489000, 16000, '2022-02-16 00:00:00', 'HOTEL', FALSE, 'sokcho',
        480),
       (125, 104, 'credit card with reward', 1390000, 644000, 746000, '2022-12-29 00:00:00', 'DINING', FALSE,
        'seoul', 22380),
       (126, 16, 'cash with reward', 714000, 650000, 64000, '2023-06-10 00:00:00', 'HOTEL', FALSE, 'busan', 1920),
       (127, 18, 'reward', 590000, 504000, 86000, '2019-03-03 00:00:00', 'DINING', FALSE, 'sokcho', 3440),
       (128, 139, 'cash with reward', 1399000, 128000, 1271000, '2023-07-20 00:00:00', 'DINING', FALSE, 'seoul',
        63550),
       (129, 200, 'cash with reward', 729000, 137000, 592000, '2024-02-26 00:00:00', 'HOTEL', FALSE, 'busan',
        17760),
       (130, 173, 'credit card', 1007000, 613000, 394000, '2018-10-17 00:00:00', 'HOTEL', FALSE, 'sokcho', 11820),
       (131, 38, 'cash', 1082000, 981000, 101000, '2019-02-01 00:00:00', 'HOTEL', FALSE, 'sokcho', 5050),
       (132, 68, 'reward', 1659000, 739000, 920000, '2023-08-10 00:00:00', 'DINING', FALSE, 'busan', 27600),
       (133, 61, 'reward', 795000, 6000, 789000, '2022-06-23 00:00:00', 'HOTEL', FALSE, 'busan', 23670),
       (134, 28, 'credit card', 1918000, 1279000, 639000, '2019-10-07 00:00:00', 'DINING', FALSE, 'busan', 19170),
       (135, 152, 'reward', 1096000, 165000, 931000, '2023-05-18 00:00:00', 'DINING', FALSE, 'sokcho', 27930),
       (136, 75, 'credit card', 307000, 117000, 190000, '2021-10-11 00:00:00', 'HOTEL', FALSE, 'busan', 5700),
       (137, 42, 'cash with reward', 1768000, 47000, 1721000, '2024-03-26 00:00:00', 'HOTEL', FALSE, 'busan',
        51630),
       (138, 133, 'credit card', 122000, 40000, 82000, '2019-08-08 00:00:00', 'HOTEL', FALSE, 'sokcho', 2460),
       (139, 108, 'credit card', 962000, 34000, 928000, '2021-07-11 00:00:00', 'DINING', FALSE, 'busan', 27840),
       (140, 92, 'cash with reward', 1070000, 163000, 907000, '2022-07-26 00:00:00', 'DINING', FALSE, 'busan',
        45350),
       (141, 121, 'cash', 935000, 259000, 676000, '2023-07-02 00:00:00', 'DINING', FALSE, 'busan', 20280),
       (142, 63, 'cash', 130000, 98000, 32000, '2023-06-17 00:00:00', 'DINING', FALSE, 'busan', 960),
       (143, 9, 'cash', 693000, 624000, 69000, '2022-06-22 00:00:00', 'DINING', FALSE, 'sokcho', 2760),
       (144, 192, 'credit card', 430000, 175000, 255000, '2024-12-06 00:00:00', 'HOTEL', FALSE, 'sokcho', 10200),
       (145, 22, 'cash with reward', 1458000, 111000, 1347000, '2020-09-08 00:00:00', 'DINING', FALSE, 'busan',
        40410),
       (146, 159, 'credit card', 926000, 515000, 411000, '2024-03-01 00:00:00', 'DINING', FALSE, 'busan', 12330),
       (147, 127, 'cash with reward', 1956000, 552000, 1404000, '2019-02-28 00:00:00', 'HOTEL', FALSE, 'seoul',
        56160),
       (148, 64, 'cash', 645000, 544000, 101000, '2021-09-03 00:00:00', 'HOTEL', FALSE, 'sokcho', 3030),
       (149, 180, 'reward', 1449000, 754000, 695000, '2019-06-25 00:00:00', 'HOTEL', FALSE, 'busan', 34750),
       (150, 184, 'cash with reward', 1435000, 1348000, 87000, '2025-01-25 00:00:00', 'DINING', FALSE, 'busan',
        2610),
       (151, 55, 'credit card with reward', 1140000, 1104000, 36000, '2019-05-10 00:00:00', 'DINING', FALSE,
        'sokcho', 1440),
       (152, 56, 'credit card with reward', 1130000, 996000, 134000, '2022-08-17 00:00:00', 'HOTEL', FALSE,
        'sokcho', 4020),
       (153, 147, 'credit card', 1243000, 856000, 387000, '2021-11-25 00:00:00', 'DINING', FALSE, 'sokcho',
        11610),
       (154, 122, 'reward', 1891000, 1197000, 694000, '2021-04-30 00:00:00', 'HOTEL', FALSE, 'busan', 27760),
       (155, 91, 'credit card with reward', 551000, 296000, 255000, '2021-08-30 00:00:00', 'DINING', FALSE,
        'busan', 7650),
       (156, 68, 'cash with reward', 1246000, 1037000, 209000, '2023-04-29 00:00:00', 'HOTEL', FALSE, 'busan',
        6270),
       (157, 193, 'credit card', 676000, 539000, 137000, '2023-05-29 00:00:00', 'DINING', FALSE, 'sokcho', 6850),
       (158, 115, 'reward', 1269000, 924000, 345000, '2023-10-26 00:00:00', 'HOTEL', FALSE, 'sokcho', 10350),
       (159, 21, 'cash', 279000, 142000, 137000, '2022-08-28 00:00:00', 'DINING', FALSE, 'busan', 6850),
       (160, 100, 'credit card with reward', 1731000, 1226000, 505000, '2023-01-05 00:00:00', 'DINING', FALSE,
        'sokcho', 15150),
       (161, 137, 'credit card with reward', 1149000, 1090000, 59000, '2019-12-29 00:00:00', 'HOTEL', FALSE,
        'sokcho', 2360),
       (162, 172, 'cash with reward', 1023000, 70000, 953000, '2021-04-20 00:00:00', 'HOTEL', FALSE, 'busan',
        38120),
       (163, 98, 'reward', 1969000, 1417000, 552000, '2023-06-07 00:00:00', 'HOTEL', FALSE, 'busan', 27600),
       (164, 124, 'credit card with reward', 1989000, 1164000, 825000, '2019-06-07 00:00:00', 'HOTEL', FALSE,
        'busan', 33000),
       (165, 138, 'reward', 427000, 354000, 73000, '2022-05-25 00:00:00', 'DINING', FALSE, 'seoul', 2190),
       (166, 83, 'cash', 1724000, 3000, 1721000, '2020-08-22 00:00:00', 'HOTEL', FALSE, 'sokcho', 51630),
       (167, 182, 'credit card with reward', 1772000, 1239000, 533000, '2025-02-01 00:00:00', 'HOTEL', FALSE,
        'seoul', 15990),
       (168, 61, 'cash with reward', 1769000, 1729000, 40000, '2021-10-29 00:00:00', 'DINING', FALSE, 'sokcho',
        1200),
       (169, 195, 'cash', 801000, 333000, 468000, '2024-05-19 00:00:00', 'DINING', FALSE, 'seoul', 14040),
       (170, 66, 'cash with reward', 960000, 428000, 532000, '2018-05-12 00:00:00', 'DINING', FALSE, 'sokcho',
        21280),
       (171, 43, 'credit card', 280000, 141000, 139000, '2022-04-09 00:00:00', 'HOTEL', FALSE, 'seoul', 4170),
       (172, 38, 'reward', 693000, 231000, 462000, '2019-02-07 00:00:00', 'HOTEL', FALSE, 'busan', 23100),
       (173, 58, 'reward', 926000, 384000, 542000, '2021-03-10 00:00:00', 'DINING', FALSE, 'seoul', 27100),
       (174, 16, 'credit card with reward', 525000, 26000, 499000, '2023-10-21 00:00:00', 'HOTEL', FALSE, 'seoul',
        14970),
       (175, 104, 'cash', 1753000, 592000, 1161000, '2023-03-12 00:00:00', 'HOTEL', FALSE, 'sokcho', 34830),
       (176, 171, 'cash with reward', 706000, 16000, 690000, '2024-03-26 00:00:00', 'HOTEL', FALSE, 'seoul',
        34500),
       (177, 56, 'cash with reward', 1655000, 390000, 1265000, '2022-12-10 00:00:00', 'HOTEL', FALSE, 'busan',
        37950),
       (178, 8, 'cash with reward', 1019000, 994000, 25000, '2023-02-15 00:00:00', 'HOTEL', FALSE, 'seoul', 1000),
       (179, 29, 'credit card', 1114000, 1007000, 107000, '2024-05-09 00:00:00', 'HOTEL', FALSE, 'seoul', 4280),
       (180, 10, 'credit card', 388000, 204000, 184000, '2023-02-08 00:00:00', 'HOTEL', FALSE, 'sokcho', 9200),
       (181, 119, 'cash', 1835000, 14000, 1821000, '2021-10-28 00:00:00', 'DINING', FALSE, 'seoul', 54630),
       (182, 9, 'cash', 674000, 133000, 541000, '2021-12-28 00:00:00', 'DINING', FALSE, 'sokcho', 21640),
       (183, 135, 'credit card', 1921000, 267000, 1654000, '2020-01-08 00:00:00', 'DINING', FALSE, 'busan',
        49620),
       (184, 156, 'cash with reward', 1874000, 427000, 1447000, '2022-03-04 00:00:00', 'HOTEL', FALSE, 'busan',
        43410),
       (185, 102, 'cash', 115000, 109000, 6000, '2024-05-10 00:00:00', 'DINING', FALSE, 'seoul', 180),
       (186, 145, 'cash with reward', 1485000, 793000, 692000, '2021-10-13 00:00:00', 'HOTEL', FALSE, 'seoul',
        34600),
       (187, 142, 'credit card with reward', 1699000, 937000, 762000, '2022-06-17 00:00:00', 'HOTEL', FALSE,
        'seoul', 38100),
       (188, 39, 'credit card', 836000, 759000, 77000, '2024-01-26 00:00:00', 'HOTEL', FALSE, 'busan', 3080),
       (189, 179, 'credit card', 441000, 57000, 384000, '2020-07-20 00:00:00', 'HOTEL', FALSE, 'busan', 19200),
       (190, 89, 'credit card with reward', 659000, 15000, 644000, '2021-04-10 00:00:00', 'DINING', FALSE,
        'sokcho', 25760),
       (191, 11, 'credit card with reward', 1350000, 1257000, 93000, '2020-08-27 00:00:00', 'HOTEL', FALSE,
        'busan', 3720),
       (192, 160, 'cash with reward', 278000, 240000, 38000, '2024-05-22 00:00:00', 'DINING', FALSE, 'busan',
        1900),
       (193, 72, 'cash with reward', 1241000, 510000, 731000, '2020-12-10 00:00:00', 'DINING', FALSE, 'busan',
        21930),
       (194, 5, 'credit card', 118000, 67000, 51000, '2018-09-10 00:00:00', 'HOTEL', FALSE, 'seoul', 1530),
       (195, 116, 'reward', 895000, 655000, 240000, '2023-07-17 00:00:00', 'HOTEL', FALSE, 'sokcho', 7200),
       (196, 14, 'credit card with reward', 195000, 78000, 117000, '2022-12-29 00:00:00', 'DINING', FALSE,
        'seoul', 5850),
       (197, 38, 'cash with reward', 1187000, 102000, 1085000, '2019-08-07 00:00:00', 'DINING', FALSE, 'busan',
        54250),
       (198, 25, 'credit card', 1144000, 236000, 908000, '2023-04-07 00:00:00', 'DINING', FALSE, 'sokcho', 45400),
       (199, 157, 'reward', 1265000, 1030000, 235000, '2022-06-10 00:00:00', 'DINING', FALSE, 'seoul', 9400),
       (200, 94, 'credit card with reward', 1253000, 469000, 784000, '2020-05-06 00:00:00', 'HOTEL', FALSE,
        'busan', 31360),
       (201, 36, 'cash with reward', 1809000, 734000, 1075000, '2024-05-25 00:00:00', 'HOTEL', FALSE, 'sokcho',
        32250),
       (202, 92, 'cash', 119000, 106000, 13000, '2021-09-23 00:00:00', 'DINING', FALSE, 'busan', 650),
       (203, 63, 'reward', 290000, 242000, 48000, '2022-08-12 00:00:00', 'DINING', FALSE, 'seoul', 1440),
       (204, 71, 'cash with reward', 1316000, 382000, 934000, '2019-10-04 00:00:00', 'DINING', FALSE, 'busan',
        28020),
       (205, 93, 'credit card', 504000, 160000, 344000, '2018-08-07 00:00:00', 'HOTEL', FALSE, 'seoul', 10320),
       (206, 169, 'reward', 705000, 617000, 88000, '2018-06-15 00:00:00', 'HOTEL', FALSE, 'busan', 4400),
       (207, 173, 'cash with reward', 1318000, 1265000, 53000, '2019-02-08 00:00:00', 'HOTEL', FALSE, 'busan',
        1590),
       (208, 148, 'cash', 1511000, 198000, 1313000, '2019-04-24 00:00:00', 'DINING', FALSE, 'seoul', 39390),
       (209, 168, 'cash', 894000, 532000, 362000, '2023-04-25 00:00:00', 'DINING', FALSE, 'seoul', 10860),
       (210, 83, 'cash with reward', 1017000, 420000, 597000, '2020-07-03 00:00:00', 'DINING', FALSE, 'seoul',
        17910),
       (211, 195, 'credit card', 1852000, 166000, 1686000, '2024-08-24 00:00:00', 'HOTEL', FALSE, 'busan', 50580),
       (212, 183, 'credit card with reward', 1262000, 763000, 499000, '2018-12-16 00:00:00', 'HOTEL', FALSE,
        'seoul', 14970),
       (213, 85, 'cash', 236000, 189000, 47000, '2019-04-03 00:00:00', 'DINING', FALSE, 'busan', 2350),
       (214, 44, 'cash with reward', 1109000, 860000, 249000, '2020-09-21 00:00:00', 'HOTEL', FALSE, 'sokcho',
        12450),
       (215, 144, 'reward', 1032000, 66000, 966000, '2020-10-13 00:00:00', 'HOTEL', FALSE, 'sokcho', 28980),
       (216, 16, 'reward', 1947000, 1207000, 740000, '2023-08-07 00:00:00', 'HOTEL', FALSE, 'sokcho', 22200),
       (217, 7, 'cash', 1409000, 584000, 825000, '2022-06-10 00:00:00', 'HOTEL', FALSE, 'seoul', 33000),
       (218, 105, 'credit card', 1263000, 408000, 855000, '2019-07-03 00:00:00', 'DINING', FALSE, 'seoul', 25650),
       (219, 99, 'credit card', 1978000, 62000, 1916000, '2023-04-26 00:00:00', 'HOTEL', FALSE, 'sokcho', 57480),
       (220, 55, 'reward', 1355000, 45000, 1310000, '2019-06-13 00:00:00', 'DINING', FALSE, 'sokcho', 52400),
       (221, 73, 'cash', 793000, 742000, 51000, '2020-08-17 00:00:00', 'DINING', FALSE, 'sokcho', 2040),
       (222, 34, 'credit card with reward', 1829000, 266000, 1563000, '2022-04-13 00:00:00', 'HOTEL', FALSE,
        'sokcho', 62520),
       (223, 145, 'cash with reward', 1721000, 1324000, 397000, '2021-12-09 00:00:00', 'HOTEL', FALSE, 'sokcho',
        19850),
       (224, 101, 'cash with reward', 1229000, 254000, 975000, '2023-01-26 00:00:00', 'DINING', FALSE, 'busan',
        29250),
       (225, 1, 'reward', 820000, 248000, 572000, '2022-02-20 00:00:00', 'DINING', FALSE, 'busan', 17160),
       (226, 32, 'cash with reward', 1422000, 305000, 1117000, '2021-07-23 00:00:00', 'HOTEL', FALSE, 'seoul',
        55850),
       (227, 183, 'reward', 1248000, 868000, 380000, '2018-07-18 00:00:00', 'HOTEL', FALSE, 'sokcho', 11400),
       (228, 82, 'credit card', 1622000, 713000, 909000, '2018-08-13 00:00:00', 'DINING', FALSE, 'sokcho', 45450),
       (229, 199, 'credit card with reward', 897000, 2000, 895000, '2020-12-29 00:00:00', 'DINING', FALSE,
        'busan', 26850),
       (230, 116, 'credit card', 424000, 418000, 6000, '2024-03-31 00:00:00', 'HOTEL', FALSE, 'sokcho', 180),
       (231, 93, 'cash', 1497000, 470000, 1027000, '2018-07-25 00:00:00', 'HOTEL', FALSE, 'seoul', 30810),
       (232, 126, 'reward', 690000, 208000, 482000, '2020-12-20 00:00:00', 'HOTEL', FALSE, 'seoul', 19280),
       (233, 6, 'cash with reward', 1484000, 1135000, 349000, '2020-01-12 00:00:00', 'DINING', FALSE, 'busan',
        17450),
       (234, 33, 'cash', 960000, 701000, 259000, '2019-03-22 00:00:00', 'DINING', FALSE, 'busan', 7770),
       (235, 122, 'reward', 941000, 99000, 842000, '2021-04-18 00:00:00', 'HOTEL', FALSE, 'busan', 33680),
       (236, 100, 'cash with reward', 1240000, 925000, 315000, '2023-02-20 00:00:00', 'DINING', FALSE, 'seoul',
        9450),
       (237, 139, 'credit card', 1992000, 921000, 1071000, '2024-01-14 00:00:00', 'HOTEL', FALSE, 'busan', 53550),
       (238, 35, 'cash', 1250000, 716000, 534000, '2020-01-23 00:00:00', 'DINING', FALSE, 'sokcho', 26700),
       (239, 181, 'cash with reward', 1349000, 438000, 911000, '2024-03-23 00:00:00', 'DINING', FALSE, 'sokcho',
        27330),
       (240, 96, 'cash with reward', 1492000, 806000, 686000, '2020-07-06 00:00:00', 'DINING', FALSE, 'sokcho',
        20580),
       (241, 48, 'credit card', 228000, 49000, 179000, '2024-08-10 00:00:00', 'DINING', FALSE, 'busan', 5370),
       (242, 155, 'reward', 1163000, 396000, 767000, '2021-02-11 00:00:00', 'HOTEL', FALSE, 'busan', 30680),
       (243, 163, 'cash with reward', 782000, 370000, 412000, '2025-02-23 00:00:00', 'DINING', FALSE, 'sokcho',
        16480),
       (244, 198, 'cash with reward', 414000, 210000, 204000, '2019-11-30 00:00:00', 'DINING', FALSE, 'busan',
        6120),
       (245, 74, 'cash with reward', 1126000, 96000, 1030000, '2023-01-14 00:00:00', 'HOTEL', FALSE, 'sokcho',
        51500),
       (246, 68, 'credit card', 1488000, 794000, 694000, '2023-12-07 00:00:00', 'DINING', FALSE, 'sokcho', 20820),
       (247, 79, 'cash with reward', 1631000, 1080000, 551000, '2024-09-03 00:00:00', 'DINING', FALSE, 'sokcho',
        27550),
       (248, 91, 'cash', 563000, 65000, 498000, '2021-08-06 00:00:00', 'HOTEL', FALSE, 'seoul', 14940),
       (249, 73, 'reward', 407000, 246000, 161000, '2021-01-03 00:00:00', 'HOTEL', FALSE, 'seoul', 6440),
       (250, 98, 'cash with reward', 285000, 41000, 244000, '2023-08-23 00:00:00', 'DINING', FALSE, 'seoul',
        12200),
       (251, 34, 'reward', 1737000, 253000, 1484000, '2023-01-02 00:00:00', 'DINING', FALSE, 'sokcho', 59360),
       (252, 64, 'reward', 238000, 18000, 220000, '2021-06-18 00:00:00', 'DINING', FALSE, 'seoul', 6600),
       (253, 70, 'reward', 673000, 331000, 342000, '2020-10-29 00:00:00', 'DINING', FALSE, 'sokcho', 17100),
       (254, 55, 'cash', 809000, 597000, 212000, '2019-02-11 00:00:00', 'HOTEL', FALSE, 'sokcho', 8480),
       (255, 17, 'credit card with reward', 1168000, 43000, 1125000, '2024-12-15 00:00:00', 'HOTEL', FALSE,
        'busan', 33750),
       (256, 193, 'cash', 569000, 63000, 506000, '2023-09-25 00:00:00', 'DINING', FALSE, 'seoul', 25300),
       (257, 63, 'credit card with reward', 1939000, 462000, 1477000, '2023-05-27 00:00:00', 'DINING', FALSE,
        'sokcho', 44310),
       (258, 1, 'cash with reward', 1075000, 601000, 474000, '2022-11-16 00:00:00', 'HOTEL', FALSE, 'seoul',
        14220),
       (259, 129, 'cash with reward', 1678000, 1469000, 209000, '2021-11-13 00:00:00', 'DINING', FALSE, 'busan',
        6270),
       (260, 19, 'credit card with reward', 603000, 263000, 340000, '2021-08-14 00:00:00', 'DINING', FALSE,
        'sokcho', 13600),
       (261, 72, 'credit card with reward', 1285000, 1231000, 54000, '2020-10-16 00:00:00', 'HOTEL', FALSE,
        'busan', 1620),
       (262, 31, 'credit card with reward', 1999000, 1537000, 462000, '2020-05-13 00:00:00', 'HOTEL', FALSE,
        'seoul', 13860),
       (263, 75, 'cash', 1811000, 1612000, 199000, '2021-12-14 00:00:00', 'DINING', FALSE, 'busan', 5970),
       (264, 147, 'cash with reward', 1652000, 1125000, 527000, '2022-09-15 00:00:00', 'DINING', FALSE, 'busan',
        15810),
       (265, 158, 'credit card', 1348000, 311000, 1037000, '2023-03-12 00:00:00', 'HOTEL', FALSE, 'seoul', 31110),
       (266, 96, 'credit card', 1784000, 1122000, 662000, '2020-07-31 00:00:00', 'HOTEL', FALSE, 'seoul', 19860),
       (267, 164, 'reward', 394000, 30000, 364000, '2024-05-14 00:00:00', 'DINING', FALSE, 'seoul', 18200),
       (268, 144, 'credit card with reward', 1469000, 1176000, 293000, '2020-11-18 00:00:00', 'DINING', FALSE,
        'sokcho', 8790),
       (269, 10, 'credit card with reward', 691000, 62000, 629000, '2022-09-25 00:00:00', 'HOTEL', FALSE, 'seoul',
        31450),
       (270, 119, 'cash with reward', 109000, 33000, 76000, '2021-04-25 00:00:00', 'HOTEL', FALSE, 'sokcho',
        2280),
       (271, 49, 'reward', 996000, 75000, 921000, '2018-05-26 00:00:00', 'DINING', FALSE, 'busan', 46050),
       (272, 23, 'credit card with reward', 1838000, 568000, 1270000, '2022-08-08 00:00:00', 'DINING', FALSE,
        'busan', 50800),
       (273, 194, 'cash', 542000, 317000, 225000, '2022-12-31 00:00:00', 'HOTEL', FALSE, 'sokcho', 6750),
       (274, 137, 'cash with reward', 981000, 928000, 53000, '2020-03-22 00:00:00', 'DINING', FALSE, 'sokcho',
        2120),
       (275, 120, 'cash', 1499000, 505000, 994000, '2024-11-07 00:00:00', 'HOTEL', FALSE, 'sokcho', 49700),
       (276, 189, 'cash with reward', 1431000, 816000, 615000, '2024-10-02 00:00:00', 'HOTEL', FALSE, 'seoul',
        18450),
       (277, 156, 'credit card', 969000, 476000, 493000, '2022-04-06 00:00:00', 'HOTEL', FALSE, 'sokcho', 14790),
       (278, 138, 'cash with reward', 1824000, 1672000, 152000, '2022-12-05 00:00:00', 'DINING', FALSE, 'busan',
        4560),
       (279, 187, 'cash with reward', 1724000, 164000, 1560000, '2024-05-27 00:00:00', 'DINING', FALSE, 'seoul',
        62400),
       (280, 153, 'credit card with reward', 450000, 330000, 120000, '2020-08-28 00:00:00', 'HOTEL', FALSE,
        'seoul', 6000),
       (281, 12, 'credit card with reward', 599000, 281000, 318000, '2021-02-25 00:00:00', 'DINING', FALSE,
        'busan', 12720),
       (282, 144, 'cash with reward', 109000, 99000, 10000, '2020-09-27 00:00:00', 'DINING', FALSE, 'seoul', 300),
       (283, 37, 'credit card', 1454000, 62000, 1392000, '2021-01-15 00:00:00', 'HOTEL', FALSE, 'seoul', 41760),
       (284, 57, 'reward', 906000, 414000, 492000, '2023-08-10 00:00:00', 'DINING', FALSE, 'seoul', 14760),
       (285, 75, 'cash with reward', 1564000, 396000, 1168000, '2022-05-12 00:00:00', 'HOTEL', FALSE, 'sokcho',
        35040),
       (286, 35, 'credit card with reward', 873000, 769000, 104000, '2020-03-03 00:00:00', 'HOTEL', FALSE,
        'busan', 5200),
       (287, 199, 'cash', 151000, 100000, 51000, '2021-03-03 00:00:00', 'DINING', FALSE, 'sokcho', 1530),
       (288, 90, 'reward', 1227000, 412000, 815000, '2023-03-01 00:00:00', 'HOTEL', FALSE, 'busan', 24450),
       (289, 143, 'credit card with reward', 263000, 211000, 52000, '2023-06-23 00:00:00', 'HOTEL', FALSE,
        'sokcho', 2600),
       (290, 55, 'reward', 159000, 115000, 44000, '2019-05-11 00:00:00', 'DINING', FALSE, 'sokcho', 1760),
       (291, 116, 'reward', 367000, 203000, 164000, '2023-12-26 00:00:00', 'HOTEL', FALSE, 'seoul', 4920),
       (292, 189, 'cash', 887000, 65000, 822000, '2024-09-03 00:00:00', 'HOTEL', FALSE, 'seoul', 24660),
       (293, 191, 'credit card with reward', 1077000, 138000, 939000, '2019-12-22 00:00:00', 'HOTEL', FALSE,
        'busan', 46950),
       (294, 135, 'cash', 378000, 119000, 259000, '2020-06-25 00:00:00', 'HOTEL', FALSE, 'busan', 7770),
       (295, 131, 'credit card with reward', 295000, 19000, 276000, '2020-03-22 00:00:00', 'HOTEL', FALSE,
        'busan', 13800),
       (296, 190, 'reward', 256000, 181000, 75000, '2020-10-15 00:00:00', 'HOTEL', FALSE, 'seoul', 3750),
       (297, 84, 'cash', 1775000, 977000, 798000, '2020-10-19 00:00:00', 'DINING', FALSE, 'sokcho', 23940),
       (298, 178, 'credit card', 927000, 21000, 906000, '2021-09-17 00:00:00', 'DINING', FALSE, 'busan', 27180),
       (299, 18, 'credit card with reward', 393000, 96000, 297000, '2019-03-12 00:00:00', 'HOTEL', FALSE, 'seoul',
        11880),
       (300, 181, 'credit card', 490000, 12000, 478000, '2023-07-11 00:00:00', 'HOTEL', FALSE, 'sokcho', 14340),
       (301, 182, 'credit card with reward', 1218000, 450000, 768000, '2024-08-08 00:00:00', 'HOTEL', FALSE,
        'seoul', 23040),
       (302, 52, 'credit card', 682000, 677000, 5000, '2023-07-09 00:00:00', 'HOTEL', FALSE, 'busan', 150),
       (303, 59, 'reward', 1940000, 143000, 1797000, '2021-01-05 00:00:00', 'DINING', FALSE, 'seoul', 53910),
       (304, 88, 'credit card with reward', 1185000, 404000, 781000, '2022-08-17 00:00:00', 'DINING', FALSE,
        'sokcho', 31240),
       (305, 161, 'cash with reward', 413000, 150000, 263000, '2019-09-20 00:00:00', 'DINING', FALSE, 'sokcho',
        10520),
       (306, 134, 'credit card', 340000, 320000, 20000, '2022-08-13 00:00:00', 'DINING', FALSE, 'seoul', 1000),
       (307, 42, 'cash with reward', 233000, 218000, 15000, '2024-02-21 00:00:00', 'HOTEL', FALSE, 'seoul', 450),
       (308, 175, 'credit card', 1595000, 1454000, 141000, '2019-05-22 00:00:00', 'DINING', FALSE, 'busan', 4230),
       (309, 194, 'credit card', 114000, 92000, 22000, '2022-06-03 00:00:00', 'DINING', FALSE, 'seoul', 660),
       (310, 121, 'cash with reward', 1176000, 575000, 601000, '2023-01-07 00:00:00', 'DINING', FALSE, 'busan',
        18030),
       (311, 73, 'reward', 1149000, 1142000, 7000, '2021-01-11 00:00:00', 'HOTEL', FALSE, 'busan', 280),
       (312, 157, 'credit card with reward', 1588000, 85000, 1503000, '2022-01-12 00:00:00', 'DINING', FALSE,
        'sokcho', 60120),
       (313, 144, 'reward', 1261000, 566000, 695000, '2021-02-12 00:00:00', 'DINING', FALSE, 'busan', 20850),
       (314, 198, 'cash with reward', 230000, 72000, 158000, '2020-09-23 00:00:00', 'HOTEL', FALSE, 'sokcho',
        4740),
       (315, 96, 'cash', 1399000, 65000, 1334000, '2020-05-24 00:00:00', 'DINING', FALSE, 'sokcho', 40020),
       (316, 169, 'credit card with reward', 829000, 346000, 483000, '2018-10-30 00:00:00', 'HOTEL', FALSE,
        'sokcho', 24150),
       (317, 196, 'cash with reward', 101000, 84000, 17000, '2024-01-17 00:00:00', 'HOTEL', FALSE, 'busan', 850),
       (318, 64, 'cash', 457000, 99000, 358000, '2021-12-21 00:00:00', 'DINING', FALSE, 'sokcho', 10740),
       (319, 97, 'cash', 1207000, 34000, 1173000, '2021-03-06 00:00:00', 'DINING', FALSE, 'seoul', 46920),
       (320, 6, 'credit card with reward', 1456000, 451000, 1005000, '2020-04-22 00:00:00', 'HOTEL', FALSE,
        'seoul', 50250),
       (321, 19, 'cash', 169000, 35000, 134000, '2021-04-23 00:00:00', 'DINING', FALSE, 'busan', 5360),
       (322, 138, 'credit card', 1759000, 54000, 1705000, '2022-11-28 00:00:00', 'DINING', FALSE, 'busan', 51150),
       (323, 35, 'credit card', 646000, 596000, 50000, '2019-11-05 00:00:00', 'DINING', FALSE, 'sokcho', 2500),
       (324, 110, 'reward', 247000, 14000, 233000, '2018-11-15 00:00:00', 'DINING', FALSE, 'seoul', 11650),
       (325, 117, 'credit card', 828000, 768000, 60000, '2020-03-08 00:00:00', 'HOTEL', FALSE, 'sokcho', 3000),
       (326, 200, 'cash with reward', 1590000, 85000, 1505000, '2024-04-19 00:00:00', 'DINING', FALSE, 'seoul',
        45150),
       (327, 136, 'cash', 1024000, 604000, 420000, '2019-12-17 00:00:00', 'HOTEL', FALSE, 'sokcho', 21000),
       (328, 47, 'credit card', 425000, 70000, 355000, '2024-06-18 00:00:00', 'DINING', FALSE, 'sokcho', 14200),
       (329, 107, 'credit card', 543000, 392000, 151000, '2022-07-03 00:00:00', 'HOTEL', FALSE, 'seoul', 4530),
       (330, 3, 'reward', 180000, 164000, 16000, '2020-01-03 00:00:00', 'HOTEL', FALSE, 'seoul', 480),
       (331, 105, 'cash', 1661000, 1096000, 565000, '2019-01-05 00:00:00', 'HOTEL', FALSE, 'sokcho', 16950),
       (332, 152, 'credit card with reward', 1758000, 87000, 1671000, '2022-11-18 00:00:00', 'DINING', FALSE,
        'busan', 50130),
       (333, 75, 'cash', 808000, 93000, 715000, '2021-12-27 00:00:00', 'HOTEL', FALSE, 'seoul', 21450),
       (334, 58, 'reward', 1719000, 1603000, 116000, '2021-02-23 00:00:00', 'DINING', FALSE, 'seoul', 5800),
       (335, 60, 'credit card', 1104000, 693000, 411000, '2019-04-27 00:00:00', 'DINING', FALSE, 'busan', 12330),
       (336, 45, 'cash with reward', 1030000, 536000, 494000, '2020-04-22 00:00:00', 'DINING', FALSE, 'seoul',
        19760),
       (337, 188, 'credit card with reward', 1010000, 544000, 466000, '2022-11-03 00:00:00', 'DINING', FALSE,
        'seoul', 13980),
       (338, 22, 'cash', 1800000, 1230000, 570000, '2020-01-18 00:00:00', 'HOTEL', FALSE, 'busan', 17100),
       (339, 59, 'credit card', 1232000, 474000, 758000, '2021-01-17 00:00:00', 'HOTEL', FALSE, 'seoul', 22740),
       (340, 56, 'reward', 575000, 441000, 134000, '2023-06-16 00:00:00', 'DINING', FALSE, 'busan', 4020),
       (341, 65, 'reward', 1461000, 265000, 1196000, '2018-11-02 00:00:00', 'DINING', FALSE, 'busan', 47840),
       (342, 172, 'cash with reward', 1930000, 1831000, 99000, '2021-06-09 00:00:00', 'HOTEL', FALSE, 'busan',
        3960),
       (343, 135, 'cash', 1927000, 419000, 1508000, '2020-04-24 00:00:00', 'HOTEL', FALSE, 'busan', 45240),
       (344, 56, 'cash with reward', 1108000, 875000, 233000, '2022-12-13 00:00:00', 'HOTEL', FALSE, 'sokcho',
        6990),
       (345, 141, 'credit card with reward', 1795000, 1092000, 703000, '2023-09-01 00:00:00', 'DINING', FALSE,
        'sokcho', 21090),
       (346, 97, 'reward', 1223000, 1203000, 20000, '2020-07-25 00:00:00', 'HOTEL', FALSE, 'seoul', 800),
       (347, 194, 'credit card with reward', 254000, 152000, 102000, '2022-10-02 00:00:00', 'HOTEL', FALSE,
        'sokcho', 3060),
       (348, 99, 'cash', 1781000, 1372000, 409000, '2023-12-01 00:00:00', 'HOTEL', FALSE, 'busan', 12270),
       (349, 52, 'cash', 731000, 609000, 122000, '2023-10-25 00:00:00', 'HOTEL', FALSE, 'seoul', 3660),
       (350, 150, 'reward', 1751000, 1519000, 232000, '2021-07-04 00:00:00', 'DINING', FALSE, 'busan', 6960),
       (351, 111, 'credit card', 649000, 484000, 165000, '2021-04-02 00:00:00', 'HOTEL', FALSE, 'sokcho', 4950),
       (352, 189, 'cash with reward', 510000, 162000, 348000, '2024-05-24 00:00:00', 'HOTEL', FALSE, 'busan',
        10440),
       (353, 92, 'credit card with reward', 864000, 226000, 638000, '2022-05-26 00:00:00', 'DINING', FALSE,
        'sokcho', 31900),
       (354, 113, 'credit card', 982000, 689000, 293000, '2022-04-17 00:00:00', 'HOTEL', FALSE, 'busan', 11720),
       (355, 17, 'cash', 1253000, 617000, 636000, '2024-03-23 00:00:00', 'HOTEL', FALSE, 'seoul', 19080),
       (356, 85, 'cash', 539000, 424000, 115000, '2018-07-17 00:00:00', 'DINING', FALSE, 'sokcho', 5750),
       (357, 158, 'credit card with reward', 1287000, 1084000, 203000, '2023-06-02 00:00:00', 'DINING', FALSE,
        'sokcho', 6090),
       (358, 21, 'cash', 933000, 411000, 522000, '2022-12-20 00:00:00', 'HOTEL', FALSE, 'sokcho', 26100),
       (359, 188, 'credit card', 647000, 644000, 3000, '2022-12-14 00:00:00', 'DINING', FALSE, 'seoul', 90),
       (360, 143, 'credit card with reward', 724000, 212000, 512000, '2024-04-15 00:00:00', 'DINING', FALSE,
        'busan', 25600),
       (361, 110, 'cash', 1275000, 865000, 410000, '2019-04-10 00:00:00', 'DINING', FALSE, 'seoul', 20500),
       (362, 146, 'cash', 1440000, 536000, 904000, '2021-11-03 00:00:00', 'HOTEL', FALSE, 'sokcho', 36160),
       (363, 60, 'cash with reward', 762000, 67000, 695000, '2018-08-28 00:00:00', 'DINING', FALSE, 'busan',
        20850),
       (364, 127, 'credit card with reward', 637000, 343000, 294000, '2019-05-08 00:00:00', 'DINING', FALSE,
        'busan', 11760),
       (365, 77, 'credit card with reward', 1873000, 1177000, 696000, '2021-08-30 00:00:00', 'HOTEL', FALSE,
        'seoul', 20880),
       (366, 195, 'credit card with reward', 1730000, 1146000, 584000, '2024-03-09 00:00:00', 'DINING', FALSE,
        'seoul', 17520),
       (367, 151, 'reward', 213000, 178000, 35000, '2020-10-31 00:00:00', 'HOTEL', FALSE, 'seoul', 1050),
       (368, 11, 'reward', 1857000, 1379000, 478000, '2020-04-10 00:00:00', 'HOTEL', FALSE, 'seoul', 19120),
       (369, 180, 'cash', 711000, 375000, 336000, '2019-02-18 00:00:00', 'HOTEL', FALSE, 'busan', 16800),
       (370, 133, 'credit card', 1863000, 169000, 1694000, '2019-12-24 00:00:00', 'HOTEL', FALSE, 'seoul', 50820),
       (371, 155, 'credit card', 1238000, 658000, 580000, '2021-03-05 00:00:00', 'HOTEL', FALSE, 'sokcho', 23200),
       (372, 176, 'reward', 1054000, 609000, 445000, '2018-09-29 00:00:00', 'HOTEL', FALSE, 'busan', 22250),
       (373, 147, 'credit card with reward', 1710000, 48000, 1662000, '2022-01-03 00:00:00', 'DINING', FALSE,
        'busan', 49860),
       (374, 172, 'reward', 624000, 292000, 332000, '2021-06-29 00:00:00', 'HOTEL', FALSE, 'busan', 13280),
       (375, 39, 'reward', 156000, 23000, 133000, '2023-10-15 00:00:00', 'DINING', FALSE, 'busan', 5320),
       (376, 36, 'credit card', 489000, 241000, 248000, '2023-12-04 00:00:00', 'HOTEL', FALSE, 'busan', 7440),
       (377, 10, 'cash with reward', 1064000, 807000, 257000, '2023-04-29 00:00:00', 'DINING', FALSE, 'seoul',
        12850),
       (378, 170, 'credit card with reward', 316000, 236000, 80000, '2021-03-28 00:00:00', 'HOTEL', FALSE,
        'busan', 2400),
       (379, 56, 'credit card', 236000, 2000, 234000, '2022-11-14 00:00:00', 'HOTEL', FALSE, 'seoul', 7020),
       (380, 136, 'credit card with reward', 217000, 3000, 214000, '2020-04-06 00:00:00', 'HOTEL', FALSE,
        'sokcho', 10700),
       (381, 133, 'credit card with reward', 356000, 150000, 206000, '2020-01-17 00:00:00', 'DINING', FALSE,
        'sokcho', 6180),
       (382, 187, 'reward', 1693000, 938000, 755000, '2024-02-16 00:00:00', 'HOTEL', FALSE, 'sokcho', 30200),
       (383, 41, 'reward', 1010000, 407000, 603000, '2021-07-06 00:00:00', 'HOTEL', FALSE, 'sokcho', 18090),
       (384, 11, 'reward', 1762000, 162000, 1600000, '2020-08-13 00:00:00', 'DINING', FALSE, 'sokcho', 64000),
       (385, 58, 'credit card', 575000, 272000, 303000, '2020-11-06 00:00:00', 'HOTEL', FALSE, 'seoul', 15150),
       (386, 157, 'credit card with reward', 1191000, 5000, 1186000, '2022-02-25 00:00:00', 'HOTEL', FALSE,
        'seoul', 47440),
       (387, 182, 'credit card with reward', 1568000, 687000, 881000, '2024-04-05 00:00:00', 'HOTEL', FALSE,
        'busan', 26430),
       (388, 103, 'cash', 744000, 255000, 489000, '2023-11-21 00:00:00', 'HOTEL', FALSE, 'sokcho', 14670),
       (389, 68, 'cash with reward', 311000, 11000, 300000, '2023-11-23 00:00:00', 'DINING', FALSE, 'sokcho',
        9000),
       (390, 14, 'reward', 731000, 240000, 491000, '2022-10-10 00:00:00', 'HOTEL', FALSE, 'sokcho', 24550),
       (391, 164, 'credit card', 1542000, 1020000, 522000, '2023-09-20 00:00:00', 'DINING', FALSE, 'seoul',
        26100),
       (392, 37, 'credit card with reward', 614000, 331000, 283000, '2021-07-13 00:00:00', 'HOTEL', FALSE,
        'seoul', 8490),
       (393, 52, 'cash with reward', 700000, 579000, 121000, '2023-11-25 00:00:00', 'HOTEL', FALSE, 'seoul',
        3630),
       (394, 141, 'cash with reward', 1466000, 288000, 1178000, '2023-04-19 00:00:00', 'DINING', FALSE, 'sokcho',
        35340),
       (395, 4, 'credit card', 1162000, 159000, 1003000, '2022-08-17 00:00:00', 'HOTEL', FALSE, 'busan', 30090),
       (396, 168, 'reward', 1821000, 320000, 1501000, '2023-05-01 00:00:00', 'DINING', FALSE, 'sokcho', 45030),
       (397, 94, 'reward', 627000, 27000, 600000, '2020-12-04 00:00:00', 'DINING', FALSE, 'busan', 24000),
       (398, 110, 'credit card', 1082000, 11000, 1071000, '2018-07-24 00:00:00', 'HOTEL', FALSE, 'busan', 53550),
       (399, 174, 'cash with reward', 1005000, 492000, 513000, '2023-08-31 00:00:00', 'DINING', FALSE, 'busan',
        15390),
       (400, 143, 'credit card with reward', 517000, 336000, 181000, '2024-01-21 00:00:00', 'DINING', FALSE,
        'sokcho', 9050),
       (401, 61, 'credit card with reward', 1000000, 480000, 520000, '2022-06-20 00:00:00', 'DINING', FALSE,
        'sokcho', 15600),
       (402, 28, 'reward', 1564000, 531000, 1033000, '2019-10-13 00:00:00', 'HOTEL', FALSE, 'busan', 30990),
       (403, 19, 'cash', 1871000, 70000, 1801000, '2021-08-22 00:00:00', 'DINING', FALSE, 'sokcho', 72040),
       (404, 130, 'cash', 1969000, 989000, 980000, '2022-08-19 00:00:00', 'DINING', FALSE, 'busan', 39200),
       (405, 162, 'credit card', 671000, 624000, 47000, '2023-01-03 00:00:00', 'DINING', FALSE, 'busan', 1410),
       (406, 32, 'credit card with reward', 1965000, 1301000, 664000, '2021-06-04 00:00:00', 'DINING', FALSE,
        'sokcho', 33200),
       (407, 133, 'cash', 706000, 137000, 569000, '2019-06-04 00:00:00', 'HOTEL', FALSE, 'seoul', 17070),
       (408, 49, 'credit card with reward', 1654000, 196000, 1458000, '2018-04-15 00:00:00', 'DINING', FALSE,
        'busan', 72900),
       (409, 10, 'credit card', 633000, 558000, 75000, '2023-01-08 00:00:00', 'HOTEL', FALSE, 'sokcho', 3750),
       (410, 82, 'cash with reward', 832000, 381000, 451000, '2018-07-09 00:00:00', 'HOTEL', FALSE, 'sokcho',
        22550),
       (411, 5, 'credit card', 1653000, 1476000, 177000, '2018-09-12 00:00:00', 'HOTEL', FALSE, 'sokcho', 5310),
       (412, 72, 'cash', 1388000, 612000, 776000, '2020-12-03 00:00:00', 'HOTEL', FALSE, 'seoul', 23280),
       (413, 59, 'cash with reward', 515000, 346000, 169000, '2021-12-07 00:00:00', 'HOTEL', FALSE, 'sokcho',
        5070),
       (414, 185, 'reward', 1841000, 1808000, 33000, '2020-05-19 00:00:00', 'HOTEL', FALSE, 'sokcho', 1320),
       (415, 58, 'credit card', 1776000, 189000, 1587000, '2021-06-21 00:00:00', 'HOTEL', FALSE, 'sokcho', 79350),
       (416, 16, 'credit card with reward', 883000, 30000, 853000, '2024-03-15 00:00:00', 'DINING', FALSE,
        'busan', 25590),
       (417, 8, 'cash with reward', 400000, 210000, 190000, '2023-11-18 00:00:00', 'DINING', FALSE, 'busan',
        7600),
       (418, 88, 'cash', 314000, 281000, 33000, '2022-07-14 00:00:00', 'DINING', FALSE, 'busan', 1320),
       (419, 149, 'cash with reward', 1957000, 1043000, 914000, '2024-01-01 00:00:00', 'DINING', FALSE, 'seoul',
        27420),
       (420, 139, 'cash with reward', 887000, 715000, 172000, '2023-10-02 00:00:00', 'DINING', FALSE, 'seoul',
        8600),
       (421, 61, 'credit card', 1134000, 924000, 210000, '2021-12-23 00:00:00', 'DINING', FALSE, 'seoul', 6300),
       (422, 148, 'reward', 1179000, 355000, 824000, '2019-04-12 00:00:00', 'HOTEL', FALSE, 'seoul', 24720),
       (423, 193, 'cash with reward', 272000, 236000, 36000, '2023-12-29 00:00:00', 'DINING', FALSE, 'seoul',
        1800),
       (424, 110, 'reward', 1089000, 323000, 766000, '2019-07-10 00:00:00', 'HOTEL', FALSE, 'seoul', 38300),
       (425, 196, 'cash', 1896000, 87000, 1809000, '2023-08-21 00:00:00', 'DINING', FALSE, 'seoul', 90450),
       (426, 86, 'credit card with reward', 284000, 39000, 245000, '2023-04-13 00:00:00', 'DINING', FALSE,
        'busan', 7350),
       (427, 9, 'cash with reward', 1271000, 620000, 651000, '2022-01-19 00:00:00', 'DINING', FALSE, 'sokcho',
        26040),
       (428, 85, 'reward', 1183000, 1010000, 173000, '2019-05-18 00:00:00', 'HOTEL', FALSE, 'sokcho', 8650),
       (429, 191, 'credit card with reward', 1957000, 248000, 1709000, '2019-08-23 00:00:00', 'HOTEL', FALSE,
        'sokcho', 85450),
       (430, 141, 'credit card with reward', 539000, 141000, 398000, '2022-12-06 00:00:00', 'DINING', FALSE,
        'sokcho', 11940),
       (431, 42, 'credit card with reward', 795000, 584000, 211000, '2024-02-22 00:00:00', 'HOTEL', FALSE,
        'busan', 6330),
       (432, 89, 'cash', 1941000, 1925000, 16000, '2021-05-19 00:00:00', 'DINING', FALSE, 'busan', 640),
       (433, 68, 'reward', 255000, 192000, 63000, '2023-07-21 00:00:00', 'DINING', FALSE, 'seoul', 1890),
       (434, 173, 'credit card with reward', 1798000, 642000, 1156000, '2018-09-16 00:00:00', 'HOTEL', FALSE,
        'sokcho', 34680),
       (435, 8, 'cash with reward', 1261000, 260000, 1001000, '2023-05-10 00:00:00', 'DINING', FALSE, 'seoul',
        40040),
       (436, 41, 'cash', 1585000, 852000, 733000, '2022-05-19 00:00:00', 'HOTEL', FALSE, 'busan', 21990),
       (437, 10, 'credit card', 1215000, 585000, 630000, '2022-12-11 00:00:00', 'HOTEL', FALSE, 'busan', 31500),
       (438, 68, 'reward', 940000, 559000, 381000, '2024-01-13 00:00:00', 'DINING', FALSE, 'sokcho', 11430),
       (439, 179, 'reward', 125000, 101000, 24000, '2020-02-07 00:00:00', 'HOTEL', FALSE, 'seoul', 1200),
       (440, 132, 'credit card with reward', 1551000, 509000, 1042000, '2020-07-01 00:00:00', 'DINING', FALSE,
        'busan', 52100),
       (441, 136, 'credit card with reward', 1209000, 463000, 746000, '2019-07-06 00:00:00', 'HOTEL', FALSE,
        'busan', 37300),
       (442, 75, 'credit card with reward', 1951000, 234000, 1717000, '2021-09-06 00:00:00', 'DINING', FALSE,
        'busan', 51510),
       (443, 84, 'cash', 1157000, 959000, 198000, '2020-06-24 00:00:00', 'DINING', FALSE, 'busan', 5940),
       (444, 32, 'cash', 426000, 197000, 229000, '2021-02-25 00:00:00', 'HOTEL', FALSE, 'busan', 11450),
       (445, 11, 'cash', 806000, 681000, 125000, '2021-02-08 00:00:00', 'DINING', FALSE, 'sokcho', 5000),
       (446, 105, 'reward', 1359000, 136000, 1223000, '2018-11-21 00:00:00', 'DINING', FALSE, 'busan', 36690),
       (447, 3, 'cash', 528000, 333000, 195000, '2019-11-16 00:00:00', 'HOTEL', FALSE, 'busan', 5850),
       (448, 180, 'credit card', 1213000, 726000, 487000, '2019-09-14 00:00:00', 'DINING', FALSE, 'seoul', 24350),
       (449, 70, 'credit card with reward', 450000, 375000, 75000, '2020-07-15 00:00:00', 'HOTEL', FALSE,
        'sokcho', 3750),
       (450, 154, 'reward', 1448000, 299000, 1149000, '2020-09-23 00:00:00', 'HOTEL', FALSE, 'seoul', 34470),
       (451, 74, 'cash with reward', 813000, 35000, 778000, '2023-03-10 00:00:00', 'DINING', FALSE, 'sokcho',
        38900),
       (452, 54, 'reward', 349000, 196000, 153000, '2018-10-20 00:00:00', 'HOTEL', FALSE, 'seoul', 6120),
       (453, 72, 'cash with reward', 1686000, 1675000, 11000, '2020-05-20 00:00:00', 'HOTEL', FALSE, 'sokcho',
        330),
       (454, 102, 'reward', 708000, 33000, 675000, '2023-09-05 00:00:00', 'HOTEL', FALSE, 'busan', 20250),
       (455, 127, 'cash with reward', 1886000, 172000, 1714000, '2019-07-02 00:00:00', 'DINING', FALSE, 'sokcho',
        68560),
       (456, 4, 'cash', 1991000, 1255000, 736000, '2022-05-10 00:00:00', 'HOTEL', FALSE, 'busan', 22080),
       (457, 190, 'cash', 1575000, 1550000, 25000, '2020-08-22 00:00:00', 'HOTEL', FALSE, 'seoul', 1250),
       (458, 81, 'cash with reward', 1038000, 887000, 151000, '2023-03-28 00:00:00', 'DINING', FALSE, 'seoul',
        6040),
       (459, 73, 'cash with reward', 856000, 106000, 750000, '2020-05-28 00:00:00', 'HOTEL', FALSE, 'busan',
        30000),
       (460, 142, 'cash', 1182000, 933000, 249000, '2021-10-21 00:00:00', 'HOTEL', FALSE, 'sokcho', 12450),
       (461, 194, 'cash with reward', 334000, 28000, 306000, '2022-06-25 00:00:00', 'DINING', FALSE, 'sokcho',
        9180),
       (462, 193, 'reward', 271000, 250000, 21000, '2024-03-03 00:00:00', 'DINING', FALSE, 'sokcho', 1050),
       (463, 82, 'credit card with reward', 736000, 20000, 716000, '2019-06-28 00:00:00', 'DINING', FALSE,
        'sokcho', 35800),
       (464, 192, 'cash', 1070000, 748000, 322000, '2025-04-06 00:00:00', 'HOTEL', FALSE, 'busan', 12880),
       (465, 182, 'credit card with reward', 1063000, 510000, 553000, '2025-02-04 00:00:00', 'HOTEL', FALSE,
        'sokcho', 16590),
       (466, 104, 'reward', 455000, 265000, 190000, '2023-02-26 00:00:00', 'DINING', FALSE, 'busan', 5700),
       (467, 16, 'cash', 265000, 95000, 170000, '2024-02-12 00:00:00', 'DINING', FALSE, 'seoul', 5100),
       (468, 43, 'credit card', 1314000, 945000, 369000, '2022-03-03 00:00:00', 'HOTEL', FALSE, 'busan', 11070),
       (469, 31, 'credit card with reward', 1337000, 593000, 744000, '2020-04-22 00:00:00', 'HOTEL', FALSE,
        'sokcho', 22320),
       (470, 114, 'credit card', 1815000, 318000, 1497000, '2018-12-20 00:00:00', 'DINING', FALSE, 'sokcho',
        74850),
       (471, 194, 'credit card', 1983000, 139000, 1844000, '2022-04-07 00:00:00', 'DINING', FALSE, 'seoul',
        55320),
       (472, 124, 'reward', 1776000, 661000, 1115000, '2020-05-02 00:00:00', 'DINING', FALSE, 'sokcho', 44600),
       (473, 169, 'cash with reward', 1749000, 477000, 1272000, '2018-04-13 00:00:00', 'HOTEL', FALSE, 'sokcho',
        63600),
       (474, 6, 'reward', 1700000, 990000, 710000, '2019-10-16 00:00:00', 'HOTEL', FALSE, 'sokcho', 35500),
       (475, 125, 'credit card with reward', 500000, 108000, 392000, '2021-09-05 00:00:00', 'DINING', FALSE,
        'busan', 15680),
       (476, 127, 'credit card', 388000, 325000, 63000, '2019-08-03 00:00:00', 'DINING', FALSE, 'sokcho', 2520),
       (477, 29, 'reward', 1099000, 709000, 390000, '2024-04-23 00:00:00', 'DINING', FALSE, 'sokcho', 15600),
       (478, 46, 'credit card with reward', 534000, 124000, 410000, '2019-02-18 00:00:00', 'DINING', FALSE,
        'seoul', 12300),
       (479, 156, 'credit card', 1308000, 819000, 489000, '2021-08-11 00:00:00', 'DINING', FALSE, 'busan', 14670),
       (480, 162, 'cash', 1244000, 303000, 941000, '2022-05-13 00:00:00', 'DINING', FALSE, 'seoul', 28230),
       (481, 131, 'cash', 1638000, 875000, 763000, '2020-02-16 00:00:00', 'DINING', FALSE, 'busan', 38150),
       (482, 3, 'cash with reward', 1958000, 1712000, 246000, '2019-02-12 00:00:00', 'HOTEL', FALSE, 'sokcho',
        7380),
       (483, 33, 'credit card', 1569000, 444000, 1125000, '2018-08-20 00:00:00', 'HOTEL', FALSE, 'sokcho', 33750),
       (484, 11, 'credit card', 342000, 176000, 166000, '2020-12-02 00:00:00', 'HOTEL', FALSE, 'seoul', 6640),
       (485, 132, 'cash', 1640000, 488000, 1152000, '2020-06-06 00:00:00', 'HOTEL', FALSE, 'busan', 57600),
       (486, 141, 'reward', 602000, 59000, 543000, '2023-06-14 00:00:00', 'HOTEL', FALSE, 'busan', 16290),
       (487, 78, 'cash', 1047000, 653000, 394000, '2021-09-12 00:00:00', 'DINING', FALSE, 'busan', 19700),
       (488, 138, 'cash with reward', 1143000, 1054000, 89000, '2023-01-10 00:00:00', 'DINING', FALSE, 'seoul',
        2670),
       (489, 119, 'cash', 873000, 548000, 325000, '2021-12-07 00:00:00', 'HOTEL', FALSE, 'sokcho', 9750),
       (490, 199, 'credit card with reward', 1492000, 128000, 1364000, '2020-09-26 00:00:00', 'DINING', FALSE,
        'busan', 40920),
       (491, 34, 'cash with reward', 785000, 577000, 208000, '2022-11-15 00:00:00', 'HOTEL', FALSE, 'seoul',
        8320),
       (492, 123, 'credit card', 407000, 133000, 274000, '2018-04-17 00:00:00', 'HOTEL', FALSE, 'sokcho', 13700),
       (493, 168, 'cash', 676000, 401000, 275000, '2022-11-12 00:00:00', 'HOTEL', FALSE, 'seoul', 8250),
       (494, 63, 'cash', 1617000, 179000, 1438000, '2023-03-23 00:00:00', 'HOTEL', FALSE, 'busan', 43140),
       (495, 187, 'credit card with reward', 547000, 46000, 501000, '2024-04-16 00:00:00', 'HOTEL', FALSE,
        'seoul', 20040),
       (496, 157, 'credit card with reward', 919000, 904000, 15000, '2022-01-22 00:00:00', 'DINING', FALSE,
        'busan', 600),
       (497, 147, 'cash', 1776000, 52000, 1724000, '2022-01-15 00:00:00', 'DINING', FALSE, 'sokcho', 51720),
       (498, 126, 'reward', 1116000, 26000, 1090000, '2020-07-09 00:00:00', 'DINING', FALSE, 'seoul', 43600),
       (499, 96, 'cash with reward', 295000, 12000, 283000, '2021-02-16 00:00:00', 'DINING', FALSE, 'busan',
        8490),
       (500, 113, 'credit card with reward', 653000, 73000, 580000, '2021-12-04 00:00:00', 'HOTEL', FALSE,
        'busan', 23200),
       (501, 2, 'reward', 1383000, 260000, 1123000, '2021-09-21 00:00:00', 'HOTEL', FALSE, 'sokcho', 33690),
       (502, 53, 'cash with reward', 496000, 125000, 371000, '2020-08-09 00:00:00', 'HOTEL', FALSE, 'busan',
        11130),
       (503, 185, 'cash with reward', 303000, 264000, 39000, '2020-01-16 00:00:00', 'DINING', FALSE, 'busan',
        1560),
       (504, 73, 'credit card with reward', 1324000, 703000, 621000, '2021-04-11 00:00:00', 'DINING', FALSE,
        'seoul', 24840),
       (505, 149, 'credit card with reward', 471000, 201000, 270000, '2024-08-27 00:00:00', 'DINING', FALSE,
        'seoul', 8100),
       (506, 69, 'cash', 514000, 129000, 385000, '2019-11-10 00:00:00', 'DINING', FALSE, 'sokcho', 15400),
       (507, 85, 'credit card with reward', 1735000, 967000, 768000, '2018-06-09 00:00:00', 'HOTEL', FALSE,
        'sokcho', 38400),
       (508, 196, 'credit card with reward', 258000, 146000, 112000, '2023-06-25 00:00:00', 'DINING', FALSE,
        'seoul', 5600),
       (509, 170, 'reward', 166000, 107000, 59000, '2022-01-16 00:00:00', 'HOTEL', FALSE, 'sokcho', 1770),
       (510, 27, 'cash with reward', 783000, 660000, 123000, '2018-08-06 00:00:00', 'DINING', FALSE, 'busan',
        3690),
       (511, 38, 'credit card', 758000, 509000, 249000, '2019-08-17 00:00:00', 'HOTEL', FALSE, 'seoul', 12450),
       (512, 93, 'cash', 1035000, 767000, 268000, '2018-06-30 00:00:00', 'DINING', FALSE, 'sokcho', 8040),
       (513, 63, 'credit card with reward', 285000, 62000, 223000, '2022-10-19 00:00:00', 'DINING', FALSE,
        'seoul', 6690),
       (514, 55, 'cash with reward', 142000, 100000, 42000, '2018-10-09 00:00:00', 'DINING', FALSE, 'seoul',
        1680),
       (515, 9, 'credit card', 1039000, 148000, 891000, '2022-08-21 00:00:00', 'HOTEL', FALSE, 'sokcho', 35640),
       (516, 78, 'cash with reward', 1778000, 1774000, 4000, '2021-10-17 00:00:00', 'DINING', FALSE, 'busan',
        200),
       (517, 14, 'cash', 1657000, 678000, 979000, '2022-09-18 00:00:00', 'DINING', FALSE, 'busan', 48950),
       (518, 162, 'reward', 313000, 253000, 60000, '2023-02-22 00:00:00', 'DINING', FALSE, 'seoul', 1800),
       (519, 56, 'cash', 1011000, 579000, 432000, '2023-01-17 00:00:00', 'HOTEL', FALSE, 'busan', 12960),
       (520, 31, 'reward', 1040000, 892000, 148000, '2021-01-03 00:00:00', 'HOTEL', FALSE, 'seoul', 4440),
       (521, 66, 'credit card with reward', 1697000, 151000, 1546000, '2018-09-30 00:00:00', 'DINING', FALSE,
        'busan', 61840),
       (522, 171, 'credit card with reward', 1057000, 362000, 695000, '2024-05-28 00:00:00', 'DINING', FALSE,
        'busan', 34750),
       (523, 167, 'reward', 689000, 147000, 542000, '2019-05-13 00:00:00', 'HOTEL', FALSE, 'busan', 16260),
       (524, 192, 'reward', 1959000, 1454000, 505000, '2024-08-05 00:00:00', 'HOTEL', FALSE, 'busan', 20200),
       (525, 95, 'cash with reward', 808000, 239000, 569000, '2019-08-21 00:00:00', 'HOTEL', FALSE, 'seoul',
        17070),
       (526, 145, 'credit card with reward', 1473000, 584000, 889000, '2021-12-17 00:00:00', 'HOTEL', FALSE,
        'sokcho', 44450),
       (527, 13, 'cash with reward', 1487000, 936000, 551000, '2021-10-02 00:00:00', 'DINING', FALSE, 'busan',
        16530),
       (528, 146, 'credit card', 1176000, 360000, 816000, '2021-07-19 00:00:00', 'DINING', FALSE, 'sokcho',
        32640),
       (529, 62, 'cash', 793000, 736000, 57000, '2020-03-20 00:00:00', 'HOTEL', FALSE, 'seoul', 1710),
       (530, 32, 'reward', 789000, 494000, 295000, '2021-02-04 00:00:00', 'DINING', FALSE, 'sokcho', 14750),
       (531, 37, 'reward', 566000, 353000, 213000, '2022-01-10 00:00:00', 'DINING', FALSE, 'seoul', 6390),
       (532, 85, 'reward', 834000, 244000, 590000, '2018-12-05 00:00:00', 'DINING', FALSE, 'sokcho', 29500),
       (533, 72, 'cash', 1676000, 354000, 1322000, '2020-07-03 00:00:00', 'HOTEL', FALSE, 'seoul', 39660),
       (534, 26, 'reward', 1118000, 816000, 302000, '2024-02-24 00:00:00', 'DINING', FALSE, 'sokcho', 9060),
       (535, 144, 'credit card with reward', 809000, 241000, 568000, '2021-06-18 00:00:00', 'HOTEL', FALSE,
        'busan', 17040),
       (536, 178, 'credit card with reward', 1256000, 1246000, 10000, '2021-11-22 00:00:00', 'DINING', FALSE,
        'sokcho', 300),
       (537, 195, 'credit card with reward', 1469000, 492000, 977000, '2024-06-03 00:00:00', 'HOTEL', FALSE,
        'seoul', 29310),
       (538, 81, 'reward', 595000, 224000, 371000, '2023-02-03 00:00:00', 'DINING', FALSE, 'busan', 14840),
       (539, 20, 'cash with reward', 1411000, 701000, 710000, '2019-08-21 00:00:00', 'HOTEL', FALSE, 'seoul',
        21300),
       (540, 84, 'reward', 1234000, 170000, 1064000, '2020-09-14 00:00:00', 'DINING', FALSE, 'busan', 31920),
       (541, 91, 'reward', 116000, 67000, 49000, '2021-12-01 00:00:00', 'DINING', FALSE, 'seoul', 1470),
       (542, 73, 'cash', 1960000, 1527000, 433000, '2020-12-20 00:00:00', 'DINING', FALSE, 'busan', 17320),
       (543, 163, 'reward', 1062000, 685000, 377000, '2024-05-04 00:00:00', 'DINING', FALSE, 'busan', 15080),
       (544, 160, 'credit card', 574000, 46000, 528000, '2024-04-28 00:00:00', 'HOTEL', FALSE, 'seoul', 26400),
       (545, 92, 'cash with reward', 429000, 201000, 228000, '2022-07-26 00:00:00', 'HOTEL', FALSE, 'seoul',
        11400),
       (546, 112, 'cash with reward', 1662000, 1626000, 36000, '2022-05-09 00:00:00', 'DINING', FALSE, 'sokcho',
        1080),
       (547, 151, 'credit card', 384000, 367000, 17000, '2021-05-04 00:00:00', 'HOTEL', FALSE, 'sokcho', 510),
       (548, 197, 'credit card with reward', 1643000, 1561000, 82000, '2018-07-30 00:00:00', 'HOTEL', FALSE,
        'busan', 4100),
       (549, 100, 'cash', 1190000, 1065000, 125000, '2023-01-29 00:00:00', 'DINING', FALSE, 'busan', 3750),
       (550, 4, 'cash with reward', 504000, 494000, 10000, '2022-02-14 00:00:00', 'HOTEL', FALSE, 'seoul', 300),
       (551, 31, 'credit card', 1845000, 972000, 873000, '2020-04-09 00:00:00', 'DINING', FALSE, 'seoul', 26190),
       (552, 7, 'credit card', 1330000, 476000, 854000, '2022-02-02 00:00:00', 'DINING', FALSE, 'busan', 34160),
       (553, 156, 'credit card', 1748000, 1265000, 483000, '2021-11-12 00:00:00', 'HOTEL', FALSE, 'busan', 14490),
       (554, 65, 'cash', 1135000, 389000, 746000, '2018-07-04 00:00:00', 'HOTEL', FALSE, 'seoul', 29840),
       (555, 27, 'credit card', 1844000, 55000, 1789000, '2018-10-05 00:00:00', 'DINING', FALSE, 'sokcho', 53670),
       (556, 180, 'cash', 156000, 48000, 108000, '2019-04-02 00:00:00', 'DINING', FALSE, 'sokcho', 5400),
       (557, 171, 'cash with reward', 1065000, 11000, 1054000, '2024-06-14 00:00:00', 'DINING', FALSE, 'seoul',
        52700),
       (558, 185, 'reward', 1740000, 309000, 1431000, '2020-07-02 00:00:00', 'HOTEL', FALSE, 'seoul', 57240),
       (559, 186, 'credit card', 1458000, 462000, 996000, '2023-11-29 00:00:00', 'DINING', FALSE, 'busan', 29880),
       (560, 184, 'cash', 1733000, 1595000, 138000, '2024-09-19 00:00:00', 'DINING', FALSE, 'seoul', 4140),
       (561, 152, 'credit card with reward', 1294000, 1157000, 137000, '2022-06-04 00:00:00', 'HOTEL', FALSE,
        'busan', 4110),
       (562, 168, 'cash with reward', 1935000, 528000, 1407000, '2022-07-31 00:00:00', 'HOTEL', FALSE, 'sokcho',
        42210),
       (563, 45, 'cash', 1119000, 418000, 701000, '2021-01-22 00:00:00', 'DINING', FALSE, 'busan', 28040),
       (564, 93, 'reward', 1406000, 1385000, 21000, '2018-09-13 00:00:00', 'DINING', FALSE, 'sokcho', 630),
       (565, 151, 'credit card with reward', 1279000, 916000, 363000, '2020-11-11 00:00:00', 'HOTEL', FALSE,
        'seoul', 10890),
       (566, 164, 'cash with reward', 390000, 343000, 47000, '2024-03-30 00:00:00', 'HOTEL', FALSE, 'busan',
        2350),
       (567, 144, 'credit card', 775000, 148000, 627000, '2021-06-21 00:00:00', 'DINING', FALSE, 'busan', 18810),
       (568, 160, 'credit card', 1160000, 480000, 680000, '2024-04-01 00:00:00', 'HOTEL', FALSE, 'busan', 34000),
       (569, 142, 'reward', 224000, 35000, 189000, '2022-05-21 00:00:00', 'HOTEL', FALSE, 'sokcho', 9450),
       (570, 57, 'credit card with reward', 1045000, 54000, 991000, '2023-09-04 00:00:00', 'DINING', FALSE,
        'seoul', 29730),
       (571, 6, 'credit card with reward', 1521000, 616000, 905000, '2019-07-14 00:00:00', 'HOTEL', FALSE,
        'seoul', 45250),
       (572, 190, 'cash', 1843000, 95000, 1748000, '2020-11-20 00:00:00', 'HOTEL', FALSE, 'sokcho', 87400),
       (573, 145, 'cash', 216000, 52000, 164000, '2021-08-05 00:00:00', 'DINING', FALSE, 'sokcho', 8200),
       (574, 178, 'cash', 1557000, 673000, 884000, '2022-06-12 00:00:00', 'HOTEL', FALSE, 'seoul', 26520),
       (575, 86, 'cash', 861000, 330000, 531000, '2023-09-08 00:00:00', 'DINING', FALSE, 'seoul', 15930),
       (576, 100, 'reward', 883000, 634000, 249000, '2023-05-18 00:00:00', 'HOTEL', FALSE, 'sokcho', 7470),
       (577, 138, 'credit card', 1498000, 374000, 1124000, '2022-11-20 00:00:00', 'DINING', FALSE, 'sokcho',
        33720),
       (578, 96, 'reward', 983000, 924000, 59000, '2020-08-17 00:00:00', 'DINING', FALSE, 'sokcho', 1770),
       (579, 12, 'cash with reward', 1047000, 501000, 546000, '2021-02-28 00:00:00', 'DINING', FALSE, 'seoul',
        21840),
       (580, 14, 'cash with reward', 1655000, 1651000, 4000, '2022-11-25 00:00:00', 'HOTEL', FALSE, 'seoul', 200),
       (581, 109, 'credit card with reward', 1885000, 1630000, 255000, '2023-07-16 00:00:00', 'HOTEL', FALSE,
        'sokcho', 7650),
       (582, 104, 'cash', 798000, 328000, 470000, '2022-10-13 00:00:00', 'DINING', FALSE, 'seoul', 14100),
       (583, 8, 'credit card', 379000, 109000, 270000, '2022-12-13 00:00:00', 'HOTEL', FALSE, 'sokcho', 10800),
       (584, 46, 'cash with reward', 1111000, 874000, 237000, '2018-12-27 00:00:00', 'DINING', FALSE, 'seoul',
        7110),
       (585, 155, 'cash', 1230000, 884000, 346000, '2020-07-17 00:00:00', 'DINING', FALSE, 'busan', 13840),
       (586, 11, 'cash', 1710000, 369000, 1341000, '2020-06-26 00:00:00', 'HOTEL', FALSE, 'busan', 53640),
       (587, 125, 'credit card', 1855000, 702000, 1153000, '2021-09-21 00:00:00', 'HOTEL', FALSE, 'busan', 46120),
       (588, 175, 'cash', 1097000, 94000, 1003000, '2019-02-23 00:00:00', 'DINING', FALSE, 'seoul', 30090),
       (589, 83, 'cash', 534000, 71000, 463000, '2020-10-05 00:00:00', 'HOTEL', FALSE, 'busan', 13890),
       (590, 50, 'reward', 1612000, 877000, 735000, '2023-01-24 00:00:00', 'HOTEL', FALSE, 'busan', 29400),
       (591, 30, 'reward', 237000, 128000, 109000, '2023-01-23 00:00:00', 'DINING', FALSE, 'seoul', 3270),
       (592, 136, 'credit card with reward', 1451000, 1057000, 394000, '2019-12-07 00:00:00', 'HOTEL', FALSE,
        'seoul', 19700),
       (593, 42, 'credit card', 582000, 485000, 97000, '2023-12-09 00:00:00', 'HOTEL', FALSE, 'busan', 2910),
       (594, 197, 'cash', 1240000, 81000, 1159000, '2019-03-16 00:00:00', 'HOTEL', FALSE, 'sokcho', 57950),
       (595, 184, 'credit card', 732000, 411000, 321000, '2025-01-08 00:00:00', 'HOTEL', FALSE, 'seoul', 9630),
       (596, 89, 'reward', 688000, 264000, 424000, '2021-07-24 00:00:00', 'HOTEL', FALSE, 'seoul', 16960),
       (597, 155, 'cash with reward', 922000, 40000, 882000, '2020-07-29 00:00:00', 'DINING', FALSE, 'busan',
        35280),
       (598, 199, 'credit card with reward', 734000, 353000, 381000, '2020-11-17 00:00:00', 'DINING', FALSE,
        'seoul', 11430),
       (599, 75, 'cash with reward', 560000, 247000, 313000, '2021-10-05 00:00:00', 'HOTEL', FALSE, 'seoul',
        9390),
       (600, 1, 'cash with reward', 261000, 203000, 58000, '2022-03-13 00:00:00', 'HOTEL', FALSE, 'seoul', 1740),
       (601, 83, 'reward', 889000, 269000, 620000, '2020-11-26 00:00:00', 'DINING', FALSE, 'busan', 18600),
       (602, 120, 'credit card with reward', 1810000, 1044000, 766000, '2024-08-05 00:00:00', 'DINING', FALSE,
        'busan', 38300),
       (603, 82, 'reward', 703000, 113000, 590000, '2019-05-31 00:00:00', 'DINING', FALSE, 'busan', 29500),
       (604, 110, 'credit card', 1598000, 1513000, 85000, '2019-07-01 00:00:00', 'DINING', FALSE, 'sokcho', 4250),
       (605, 159, 'cash', 533000, 152000, 381000, '2023-10-26 00:00:00', 'HOTEL', FALSE, 'seoul', 11430),
       (606, 179, 'credit card with reward', 1636000, 1082000, 554000, '2020-06-10 00:00:00', 'HOTEL', FALSE,
        'seoul', 27700),
       (607, 132, 'credit card with reward', 842000, 757000, 85000, '2019-12-19 00:00:00', 'DINING', FALSE,
        'seoul', 4250),
       (608, 181, 'cash', 797000, 524000, 273000, '2024-01-26 00:00:00', 'DINING', FALSE, 'busan', 8190),
       (609, 60, 'reward', 906000, 245000, 661000, '2019-04-05 00:00:00', 'HOTEL', FALSE, 'sokcho', 19830),
       (610, 109, 'cash with reward', 440000, 12000, 428000, '2024-04-19 00:00:00', 'HOTEL', FALSE, 'sokcho',
        12840),
       (611, 125, 'cash', 1586000, 1509000, 77000, '2021-10-05 00:00:00', 'DINING', FALSE, 'busan', 3080),
       (612, 188, 'credit card with reward', 1350000, 1233000, 117000, '2022-07-12 00:00:00', 'DINING', FALSE,
        'sokcho', 3510),
       (613, 13, 'credit card with reward', 1017000, 276000, 741000, '2021-03-19 00:00:00', 'DINING', FALSE,
        'seoul', 22230),
       (614, 41, 'credit card', 1994000, 1374000, 620000, '2022-03-13 00:00:00', 'DINING', FALSE, 'busan', 18600),
       (615, 95, 'credit card', 212000, 72000, 140000, '2019-04-15 00:00:00', 'HOTEL', FALSE, 'sokcho', 4200),
       (616, 122, 'credit card with reward', 602000, 216000, 386000, '2021-10-03 00:00:00', 'HOTEL', FALSE,
        'busan', 15440),
       (617, 46, 'reward', 1011000, 66000, 945000, '2018-08-06 00:00:00', 'DINING', FALSE, 'busan', 28350),
       (618, 153, 'credit card', 188000, 164000, 24000, '2019-10-15 00:00:00', 'HOTEL', FALSE, 'seoul', 1200),
       (619, 31, 'cash', 1074000, 508000, 566000, '2021-02-25 00:00:00', 'DINING', FALSE, 'seoul', 16980),
       (620, 145, 'reward', 1307000, 501000, 806000, '2022-03-16 00:00:00', 'HOTEL', FALSE, 'seoul', 40300),
       (621, 72, 'cash with reward', 1716000, 1636000, 80000, '2020-08-14 00:00:00', 'HOTEL', FALSE, 'sokcho',
        2400),
       (622, 133, 'credit card with reward', 930000, 817000, 113000, '2020-02-02 00:00:00', 'DINING', FALSE,
        'sokcho', 3390),
       (623, 128, 'credit card', 967000, 808000, 159000, '2020-02-09 00:00:00', 'DINING', FALSE, 'seoul', 4770),
       (624, 22, 'cash with reward', 1987000, 1707000, 280000, '2020-05-07 00:00:00', 'HOTEL', FALSE, 'seoul',
        8400),
       (625, 5, 'cash with reward', 690000, 192000, 498000, '2018-10-25 00:00:00', 'DINING', FALSE, 'busan',
        14940),
       (626, 165, 'cash', 1986000, 1317000, 669000, '2019-06-02 00:00:00', 'DINING', FALSE, 'sokcho', 20070),
       (627, 9, 'cash with reward', 107000, 61000, 46000, '2022-06-06 00:00:00', 'HOTEL', FALSE, 'sokcho', 1840),
       (628, 108, 'reward', 618000, 92000, 526000, '2022-05-11 00:00:00', 'HOTEL', FALSE, 'seoul', 15780),
       (629, 88, 'credit card', 237000, 191000, 46000, '2021-12-21 00:00:00', 'DINING', FALSE, 'seoul', 1840),
       (630, 136, 'reward', 1266000, 1202000, 64000, '2019-08-15 00:00:00', 'HOTEL', FALSE, 'seoul', 3200),
       (631, 16, 'cash', 1573000, 665000, 908000, '2024-02-06 00:00:00', 'DINING', FALSE, 'sokcho', 27240),
       (632, 15, 'reward', 655000, 222000, 433000, '2020-09-28 00:00:00', 'DINING', FALSE, 'busan', 12990),
       (633, 196, 'cash with reward', 829000, 778000, 51000, '2024-02-28 00:00:00', 'DINING', FALSE, 'busan',
        2550),
       (634, 85, 'cash', 868000, 412000, 456000, '2019-02-12 00:00:00', 'HOTEL', FALSE, 'sokcho', 22800),
       (635, 78, 'reward', 350000, 339000, 11000, '2021-08-08 00:00:00', 'DINING', FALSE, 'seoul', 550),
       (636, 145, 'credit card', 1836000, 923000, 913000, '2022-04-09 00:00:00', 'HOTEL', FALSE, 'sokcho', 45650),
       (637, 31, 'reward', 278000, 95000, 183000, '2020-07-26 00:00:00', 'HOTEL', FALSE, 'seoul', 5490),
       (638, 195, 'credit card with reward', 1637000, 468000, 1169000, '2024-02-26 00:00:00', 'DINING', FALSE,
        'busan', 35070),
       (639, 45, 'cash with reward', 983000, 854000, 129000, '2020-04-25 00:00:00', 'HOTEL', FALSE, 'seoul',
        5160),
       (640, 138, 'cash', 1553000, 1325000, 228000, '2022-08-06 00:00:00', 'DINING', FALSE, 'busan', 6840),
       (641, 101, 'credit card with reward', 1864000, 1524000, 340000, '2023-03-03 00:00:00', 'DINING', FALSE,
        'sokcho', 10200),
       (642, 192, 'cash with reward', 182000, 2000, 180000, '2025-01-03 00:00:00', 'DINING', FALSE, 'sokcho',
        7200),
       (643, 55, 'reward', 674000, 575000, 99000, '2019-02-01 00:00:00', 'HOTEL', FALSE, 'seoul', 3960),
       (644, 102, 'credit card', 1508000, 623000, 885000, '2024-05-07 00:00:00', 'HOTEL', FALSE, 'busan', 26550),
       (645, 74, 'credit card', 290000, 218000, 72000, '2022-10-21 00:00:00', 'HOTEL', FALSE, 'sokcho', 3600),
       (646, 178, 'credit card with reward', 1428000, 916000, 512000, '2022-04-02 00:00:00', 'HOTEL', FALSE,
        'sokcho', 15360),
       (647, 127, 'credit card', 635000, 465000, 170000, '2019-07-15 00:00:00', 'HOTEL', FALSE, 'busan', 6800),
       (648, 161, 'credit card with reward', 151000, 50000, 101000, '2019-03-31 00:00:00', 'HOTEL', FALSE,
        'seoul', 4040),
       (649, 24, 'reward', 253000, 12000, 241000, '2022-11-04 00:00:00', 'DINING', FALSE, 'busan', 7230),
       (650, 182, 'credit card with reward', 1267000, 1132000, 135000, '2024-05-16 00:00:00', 'DINING', FALSE,
        'busan', 4050),
       (651, 98, 'cash', 748000, 350000, 398000, '2022-11-17 00:00:00', 'DINING', FALSE, 'sokcho', 19900),
       (652, 199, 'cash', 1154000, 125000, 1029000, '2021-06-24 00:00:00', 'DINING', FALSE, 'sokcho', 30870),
       (653, 32, 'cash', 157000, 5000, 152000, '2021-05-01 00:00:00', 'HOTEL', FALSE, 'seoul', 7600),
       (654, 167, 'cash with reward', 468000, 8000, 460000, '2019-07-01 00:00:00', 'DINING', FALSE, 'seoul',
        13800),
       (655, 63, 'credit card with reward', 1049000, 780000, 269000, '2022-08-04 00:00:00', 'DINING', FALSE,
        'busan', 8070),
       (656, 87, 'cash', 1278000, 575000, 703000, '2020-06-25 00:00:00', 'HOTEL', FALSE, 'sokcho', 21090),
       (657, 44, 'reward', 886000, 24000, 862000, '2020-10-24 00:00:00', 'HOTEL', FALSE, 'busan', 43100),
       (658, 189, 'cash with reward', 288000, 53000, 235000, '2024-06-10 00:00:00', 'HOTEL', FALSE, 'busan',
        7050),
       (659, 72, 'cash', 1851000, 1102000, 749000, '2020-07-31 00:00:00', 'DINING', FALSE, 'seoul', 22470),
       (660, 3, 'cash', 1565000, 674000, 891000, '2019-07-18 00:00:00', 'HOTEL', FALSE, 'seoul', 26730),
       (661, 15, 'credit card with reward', 1637000, 416000, 1221000, '2021-03-12 00:00:00', 'HOTEL', FALSE,
        'busan', 36630),
       (662, 195, 'credit card', 1820000, 1701000, 119000, '2024-09-24 00:00:00', 'DINING', FALSE, 'seoul', 3570),
       (663, 121, 'credit card', 1981000, 195000, 1786000, '2023-01-23 00:00:00', 'DINING', FALSE, 'seoul',
        53580),
       (664, 183, 'cash with reward', 1325000, 984000, 341000, '2018-08-23 00:00:00', 'HOTEL', FALSE, 'busan',
        10230),
       (665, 133, 'cash with reward', 1005000, 183000, 822000, '2019-07-06 00:00:00', 'DINING', FALSE, 'busan',
        24660),
       (666, 150, 'cash with reward', 1791000, 138000, 1653000, '2021-09-25 00:00:00', 'HOTEL', FALSE, 'seoul',
        49590),
       (667, 26, 'cash with reward', 1845000, 1104000, 741000, '2024-01-17 00:00:00', 'HOTEL', FALSE, 'sokcho',
        22230),
       (668, 4, 'credit card with reward', 1498000, 764000, 734000, '2022-06-15 00:00:00', 'HOTEL', FALSE,
        'sokcho', 22020),
       (669, 128, 'credit card with reward', 1346000, 588000, 758000, '2019-06-07 00:00:00', 'DINING', FALSE,
        'seoul', 22740),
       (670, 23, 'reward', 1723000, 671000, 1052000, '2022-03-19 00:00:00', 'DINING', FALSE, 'seoul', 42080),
       (671, 81, 'reward', 192000, 96000, 96000, '2023-08-23 00:00:00', 'HOTEL', FALSE, 'sokcho', 3840),
       (672, 156, 'reward', 585000, 521000, 64000, '2022-02-21 00:00:00', 'DINING', FALSE, 'busan', 1920),
       (673, 60, 'credit card', 895000, 296000, 599000, '2019-03-15 00:00:00', 'HOTEL', FALSE, 'busan', 17970),
       (674, 118, 'cash with reward', 736000, 567000, 169000, '2019-10-28 00:00:00', 'HOTEL', FALSE, 'sokcho',
        8450),
       (675, 171, 'cash with reward', 1966000, 1575000, 391000, '2023-12-30 00:00:00', 'HOTEL', FALSE, 'busan',
        19550),
       (676, 93, 'cash with reward', 631000, 519000, 112000, '2019-01-16 00:00:00', 'DINING', FALSE, 'seoul',
        3360),
       (677, 12, 'cash', 941000, 930000, 11000, '2020-11-12 00:00:00', 'HOTEL', FALSE, 'seoul', 440),
       (678, 46, 'reward', 1633000, 680000, 953000, '2018-10-14 00:00:00', 'HOTEL', FALSE, 'sokcho', 28590),
       (679, 1, 'reward', 1159000, 899000, 260000, '2022-01-27 00:00:00', 'DINING', FALSE, 'sokcho', 7800),
       (680, 29, 'credit card', 1475000, 1090000, 385000, '2024-01-12 00:00:00', 'HOTEL', FALSE, 'busan', 15400),
       (681, 154, 'credit card with reward', 1590000, 96000, 1494000, '2020-01-28 00:00:00', 'HOTEL', FALSE,
        'sokcho', 44820),
       (682, 188, 'credit card', 348000, 65000, 283000, '2023-04-20 00:00:00', 'HOTEL', FALSE, 'sokcho', 8490),
       (683, 26, 'cash with reward', 557000, 289000, 268000, '2024-01-04 00:00:00', 'HOTEL', FALSE, 'busan',
        8040),
       (684, 88, 'cash', 1446000, 449000, 997000, '2022-09-05 00:00:00', 'DINING', FALSE, 'busan', 39880),
       (685, 144, 'cash', 1583000, 896000, 687000, '2020-09-08 00:00:00', 'DINING', FALSE, 'seoul', 20610),
       (686, 134, 'reward', 1324000, 940000, 384000, '2022-06-30 00:00:00', 'DINING', FALSE, 'seoul', 19200),
       (687, 5, 'cash with reward', 1045000, 320000, 725000, '2018-06-15 00:00:00', 'DINING', FALSE, 'busan',
        21750),
       (688, 47, 'credit card', 1382000, 1339000, 43000, '2023-10-26 00:00:00', 'HOTEL', FALSE, 'seoul', 1720),
       (689, 182, 'credit card', 674000, 567000, 107000, '2024-11-12 00:00:00', 'HOTEL', FALSE, 'sokcho', 3210),
       (690, 118, 'credit card with reward', 1501000, 554000, 947000, '2019-06-09 00:00:00', 'HOTEL', FALSE,
        'busan', 47350),
       (691, 185, 'cash', 1666000, 1441000, 225000, '2020-09-15 00:00:00', 'HOTEL', FALSE, 'seoul', 9000),
       (692, 159, 'reward', 1564000, 1144000, 420000, '2023-09-14 00:00:00', 'HOTEL', FALSE, 'seoul', 12600),
       (693, 3, 'credit card', 295000, 289000, 6000, '2019-05-07 00:00:00', 'DINING', FALSE, 'sokcho', 180),
       (694, 90, 'credit card with reward', 1204000, 327000, 877000, '2023-09-23 00:00:00', 'DINING', FALSE,
        'sokcho', 26310),
       (695, 150, 'reward', 1605000, 301000, 1304000, '2021-07-19 00:00:00', 'HOTEL', FALSE, 'seoul', 39120),
       (696, 42, 'reward', 806000, 778000, 28000, '2023-07-28 00:00:00', 'DINING', FALSE, 'sokcho', 840),
       (697, 72, 'cash', 813000, 561000, 252000, '2020-08-28 00:00:00', 'DINING', FALSE, 'sokcho', 7560),
       (698, 153, 'cash with reward', 1714000, 1616000, 98000, '2020-02-23 00:00:00', 'DINING', FALSE, 'busan',
        4900),
       (699, 110, 'cash with reward', 1422000, 1197000, 225000, '2018-10-13 00:00:00', 'HOTEL', FALSE, 'seoul',
        11250),
       (700, 124, 'cash with reward', 417000, 412000, 5000, '2019-08-01 00:00:00', 'HOTEL', FALSE, 'seoul', 200),
       (701, 22, 'credit card', 1425000, 359000, 1066000, '2020-08-02 00:00:00', 'DINING', FALSE, 'busan', 31980),
       (702, 115, 'credit card with reward', 1022000, 873000, 149000, '2022-11-19 00:00:00', 'DINING', FALSE,
        'busan', 4470),
       (703, 23, 'reward', 894000, 706000, 188000, '2022-05-11 00:00:00', 'DINING', FALSE, 'seoul', 7520),
       (704, 133, 'reward', 1308000, 358000, 950000, '2019-09-25 00:00:00', 'DINING', FALSE, 'sokcho', 28500),
       (705, 85, 'credit card with reward', 697000, 633000, 64000, '2018-07-15 00:00:00', 'HOTEL', FALSE, 'busan',
        3200),
       (706, 145, 'cash with reward', 843000, 573000, 270000, '2022-03-14 00:00:00', 'HOTEL', FALSE, 'seoul',
        13500),
       (707, 73, 'credit card with reward', 1838000, 457000, 1381000, '2020-09-24 00:00:00', 'HOTEL', FALSE,
        'busan', 55240),
       (708, 171, 'credit card with reward', 1348000, 956000, 392000, '2024-03-02 00:00:00', 'DINING', FALSE,
        'busan', 19600),
       (709, 8, 'reward', 1701000, 1625000, 76000, '2022-12-22 00:00:00', 'HOTEL', FALSE, 'sokcho', 3040),
       (710, 93, 'cash with reward', 1112000, 304000, 808000, '2019-01-03 00:00:00', 'HOTEL', FALSE, 'busan',
        24240),
       (711, 82, 'cash', 1755000, 1225000, 530000, '2019-05-12 00:00:00', 'DINING', FALSE, 'seoul', 26500),
       (712, 158, 'credit card', 818000, 486000, 332000, '2024-01-27 00:00:00', 'DINING', FALSE, 'sokcho', 9960),
       (713, 35, 'credit card with reward', 1671000, 493000, 1178000, '2020-07-09 00:00:00', 'HOTEL', FALSE,
        'seoul', 58900),
       (714, 5, 'reward', 639000, 463000, 176000, '2018-03-10 00:00:00', 'HOTEL', FALSE, 'seoul', 5280),
       (715, 60, 'credit card with reward', 701000, 232000, 469000, '2019-06-04 00:00:00', 'DINING', FALSE,
        'seoul', 14070),
       (716, 194, 'cash', 1560000, 241000, 1319000, '2022-11-05 00:00:00', 'HOTEL', FALSE, 'busan', 39570),
       (717, 65, 'credit card with reward', 1432000, 196000, 1236000, '2019-01-28 00:00:00', 'HOTEL', FALSE,
        'sokcho', 49440),
       (718, 83, 'reward', 1596000, 59000, 1537000, '2021-03-20 00:00:00', 'HOTEL', FALSE, 'busan', 46110),
       (719, 132, 'credit card', 1092000, 509000, 583000, '2020-05-14 00:00:00', 'HOTEL', FALSE, 'seoul', 29150),
       (720, 46, 'cash', 1568000, 1230000, 338000, '2019-02-05 00:00:00', 'DINING', FALSE, 'sokcho', 10140),
       (721, 148, 'cash', 982000, 819000, 163000, '2018-08-27 00:00:00', 'DINING', FALSE, 'sokcho', 4890),
       (722, 55, 'cash', 1043000, 586000, 457000, '2019-06-25 00:00:00', 'HOTEL', FALSE, 'busan', 18280),
       (723, 111, 'credit card', 1717000, 1544000, 173000, '2021-02-08 00:00:00', 'HOTEL', FALSE, 'sokcho', 5190),
       (724, 131, 'cash with reward', 1857000, 1439000, 418000, '2019-05-05 00:00:00', 'DINING', FALSE, 'sokcho',
        20900),
       (725, 182, 'credit card', 1350000, 55000, 1295000, '2024-12-07 00:00:00', 'HOTEL', FALSE, 'seoul', 38850),
       (726, 114, 'credit card', 285000, 76000, 209000, '2019-01-04 00:00:00', 'DINING', FALSE, 'busan', 10450),
       (727, 63, 'cash', 434000, 117000, 317000, '2023-07-30 00:00:00', 'DINING', FALSE, 'seoul', 9510),
       (728, 175, 'credit card with reward', 452000, 87000, 365000, '2019-08-28 00:00:00', 'HOTEL', FALSE,
        'sokcho', 10950),
       (729, 139, 'reward', 716000, 33000, 683000, '2023-03-11 00:00:00', 'HOTEL', FALSE, 'busan', 34150),
       (730, 179, 'credit card', 1363000, 776000, 587000, '2019-12-29 00:00:00', 'DINING', FALSE, 'seoul', 29350),
       (731, 67, 'credit card', 1340000, 601000, 739000, '2022-01-20 00:00:00', 'HOTEL', FALSE, 'seoul', 36950),
       (732, 33, 'credit card with reward', 1552000, 909000, 643000, '2019-01-25 00:00:00', 'DINING', FALSE,
        'sokcho', 19290),
       (733, 96, 'credit card', 789000, 397000, 392000, '2020-07-12 00:00:00', 'HOTEL', FALSE, 'busan', 11760),
       (734, 158, 'credit card', 1234000, 239000, 995000, '2023-08-14 00:00:00', 'HOTEL', FALSE, 'seoul', 29850),
       (735, 99, 'cash', 1496000, 67000, 1429000, '2023-04-01 00:00:00', 'DINING', FALSE, 'sokcho', 42870),
       (736, 3, 'credit card', 1644000, 521000, 1123000, '2019-03-29 00:00:00', 'HOTEL', FALSE, 'busan', 33690),
       (737, 11, 'reward', 750000, 205000, 545000, '2020-06-28 00:00:00', 'DINING', FALSE, 'busan', 21800),
       (738, 74, 'cash', 1746000, 493000, 1253000, '2022-04-14 00:00:00', 'DINING', FALSE, 'sokcho', 62650),
       (739, 30, 'cash with reward', 1983000, 1009000, 974000, '2023-01-28 00:00:00', 'HOTEL', FALSE, 'seoul',
        29220),
       (740, 8, 'reward', 1620000, 493000, 1127000, '2023-01-22 00:00:00', 'HOTEL', FALSE, 'sokcho', 45080),
       (741, 146, 'credit card', 1884000, 102000, 1782000, '2021-11-02 00:00:00', 'DINING', FALSE, 'seoul',
        71280),
       (742, 165, 'cash with reward', 799000, 266000, 533000, '2018-12-23 00:00:00', 'DINING', FALSE, 'seoul',
        15990),
       (743, 51, 'credit card', 1151000, 128000, 1023000, '2023-01-19 00:00:00', 'DINING', FALSE, 'busan', 30690),
       (744, 176, 'reward', 1761000, 738000, 1023000, '2019-04-12 00:00:00', 'DINING', FALSE, 'busan', 51150),
       (745, 128, 'cash with reward', 1700000, 455000, 1245000, '2019-10-05 00:00:00', 'HOTEL', FALSE, 'busan',
        37350),
       (746, 148, 'cash', 1763000, 334000, 1429000, '2018-10-29 00:00:00', 'DINING', FALSE, 'busan', 42870),
       (747, 38, 'cash with reward', 179000, 11000, 168000, '2019-11-15 00:00:00', 'DINING', FALSE, 'sokcho',
        8400),
       (748, 28, 'credit card with reward', 1305000, 426000, 879000, '2020-04-20 00:00:00', 'DINING', FALSE,
        'seoul', 26370),
       (749, 195, 'credit card', 1989000, 877000, 1112000, '2024-02-21 00:00:00', 'DINING', FALSE, 'sokcho',
        33360),
       (750, 89, 'credit card with reward', 1835000, 1401000, 434000, '2021-07-08 00:00:00', 'HOTEL', FALSE,
        'seoul', 17360),
       (751, 31, 'credit card', 804000, 339000, 465000, '2020-03-16 00:00:00', 'DINING', FALSE, 'seoul', 13950),
       (752, 77, 'reward', 872000, 695000, 177000, '2022-03-08 00:00:00', 'DINING', FALSE, 'seoul', 5310),
       (753, 182, 'credit card', 254000, 68000, 186000, '2025-02-09 00:00:00', 'HOTEL', FALSE, 'sokcho', 5580),
       (754, 156, 'cash with reward', 601000, 361000, 240000, '2022-01-11 00:00:00', 'HOTEL', FALSE, 'busan',
        7200),
       (755, 88, 'credit card', 1616000, 124000, 1492000, '2022-08-02 00:00:00', 'HOTEL', FALSE, 'sokcho', 59680),
       (756, 29, 'cash', 483000, 115000, 368000, '2023-11-12 00:00:00', 'HOTEL', FALSE, 'sokcho', 14720),
       (757, 79, 'credit card', 1080000, 897000, 183000, '2024-07-18 00:00:00', 'DINING', FALSE, 'seoul', 9150),
       (758, 188, 'reward', 473000, 450000, 23000, '2023-05-29 00:00:00', 'HOTEL', FALSE, 'sokcho', 690),
       (759, 86, 'credit card with reward', 1659000, 463000, 1196000, '2023-06-21 00:00:00', 'DINING', FALSE,
        'busan', 35880),
       (760, 61, 'credit card', 744000, 480000, 264000, '2022-04-25 00:00:00', 'HOTEL', FALSE, 'seoul', 7920),
       (761, 132, 'credit card', 632000, 627000, 5000, '2020-03-08 00:00:00', 'DINING', FALSE, 'sokcho', 250),
       (762, 84, 'credit card with reward', 166000, 70000, 96000, '2021-02-02 00:00:00', 'HOTEL', FALSE, 'sokcho',
        2880),
       (763, 172, 'cash with reward', 447000, 23000, 424000, '2021-08-10 00:00:00', 'HOTEL', FALSE, 'seoul',
        16960),
       (764, 175, 'credit card with reward', 1427000, 855000, 572000, '2019-02-12 00:00:00', 'DINING', FALSE,
        'busan', 17160),
       (765, 14, 'credit card with reward', 1353000, 29000, 1324000, '2022-11-21 00:00:00', 'DINING', FALSE,
        'seoul', 66200),
       (766, 16, 'cash with reward', 207000, 46000, 161000, '2023-09-02 00:00:00', 'DINING', FALSE, 'seoul',
        4830),
       (767, 9, 'credit card with reward', 1835000, 939000, 896000, '2022-01-15 00:00:00', 'HOTEL', FALSE,
        'sokcho', 35840),
       (768, 50, 'credit card', 1544000, 284000, 1260000, '2023-01-29 00:00:00', 'DINING', FALSE, 'sokcho',
        50400),
       (769, 94, 'cash', 772000, 210000, 562000, '2019-12-19 00:00:00', 'DINING', FALSE, 'busan', 22480),
       (770, 111, 'credit card with reward', 319000, 88000, 231000, '2020-12-30 00:00:00', 'DINING', FALSE,
        'seoul', 6930),
       (771, 15, 'reward', 1850000, 1307000, 543000, '2020-10-15 00:00:00', 'HOTEL', FALSE, 'seoul', 16290),
       (772, 91, 'credit card', 1327000, 1091000, 236000, '2021-04-08 00:00:00', 'HOTEL', FALSE, 'busan', 7080),
       (773, 119, 'credit card with reward', 978000, 263000, 715000, '2022-04-06 00:00:00', 'DINING', FALSE,
        'sokcho', 21450),
       (774, 98, 'reward', 279000, 91000, 188000, '2022-11-12 00:00:00', 'HOTEL', FALSE, 'busan', 9400),
       (775, 115, 'cash', 254000, 4000, 250000, '2023-11-08 00:00:00', 'HOTEL', FALSE, 'seoul', 7500),
       (776, 15, 'cash with reward', 482000, 137000, 345000, '2021-01-24 00:00:00', 'DINING', FALSE, 'sokcho',
        10350),
       (777, 131, 'credit card with reward', 156000, 28000, 128000, '2020-01-10 00:00:00', 'HOTEL', FALSE,
        'sokcho', 6400),
       (778, 95, 'credit card with reward', 149000, 132000, 17000, '2019-10-31 00:00:00', 'DINING', FALSE,
        'busan', 510),
       (779, 30, 'credit card', 358000, 87000, 271000, '2023-11-01 00:00:00', 'DINING', FALSE, 'busan', 8130),
       (780, 175, 'reward', 243000, 102000, 141000, '2019-03-16 00:00:00', 'DINING', FALSE, 'seoul', 4230),
       (781, 107, 'credit card with reward', 916000, 580000, 336000, '2022-08-26 00:00:00', 'DINING', FALSE,
        'busan', 10080),
       (782, 32, 'credit card', 207000, 10000, 197000, '2020-12-21 00:00:00', 'DINING', FALSE, 'sokcho', 9850),
       (783, 193, 'credit card', 1457000, 1298000, 159000, '2023-11-01 00:00:00', 'DINING', FALSE, 'seoul', 7950),
       (784, 155, 'credit card with reward', 1206000, 347000, 859000, '2021-03-20 00:00:00', 'DINING', FALSE,
        'seoul', 34360),
       (785, 198, 'credit card with reward', 808000, 37000, 771000, '2019-12-19 00:00:00', 'HOTEL', FALSE,
        'busan', 23130),
       (786, 36, 'cash with reward', 1115000, 927000, 188000, '2024-06-19 00:00:00', 'HOTEL', FALSE, 'busan',
        5640),
       (787, 55, 'cash with reward', 108000, 59000, 49000, '2018-08-20 00:00:00', 'DINING', FALSE, 'sokcho',
        1960),
       (788, 34, 'credit card', 938000, 764000, 174000, '2022-07-26 00:00:00', 'HOTEL', FALSE, 'busan', 6960),
       (789, 44, 'credit card', 1693000, 1575000, 118000, '2021-03-11 00:00:00', 'HOTEL', FALSE, 'busan', 5900),
       (790, 157, 'credit card with reward', 1634000, 636000, 998000, '2021-09-03 00:00:00', 'HOTEL', FALSE,
        'seoul', 39920),
       (791, 45, 'credit card', 1171000, 118000, 1053000, '2020-05-31 00:00:00', 'HOTEL', FALSE, 'seoul', 42120),
       (792, 83, 'cash with reward', 881000, 406000, 475000, '2020-10-21 00:00:00', 'DINING', FALSE, 'seoul',
        14250),
       (793, 143, 'cash with reward', 1322000, 361000, 961000, '2023-09-04 00:00:00', 'HOTEL', FALSE, 'busan',
        48050),
       (794, 78, 'cash', 1838000, 1547000, 291000, '2021-07-31 00:00:00', 'HOTEL', FALSE, 'sokcho', 14550),
       (795, 178, 'reward', 1164000, 968000, 196000, '2022-06-18 00:00:00', 'DINING', FALSE, 'busan', 5880),
       (796, 11, 'reward', 156000, 142000, 14000, '2020-08-04 00:00:00', 'HOTEL', FALSE, 'seoul', 560),
       (797, 177, 'credit card with reward', 801000, 423000, 378000, '2024-04-23 00:00:00', 'DINING', FALSE,
        'seoul', 11340),
       (798, 85, 'credit card', 369000, 177000, 192000, '2019-01-31 00:00:00', 'DINING', FALSE, 'sokcho', 9600),
       (799, 57, 'reward', 109000, 12000, 97000, '2022-12-30 00:00:00', 'HOTEL', FALSE, 'seoul', 2910),
       (800, 197, 'cash with reward', 145000, 9000, 136000, '2019-02-01 00:00:00', 'DINING', FALSE, 'sokcho',
        6800),
       (801, 185, 'cash', 772000, 62000, 710000, '2020-01-22 00:00:00', 'HOTEL', FALSE, 'busan', 28400),
       (802, 21, 'credit card with reward', 1071000, 1009000, 62000, '2022-10-08 00:00:00', 'HOTEL', FALSE,
        'sokcho', 3100),
       (803, 104, 'cash', 892000, 734000, 158000, '2023-04-01 00:00:00', 'HOTEL', FALSE, 'seoul', 4740),
       (804, 54, 'reward', 173000, 23000, 150000, '2019-03-31 00:00:00', 'DINING', FALSE, 'busan', 6000),
       (805, 38, 'cash', 442000, 193000, 249000, '2019-02-17 00:00:00', 'HOTEL', FALSE, 'seoul', 12450),
       (806, 97, 'credit card', 1544000, 101000, 1443000, '2020-08-20 00:00:00', 'HOTEL', FALSE, 'busan', 57720),
       (807, 39, 'cash with reward', 1092000, 722000, 370000, '2023-10-26 00:00:00', 'HOTEL', FALSE, 'sokcho',
        14800),
       (808, 12, 'credit card with reward', 662000, 459000, 203000, '2021-07-02 00:00:00', 'HOTEL', FALSE,
        'sokcho', 8120),
       (809, 124, 'cash', 1898000, 1318000, 580000, '2019-12-05 00:00:00', 'HOTEL', FALSE, 'seoul', 23200),
       (810, 98, 'cash', 1131000, 1051000, 80000, '2023-08-14 00:00:00', 'HOTEL', FALSE, 'sokcho', 4000),
       (811, 109, 'reward', 1467000, 1112000, 355000, '2024-06-29 00:00:00', 'HOTEL', FALSE, 'seoul', 10650),
       (812, 45, 'cash', 1735000, 420000, 1315000, '2020-07-13 00:00:00', 'DINING', FALSE, 'sokcho', 52600),
       (813, 35, 'cash with reward', 1949000, 1584000, 365000, '2019-08-02 00:00:00', 'HOTEL', FALSE, 'busan',
        18250),
       (814, 107, 'credit card', 464000, 435000, 29000, '2021-12-28 00:00:00', 'DINING', FALSE, 'sokcho', 870),
       (815, 129, 'cash with reward', 720000, 104000, 616000, '2022-05-28 00:00:00', 'DINING', FALSE, 'seoul',
        18480),
       (816, 75, 'cash with reward', 980000, 538000, 442000, '2021-06-29 00:00:00', 'DINING', FALSE, 'busan',
        13260),
       (817, 55, 'credit card', 942000, 807000, 135000, '2018-09-05 00:00:00', 'DINING', FALSE, 'sokcho', 5400),
       (818, 173, 'cash with reward', 636000, 454000, 182000, '2018-10-20 00:00:00', 'DINING', FALSE, 'seoul',
        5460),
       (819, 141, 'reward', 1090000, 119000, 971000, '2023-06-07 00:00:00', 'DINING', FALSE, 'sokcho', 29130),
       (820, 189, 'cash', 1016000, 145000, 871000, '2024-07-16 00:00:00', 'HOTEL', FALSE, 'busan', 26130),
       (821, 195, 'credit card', 1385000, 98000, 1287000, '2024-05-17 00:00:00', 'HOTEL', FALSE, 'sokcho', 38610),
       (822, 139, 'credit card with reward', 1614000, 1520000, 94000, '2023-05-08 00:00:00', 'HOTEL', FALSE,
        'busan', 4700),
       (823, 185, 'reward', 1540000, 791000, 749000, '2020-11-06 00:00:00', 'DINING', FALSE, 'busan', 29960),
       (824, 56, 'credit card', 1274000, 377000, 897000, '2023-01-29 00:00:00', 'DINING', FALSE, 'busan', 26910),
       (825, 174, 'reward', 1993000, 1119000, 874000, '2023-09-06 00:00:00', 'DINING', FALSE, 'seoul', 26220),
       (826, 85, 'credit card', 493000, 456000, 37000, '2019-02-03 00:00:00', 'HOTEL', FALSE, 'sokcho', 1850),
       (827, 155, 'cash', 1634000, 796000, 838000, '2021-06-01 00:00:00', 'HOTEL', FALSE, 'sokcho', 33520),
       (828, 112, 'credit card with reward', 1301000, 58000, 1243000, '2022-09-14 00:00:00', 'DINING', FALSE,
        'busan', 37290),
       (829, 138, 'cash with reward', 1226000, 728000, 498000, '2022-11-21 00:00:00', 'HOTEL', FALSE, 'busan',
        14940),
       (830, 200, 'cash', 1069000, 76000, 993000, '2024-03-27 00:00:00', 'HOTEL', FALSE, 'sokcho', 29790),
       (831, 116, 'credit card with reward', 577000, 233000, 344000, '2024-02-23 00:00:00', 'DINING', FALSE,
        'sokcho', 10320),
       (832, 127, 'credit card with reward', 1730000, 1382000, 348000, '2019-08-24 00:00:00', 'DINING', FALSE,
        'seoul', 13920),
       (833, 132, 'credit card', 1370000, 1124000, 246000, '2020-10-02 00:00:00', 'HOTEL', FALSE, 'busan', 12300),
       (834, 110, 'cash', 1160000, 695000, 465000, '2018-08-24 00:00:00', 'HOTEL', FALSE, 'seoul', 23250),
       (835, 178, 'cash', 1675000, 1368000, 307000, '2022-04-06 00:00:00', 'DINING', FALSE, 'sokcho', 9210),
       (836, 187, 'reward', 1001000, 688000, 313000, '2024-09-25 00:00:00', 'HOTEL', FALSE, 'seoul', 12520),
       (837, 90, 'credit card', 983000, 329000, 654000, '2022-12-22 00:00:00', 'DINING', FALSE, 'seoul', 19620),
       (838, 92, 'reward', 1496000, 620000, 876000, '2022-08-02 00:00:00', 'HOTEL', FALSE, 'sokcho', 43800),
       (839, 109, 'cash', 1397000, 179000, 1218000, '2024-05-28 00:00:00', 'DINING', FALSE, 'busan', 36540),
       (840, 61, 'reward', 1311000, 462000, 849000, '2021-09-04 00:00:00', 'HOTEL', FALSE, 'busan', 25470),
       (841, 55, 'credit card', 1847000, 572000, 1275000, '2019-04-04 00:00:00', 'HOTEL', FALSE, 'sokcho', 51000),
       (842, 57, 'credit card with reward', 1706000, 481000, 1225000, '2023-04-23 00:00:00', 'HOTEL', FALSE,
        'busan', 36750),
       (843, 121, 'credit card', 131000, 34000, 97000, '2023-06-22 00:00:00', 'HOTEL', FALSE, 'busan', 2910),
       (844, 102, 'credit card with reward', 1977000, 202000, 1775000, '2023-10-31 00:00:00', 'HOTEL', FALSE,
        'busan', 53250),
       (845, 138, 'credit card with reward', 664000, 154000, 510000, '2022-10-26 00:00:00', 'DINING', FALSE,
        'busan', 15300),
       (846, 45, 'cash', 955000, 752000, 203000, '2020-05-04 00:00:00', 'HOTEL', FALSE, 'busan', 8120),
       (847, 115, 'reward', 1880000, 377000, 1503000, '2023-06-08 00:00:00', 'HOTEL', FALSE, 'sokcho', 45090),
       (848, 83, 'cash with reward', 1844000, 1828000, 16000, '2020-09-27 00:00:00', 'HOTEL', FALSE, 'sokcho',
        480),
       (849, 166, 'credit card with reward', 451000, 89000, 362000, '2023-08-15 00:00:00', 'HOTEL', FALSE,
        'sokcho', 18100),
       (850, 52, 'credit card with reward', 103000, 10000, 93000, '2023-10-13 00:00:00', 'DINING', FALSE, 'seoul',
        2790),
       (851, 46, 'cash', 717000, 400000, 317000, '2018-09-16 00:00:00', 'HOTEL', FALSE, 'seoul', 9510),
       (852, 194, 'reward', 1356000, 1083000, 273000, '2022-08-25 00:00:00', 'HOTEL', FALSE, 'sokcho', 8190),
       (853, 132, 'credit card', 816000, 791000, 25000, '2020-06-08 00:00:00', 'DINING', FALSE, 'busan', 1250),
       (854, 49, 'cash', 166000, 154000, 12000, '2018-10-31 00:00:00', 'HOTEL', FALSE, 'busan', 600),
       (855, 158, 'cash with reward', 244000, 59000, 185000, '2023-08-24 00:00:00', 'HOTEL', FALSE, 'busan',
        5550),
       (856, 13, 'reward', 190000, 44000, 146000, '2021-08-16 00:00:00', 'HOTEL', FALSE, 'seoul', 4380),
       (857, 128, 'credit card with reward', 1684000, 1465000, 219000, '2020-01-30 00:00:00', 'DINING', FALSE,
        'sokcho', 6570),
       (858, 5, 'cash with reward', 856000, 362000, 494000, '2018-11-28 00:00:00', 'HOTEL', FALSE, 'busan',
        14820),
       (859, 89, 'reward', 103000, 74000, 29000, '2021-06-25 00:00:00', 'DINING', FALSE, 'sokcho', 1160),
       (860, 113, 'credit card', 127000, 8000, 119000, '2022-05-17 00:00:00', 'DINING', FALSE, 'busan', 4760),
       (861, 1, 'cash with reward', 1773000, 804000, 969000, '2022-04-26 00:00:00', 'DINING', FALSE, 'busan',
        29070),
       (862, 7, 'credit card', 1948000, 590000, 1358000, '2022-07-17 00:00:00', 'DINING', FALSE, 'busan', 54320),
       (863, 133, 'credit card with reward', 325000, 85000, 240000, '2020-02-10 00:00:00', 'DINING', FALSE,
        'seoul', 7200),
       (864, 60, 'credit card with reward', 1665000, 1527000, 138000, '2019-01-05 00:00:00', 'HOTEL', FALSE,
        'busan', 4140),
       (865, 159, 'credit card', 1314000, 383000, 931000, '2023-09-27 00:00:00', 'DINING', FALSE, 'busan', 27930),
       (866, 17, 'credit card', 1158000, 914000, 244000, '2024-01-22 00:00:00', 'DINING', FALSE, 'busan', 7320),
       (867, 193, 'credit card with reward', 1510000, 224000, 1286000, '2023-07-25 00:00:00', 'HOTEL', FALSE,
        'seoul', 64300),
       (868, 79, 'credit card', 305000, 62000, 243000, '2024-09-30 00:00:00', 'DINING', FALSE, 'sokcho', 12150),
       (869, 156, 'credit card', 1857000, 365000, 1492000, '2022-02-17 00:00:00', 'HOTEL', FALSE, 'seoul', 44760),
       (870, 99, 'cash', 409000, 345000, 64000, '2023-10-09 00:00:00', 'HOTEL', FALSE, 'sokcho', 1920),
       (871, 75, 'credit card with reward', 890000, 445000, 445000, '2022-03-05 00:00:00', 'HOTEL', FALSE,
        'seoul', 13350),
       (872, 193, 'cash with reward', 967000, 234000, 733000, '2023-11-25 00:00:00', 'HOTEL', FALSE, 'busan',
        36650),
       (873, 47, 'cash', 654000, 93000, 561000, '2024-05-23 00:00:00', 'DINING', FALSE, 'seoul', 22440),
       (874, 4, 'cash', 635000, 629000, 6000, '2022-03-20 00:00:00', 'HOTEL', FALSE, 'sokcho', 180),
       (875, 137, 'credit card', 978000, 77000, 901000, '2020-03-22 00:00:00', 'HOTEL', FALSE, 'busan', 36040),
       (876, 125, 'credit card with reward', 269000, 78000, 191000, '2021-05-21 00:00:00', 'DINING', FALSE,
        'seoul', 7640),
       (877, 157, 'cash with reward', 348000, 44000, 304000, '2022-07-01 00:00:00', 'HOTEL', FALSE, 'sokcho',
        12160),
       (878, 120, 'credit card with reward', 1972000, 1656000, 316000, '2024-09-16 00:00:00', 'DINING', FALSE,
        'sokcho', 15800),
       (879, 3, 'credit card', 1214000, 896000, 318000, '2019-12-12 00:00:00', 'HOTEL', FALSE, 'sokcho', 9540),
       (880, 2, 'credit card with reward', 192000, 178000, 14000, '2022-02-17 00:00:00', 'DINING', FALSE, 'busan',
        420),
       (881, 142, 'credit card', 1644000, 162000, 1482000, '2021-12-04 00:00:00', 'HOTEL', FALSE, 'seoul', 74100),
       (882, 88, 'cash with reward', 409000, 264000, 145000, '2021-12-03 00:00:00', 'DINING', FALSE, 'seoul',
        5800),
       (883, 105, 'cash with reward', 164000, 85000, 79000, '2018-10-10 00:00:00', 'HOTEL', FALSE, 'busan', 2370),
       (884, 143, 'reward', 1452000, 451000, 1001000, '2024-04-22 00:00:00', 'DINING', FALSE, 'seoul', 50050),
       (885, 119, 'credit card', 1807000, 1661000, 146000, '2021-05-31 00:00:00', 'HOTEL', FALSE, 'seoul', 4380),
       (886, 200, 'credit card', 264000, 193000, 71000, '2023-12-01 00:00:00', 'DINING', FALSE, 'seoul', 2130),
       (887, 95, 'cash with reward', 1277000, 327000, 950000, '2019-07-24 00:00:00', 'DINING', FALSE, 'busan',
        28500),
       (888, 16, 'reward', 1376000, 1338000, 38000, '2024-01-12 00:00:00', 'HOTEL', FALSE, 'busan', 1140),
       (889, 155, 'credit card with reward', 1459000, 895000, 564000, '2021-01-24 00:00:00', 'DINING', FALSE,
        'busan', 22560),
       (890, 173, 'reward', 815000, 443000, 372000, '2018-12-06 00:00:00', 'HOTEL', FALSE, 'seoul', 11160),
       (891, 192, 'credit card with reward', 1092000, 453000, 639000, '2024-10-13 00:00:00', 'HOTEL', FALSE,
        'busan', 25560),
       (892, 18, 'credit card with reward', 1968000, 346000, 1622000, '2020-01-16 00:00:00', 'DINING', FALSE,
        'sokcho', 64880),
       (893, 165, 'reward', 535000, 98000, 437000, '2018-10-07 00:00:00', 'DINING', FALSE, 'seoul', 13110),
       (894, 48, 'cash with reward', 1922000, 762000, 1160000, '2024-10-28 00:00:00', 'HOTEL', FALSE, 'seoul',
        34800),
       (895, 158, 'credit card', 123000, 19000, 104000, '2023-06-12 00:00:00', 'HOTEL', FALSE, 'sokcho', 3120),
       (896, 170, 'cash with reward', 1070000, 91000, 979000, '2021-08-08 00:00:00', 'HOTEL', FALSE, 'seoul',
        29370),
       (897, 13, 'credit card with reward', 1859000, 1734000, 125000, '2021-04-08 00:00:00', 'HOTEL', FALSE,
        'busan', 3750),
       (898, 63, 'cash', 332000, 126000, 206000, '2022-08-22 00:00:00', 'HOTEL', FALSE, 'seoul', 6180),
       (899, 175, 'cash', 258000, 181000, 77000, '2019-07-03 00:00:00', 'HOTEL', FALSE, 'seoul', 2310),
       (900, 129, 'credit card with reward', 1237000, 83000, 1154000, '2021-09-24 00:00:00', 'DINING', FALSE,
        'sokcho', 34620),
       (901, 190, 'reward', 867000, 164000, 703000, '2020-11-15 00:00:00', 'DINING', FALSE, 'busan', 35150),
       (902, 28, 'credit card with reward', 1359000, 306000, 1053000, '2020-03-27 00:00:00', 'DINING', FALSE,
        'seoul', 31590),
       (903, 69, 'cash with reward', 1210000, 338000, 872000, '2019-04-15 00:00:00', 'HOTEL', FALSE, 'busan',
        34880),
       (904, 81, 'credit card', 1487000, 325000, 1162000, '2023-05-06 00:00:00', 'HOTEL', FALSE, 'sokcho', 46480),
       (905, 62, 'credit card with reward', 969000, 957000, 12000, '2019-12-30 00:00:00', 'HOTEL', FALSE,
        'sokcho', 360),
       (906, 148, 'reward', 718000, 260000, 458000, '2018-08-09 00:00:00', 'HOTEL', FALSE, 'sokcho', 13740),
       (907, 91, 'credit card with reward', 487000, 201000, 286000, '2021-07-16 00:00:00', 'HOTEL', FALSE,
        'busan', 8580),
       (908, 5, 'reward', 566000, 3000, 563000, '2018-11-06 00:00:00', 'HOTEL', FALSE, 'seoul', 16890),
       (909, 24, 'credit card', 1722000, 320000, 1402000, '2023-03-29 00:00:00', 'DINING', FALSE, 'seoul', 42060),
       (910, 111, 'cash with reward', 351000, 323000, 28000, '2021-04-20 00:00:00', 'HOTEL', FALSE, 'sokcho',
        840),
       (911, 97, 'reward', 1704000, 1303000, 401000, '2020-11-11 00:00:00', 'DINING', FALSE, 'busan', 16040),
       (912, 54, 'cash', 1769000, 1019000, 750000, '2018-10-10 00:00:00', 'HOTEL', FALSE, 'seoul', 30000),
       (913, 121, 'cash with reward', 1135000, 42000, 1093000, '2023-05-04 00:00:00', 'DINING', FALSE, 'sokcho',
        32790),
       (914, 60, 'cash with reward', 1001000, 194000, 807000, '2018-10-05 00:00:00', 'HOTEL', FALSE, 'seoul',
        24210),
       (915, 127, 'cash', 1696000, 46000, 1650000, '2019-03-25 00:00:00', 'HOTEL', FALSE, 'sokcho', 66000),
       (916, 55, 'credit card with reward', 491000, 464000, 27000, '2018-08-10 00:00:00', 'HOTEL', FALSE,
        'sokcho', 1080),
       (917, 70, 'cash with reward', 1915000, 1408000, 507000, '2019-12-22 00:00:00', 'HOTEL', FALSE, 'seoul',
        25350),
       (918, 79, 'cash', 754000, 411000, 343000, '2024-10-13 00:00:00', 'DINING', FALSE, 'sokcho', 17150),
       (919, 19, 'reward', 587000, 195000, 392000, '2021-05-12 00:00:00', 'HOTEL', FALSE, 'seoul', 15680),
       (920, 152, 'credit card', 999000, 865000, 134000, '2023-03-26 00:00:00', 'HOTEL', FALSE, 'sokcho', 4020),
       (921, 163, 'cash with reward', 1208000, 25000, 1183000, '2024-07-05 00:00:00', 'DINING', FALSE, 'busan',
        47320),
       (922, 171, 'credit card', 529000, 282000, 247000, '2024-04-25 00:00:00', 'DINING', FALSE, 'seoul', 12350),
       (923, 86, 'credit card with reward', 207000, 28000, 179000, '2023-02-22 00:00:00', 'DINING', FALSE,
        'seoul', 5370),
       (924, 199, 'reward', 1893000, 44000, 1849000, '2021-07-28 00:00:00', 'HOTEL', FALSE, 'seoul', 55470),
       (925, 12, 'cash with reward', 1229000, 1017000, 212000, '2021-01-17 00:00:00', 'DINING', FALSE, 'seoul',
        8480),
       (926, 144, 'cash with reward', 347000, 343000, 4000, '2020-11-05 00:00:00', 'HOTEL', FALSE, 'sokcho', 120),
       (927, 25, 'cash', 344000, 56000, 288000, '2023-07-29 00:00:00', 'HOTEL', FALSE, 'seoul', 14400),
       (928, 9, 'credit card', 1020000, 751000, 269000, '2022-03-20 00:00:00', 'DINING', FALSE, 'sokcho', 10760),
       (929, 164, 'credit card', 378000, 12000, 366000, '2023-09-10 00:00:00', 'HOTEL', FALSE, 'sokcho', 18300),
       (930, 179, 'credit card', 1550000, 1069000, 481000, '2020-02-25 00:00:00', 'DINING', FALSE, 'busan',
        24050),
       (931, 42, 'cash', 1274000, 700000, 574000, '2023-10-26 00:00:00', 'HOTEL', FALSE, 'seoul', 17220),
       (932, 112, 'cash', 1691000, 410000, 1281000, '2021-09-27 00:00:00', 'DINING', FALSE, 'seoul', 38430),
       (933, 141, 'cash with reward', 1015000, 567000, 448000, '2023-04-15 00:00:00', 'DINING', FALSE, 'busan',
        13440),
       (934, 175, 'reward', 610000, 468000, 142000, '2019-11-18 00:00:00', 'HOTEL', FALSE, 'sokcho', 4260),
       (935, 60, 'credit card with reward', 1420000, 1145000, 275000, '2018-12-17 00:00:00', 'HOTEL', FALSE,
        'sokcho', 8250),
       (936, 97, 'cash', 1678000, 775000, 903000, '2021-03-04 00:00:00', 'HOTEL', FALSE, 'sokcho', 36120),
       (937, 41, 'credit card', 256000, 154000, 102000, '2022-04-12 00:00:00', 'HOTEL', FALSE, 'sokcho', 3060),
       (938, 111, 'cash with reward', 1314000, 565000, 749000, '2021-02-07 00:00:00', 'DINING', FALSE, 'sokcho',
        22470),
       (939, 154, 'reward', 164000, 14000, 150000, '2020-07-08 00:00:00', 'DINING', FALSE, 'seoul', 4500),
       (940, 53, 'cash', 1723000, 1703000, 20000, '2021-04-28 00:00:00', 'HOTEL', FALSE, 'seoul', 600),
       (941, 63, 'cash with reward', 754000, 361000, 393000, '2022-11-27 00:00:00', 'HOTEL', FALSE, 'sokcho',
        11790),
       (942, 192, 'cash', 899000, 671000, 228000, '2025-03-01 00:00:00', 'HOTEL', FALSE, 'seoul', 9120),
       (943, 82, 'cash', 1787000, 1270000, 517000, '2018-07-30 00:00:00', 'DINING', FALSE, 'seoul', 25850),
       (944, 148, 'cash with reward', 1386000, 225000, 1161000, '2018-11-15 00:00:00', 'HOTEL', FALSE, 'seoul',
        34830),
       (945, 105, 'cash with reward', 1895000, 1796000, 99000, '2019-05-10 00:00:00', 'HOTEL', FALSE, 'busan',
        2970),
       (946, 173, 'reward', 1508000, 819000, 689000, '2018-11-10 00:00:00', 'DINING', FALSE, 'sokcho', 20670),
       (947, 174, 'credit card', 802000, 628000, 174000, '2023-09-28 00:00:00', 'HOTEL', FALSE, 'busan', 5220),
       (948, 162, 'cash with reward', 1034000, 57000, 977000, '2022-05-15 00:00:00', 'DINING', FALSE, 'sokcho',
        29310),
       (949, 99, 'reward', 773000, 293000, 480000, '2023-10-28 00:00:00', 'DINING', FALSE, 'sokcho', 14400),
       (950, 88, 'credit card', 1310000, 827000, 483000, '2022-02-26 00:00:00', 'HOTEL', FALSE, 'busan', 19320),
       (951, 71, 'cash', 209000, 86000, 123000, '2020-02-16 00:00:00', 'DINING', FALSE, 'sokcho', 3690),
       (952, 180, 'cash', 1176000, 905000, 271000, '2019-06-19 00:00:00', 'HOTEL', FALSE, 'busan', 13550),
       (953, 186, 'cash', 274000, 30000, 244000, '2023-08-18 00:00:00', 'DINING', FALSE, 'busan', 7320),
       (954, 190, 'cash', 910000, 398000, 512000, '2020-03-17 00:00:00', 'HOTEL', FALSE, 'seoul', 25600),
       (955, 200, 'credit card with reward', 1759000, 1657000, 102000, '2024-07-08 00:00:00', 'DINING', FALSE,
        'sokcho', 3060),
       (956, 67, 'reward', 566000, 390000, 176000, '2022-03-17 00:00:00', 'HOTEL', FALSE, 'busan', 8800),
       (957, 2, 'credit card with reward', 464000, 26000, 438000, '2021-12-08 00:00:00', 'HOTEL', FALSE, 'sokcho',
        13140),
       (958, 57, 'credit card', 142000, 2000, 140000, '2023-07-13 00:00:00', 'HOTEL', FALSE, 'busan', 4200),
       (959, 144, 'cash', 370000, 358000, 12000, '2020-08-21 00:00:00', 'HOTEL', FALSE, 'busan', 360),
       (960, 73, 'reward', 442000, 256000, 186000, '2021-04-11 00:00:00', 'DINING', FALSE, 'busan', 7440),
       (961, 129, 'cash', 1237000, 804000, 433000, '2021-10-25 00:00:00', 'HOTEL', FALSE, 'seoul', 12990),
       (962, 184, 'reward', 981000, 715000, 266000, '2024-11-05 00:00:00', 'DINING', FALSE, 'seoul', 7980),
       (963, 200, 'credit card', 1830000, 178000, 1652000, '2024-09-03 00:00:00', 'DINING', FALSE, 'busan',
        49560),
       (964, 19, 'cash', 790000, 665000, 125000, '2021-05-07 00:00:00', 'DINING', FALSE, 'sokcho', 5000),
       (965, 132, 'credit card with reward', 574000, 336000, 238000, '2019-12-23 00:00:00', 'HOTEL', FALSE,
        'seoul', 11900),
       (966, 8, 'reward', 548000, 530000, 18000, '2023-09-19 00:00:00', 'HOTEL', FALSE, 'sokcho', 720),
       (967, 130, 'reward', 903000, 404000, 499000, '2023-01-21 00:00:00', 'DINING', FALSE, 'busan', 19960),
       (968, 167, 'cash', 1591000, 5000, 1586000, '2019-06-15 00:00:00', 'DINING', FALSE, 'seoul', 47580),
       (969, 133, 'reward', 1647000, 603000, 1044000, '2020-02-09 00:00:00', 'DINING', FALSE, 'sokcho', 31320),
       (970, 51, 'credit card', 879000, 104000, 775000, '2023-01-20 00:00:00', 'HOTEL', FALSE, 'busan', 23250),
       (971, 114, 'credit card with reward', 1996000, 833000, 1163000, '2018-03-03 00:00:00', 'HOTEL', FALSE,
        'sokcho', 58150),
       (972, 105, 'cash', 996000, 667000, 329000, '2018-09-05 00:00:00', 'HOTEL', FALSE, 'sokcho', 9870),
       (973, 185, 'credit card with reward', 359000, 156000, 203000, '2020-03-22 00:00:00', 'HOTEL', FALSE,
        'busan', 8120),
       (974, 48, 'reward', 1996000, 1196000, 800000, '2024-11-09 00:00:00', 'DINING', FALSE, 'sokcho', 24000),
       (975, 12, 'reward', 1165000, 466000, 699000, '2021-05-14 00:00:00', 'DINING', FALSE, 'busan', 27960),
       (976, 140, 'cash', 1988000, 876000, 1112000, '2023-03-14 00:00:00', 'DINING', FALSE, 'seoul', 55600),
       (977, 139, 'cash with reward', 225000, 119000, 106000, '2023-04-27 00:00:00', 'HOTEL', FALSE, 'busan',
        5300),
       (978, 98, 'credit card', 1199000, 195000, 1004000, '2023-06-06 00:00:00', 'DINING', FALSE, 'seoul', 50200),
       (979, 188, 'reward', 712000, 140000, 572000, '2022-09-23 00:00:00', 'DINING', FALSE, 'sokcho', 17160),
       (980, 50, 'credit card', 1127000, 533000, 594000, '2023-04-28 00:00:00', 'HOTEL', FALSE, 'busan', 23760),
       (981, 25, 'credit card with reward', 1907000, 64000, 1843000, '2023-01-21 00:00:00', 'HOTEL', FALSE,
        'seoul', 92150),
       (982, 47, 'cash with reward', 633000, 38000, 595000, '2023-09-21 00:00:00', 'HOTEL', FALSE, 'sokcho',
        23800),
       (983, 138, 'cash', 800000, 402000, 398000, '2022-07-12 00:00:00', 'DINING', FALSE, 'sokcho', 11940),
       (984, 145, 'reward', 508000, 93000, 415000, '2021-07-30 00:00:00', 'HOTEL', FALSE, 'sokcho', 20750),
       (985, 97, 'reward', 648000, 134000, 514000, '2021-02-14 00:00:00', 'DINING', FALSE, 'sokcho', 20560),
       (986, 100, 'cash with reward', 1028000, 40000, 988000, '2023-08-11 00:00:00', 'HOTEL', FALSE, 'sokcho',
        29640),
       (987, 123, 'credit card with reward', 1475000, 927000, 548000, '2018-11-24 00:00:00', 'HOTEL', FALSE,
        'seoul', 27400),
       (988, 135, 'credit card with reward', 1941000, 1215000, 726000, '2020-06-13 00:00:00', 'DINING', FALSE,
        'sokcho', 21780),
       (989, 159, 'cash', 1419000, 527000, 892000, '2023-12-28 00:00:00', 'HOTEL', FALSE, 'seoul', 26760),
       (990, 164, 'credit card', 1878000, 906000, 972000, '2024-05-16 00:00:00', 'HOTEL', FALSE, 'sokcho', 48600),
       (991, 175, 'credit card with reward', 917000, 313000, 604000, '2019-12-25 00:00:00', 'HOTEL', FALSE,
        'seoul', 18120),
       (992, 73, 'cash', 828000, 685000, 143000, '2020-11-25 00:00:00', 'DINING', FALSE, 'busan', 5720),
       (993, 163, 'reward', 1606000, 819000, 787000, '2025-02-24 00:00:00', 'DINING', FALSE, 'busan', 31480),
       (994, 96, 'cash', 1056000, 690000, 366000, '2020-04-18 00:00:00', 'HOTEL', FALSE, 'sokcho', 10980),
       (995, 34, 'cash with reward', 187000, 74000, 113000, '2023-01-23 00:00:00', 'HOTEL', FALSE, 'busan', 4520),
       (996, 151, 'credit card', 1723000, 739000, 984000, '2020-12-11 00:00:00', 'HOTEL', FALSE, 'busan', 29520),
       (997, 29, 'credit card', 1031000, 440000, 591000, '2023-11-02 00:00:00', 'DINING', FALSE, 'seoul', 23640),
       (998, 20, 'credit card with reward', 462000, 177000, 285000, '2019-03-30 00:00:00', 'DINING', FALSE,
        'seoul', 8550),
       (999, 183, 'cash', 1972000, 1856000, 116000, '2018-08-05 00:00:00', 'DINING', FALSE, 'busan', 3480),
       (1000, 187, 'credit card', 143000, 6000, 137000, '2024-03-08 00:00:00', 'DINING', FALSE, 'busan', 5480),
       (1001,19,'credit card',1034000,328000,706000,'2024-06-22 00:03:00','HOTEL',FALSE,'sokcho',28240),
       (1002,45,'credit card',336000,224000,112000,'2024-06-11 05:44:07','HOTEL',FALSE,'seoul',3360),
       (1003,36,'cash',1799000,126000,1673000,'2024-06-11 08:06:04','HOTEL',FALSE,'seoul',50190),
       (1004,92,'cash',1775000,210000,1565000,'2024-06-20 05:05:26','HOTEL',FALSE,'sokcho',62600),
       (1005,127,'cash with reward',623000,279000,344000,'2024-06-15 03:31:24','HOTEL',FALSE,'seoul',17200),
       (1006,167,'cash',1425000,831000,594000,'2024-06-22 23:48:40','HOTEL',FALSE,'seoul',17820),
       (1007,2,'cash with reward',401000,349000,52000,'2024-06-07 15:54:26','HOTEL',FALSE,'sokcho',2080),
       (1008,119,'credit card with reward',910000,72000,838000,'2024-06-29 23:22:43','HOTEL',FALSE,'sokcho',33520),
       (1009,77,'cash with reward',1448000,1353000,95000,'2024-06-13 19:38:04','HOTEL',FALSE,'seoul',2850),
       (1010,40,'reward',696000,594000,102000,'2024-06-28 11:44:23','HOTEL',FALSE,'sokcho',4080),
       (1011,81,'cash with reward',1840000,1466000,374000,'2024-06-03 21:49:35','HOTEL',FALSE,'sokcho',11220),
       (1012,128,'reward',1597000,1040000,557000,'2024-06-21 23:45:56','HOTEL',FALSE,'busan',16710),
       (1013,62,'credit card',1726000,1428000,298000,'2024-06-14 14:43:47','HOTEL',FALSE,'sokcho',14900),
       (1014,98,'cash',1370000,806000,564000,'2024-06-27 17:02:23','HOTEL',FALSE,'busan',28200),
       (1015,101,'reward',1342000,272000,1070000,'2024-06-09 01:13:34','HOTEL',FALSE,'seoul',32100),
       (1016,28,'credit card',1610000,1089000,521000,'2024-06-21 12:30:31','HOTEL',FALSE,'seoul',26050),
       (1017,46,'reward',219000,50000,169000,'2024-06-20 14:49:44','HOTEL',FALSE,'busan',5070),
       (1018,8,'cash with reward',1703000,1348000,355000,'2024-06-09 10:32:28','HOTEL',FALSE,'sokcho',14200),
       (1019,140,'cash with reward',240000,97000,143000,'2024-06-17 15:05:49','HOTEL',FALSE,'sokcho',4290),
       (1020,165,'credit card with reward',1160000,470000,690000,'2024-06-24 17:45:58','HOTEL',FALSE,'seoul',20700),
       (1021,138,'credit card with reward',947000,240000,707000,'2024-06-12 18:03:20','HOTEL',FALSE,'seoul',28280),
       (1022,47,'credit card with reward',1502000,391000,1111000,'2024-06-16 12:21:53','HOTEL',FALSE,'seoul',55550),
       (1023,68,'credit card',658000,475000,183000,'2024-06-02 16:09:11','HOTEL',FALSE,'busan',5490),
       (1024,96,'cash with reward',350000,261000,89000,'2024-06-15 10:04:29','HOTEL',FALSE,'seoul',3560),
       (1025,190,'reward',1160000,428000,732000,'2024-06-13 19:02:27','HOTEL',FALSE,'sokcho',29280),
       (1026,5,'credit card',538000,291000,247000,'2024-06-05 11:51:21','HOTEL',FALSE,'busan',7410),
       (1027,148,'reward',1670000,590000,1080000,'2024-06-17 03:07:43','HOTEL',FALSE,'sokcho',32400),
       (1028,113,'credit card with reward',532000,495000,37000,'2024-06-11 21:13:09','HOTEL',FALSE,'busan',1110),
       (1029,179,'credit card with reward',1458000,167000,1291000,'2024-06-22 13:10:30','HOTEL',FALSE,'busan',64550),
       (1030,169,'reward',1322000,290000,1032000,'2024-06-20 23:01:58','HOTEL',FALSE,'sokcho',30960),
       (1031,107,'cash with reward',1175000,586000,589000,'2024-06-04 19:06:34','HOTEL',FALSE,'sokcho',29450),
       (1032,119,'credit card',1361000,1036000,325000,'2024-06-28 14:52:12','HOTEL',FALSE,'busan',13000),
       (1033,71,'cash with reward',807000,670000,137000,'2024-06-06 18:30:21','HOTEL',FALSE,'sokcho',5480),
       (1034,25,'credit card',709000,578000,131000,'2024-06-11 00:17:55','HOTEL',FALSE,'sokcho',5240),
       (1035,106,'reward',581000,104000,477000,'2024-06-02 03:40:21','HOTEL',FALSE,'seoul',23850),
       (1036,150,'cash with reward',1103000,391000,712000,'2024-06-28 10:25:08','HOTEL',FALSE,'sokcho',21360),
       (1037,48,'reward',1334000,1009000,325000,'2024-06-02 12:18:36','HOTEL',FALSE,'busan',16250),
       (1038,125,'cash',1863000,1611000,252000,'2024-06-29 03:46:37','HOTEL',FALSE,'seoul',12600),
       (1039,46,'credit card',275000,113000,162000,'2024-06-22 14:20:27','HOTEL',FALSE,'seoul',4860),
       (1040,161,'credit card',387000,127000,260000,'2024-06-13 21:59:22','HOTEL',FALSE,'sokcho',7800),
       (1041,147,'cash',1199000,889000,310000,'2024-06-26 17:01:49','HOTEL',FALSE,'seoul',15500),
       (1042,185,'reward',1602000,968000,634000,'2024-06-18 04:55:33','HOTEL',FALSE,'busan',25360),
       (1043,98,'cash with reward',1230000,1038000,192000,'2024-06-06 02:17:09','HOTEL',FALSE,'busan',9600),
       (1044,115,'cash with reward',1360000,231000,1129000,'2024-06-07 17:39:16','HOTEL',FALSE,'sokcho',33870),
       (1045,15,'credit card',228000,178000,50000,'2024-06-13 08:25:39','HOTEL',FALSE,'busan',1500),
       (1046,146,'reward',1165000,707000,458000,'2024-06-12 22:51:44','HOTEL',FALSE,'sokcho',22900),
       (1047,69,'cash with reward',1668000,976000,692000,'2024-06-03 06:02:27','HOTEL',FALSE,'busan',34600),
       (1048,180,'credit card',533000,134000,399000,'2024-06-26 10:40:27','HOTEL',FALSE,'busan',15960),
       (1049,122,'reward',407000,248000,159000,'2024-06-17 20:01:09','HOTEL',FALSE,'seoul',4770),
       (1050,23,'cash with reward',989000,6000,983000,'2024-06-28 03:07:20','HOTEL',FALSE,'seoul',29490),
       (1051,28,'credit card with reward',143000,139000,4000,'2024-06-13 00:02:28','HOTEL',FALSE,'seoul',200),
       (1052,107,'cash',1076000,697000,379000,'2024-06-15 01:39:10','HOTEL',FALSE,'seoul',18950),
       (1053,2,'cash',340000,41000,299000,'2024-06-27 08:04:48','HOTEL',FALSE,'busan',11960),
       (1054,103,'cash with reward',958000,504000,454000,'2024-06-24 14:09:40','HOTEL',FALSE,'seoul',22700),
       (1055,176,'cash',1274000,1183000,91000,'2024-06-06 05:37:12','HOTEL',FALSE,'busan',2730),
       (1056,93,'credit card',527000,121000,406000,'2024-06-13 06:18:32','HOTEL',FALSE,'sokcho',12180),
       (1057,148,'cash',303000,9000,294000,'2024-06-20 14:59:55','HOTEL',FALSE,'sokcho',8820),
       (1058,196,'reward',1687000,1183000,504000,'2024-06-09 03:17:10','HOTEL',FALSE,'sokcho',15120),
       (1059,155,'cash with reward',1413000,1085000,328000,'2024-06-22 15:30:54','HOTEL',FALSE,'seoul',9840),
       (1060,109,'credit card with reward',1040000,143000,897000,'2024-06-20 00:10:03','HOTEL',FALSE,'sokcho',26910),
       (1061,50,'cash with reward',1407000,544000,863000,'2024-06-28 07:20:49','HOTEL',FALSE,'seoul',43150),
       (1062,86,'credit card with reward',1996000,1872000,124000,'2024-06-29 19:01:13','HOTEL',FALSE,'sokcho',3720),
       (1063,62,'reward',1710000,1577000,133000,'2024-06-26 13:08:50','HOTEL',FALSE,'sokcho',6650),
       (1064,173,'reward',1108000,365000,743000,'2024-06-22 22:54:04','HOTEL',FALSE,'sokcho',22290),
       (1065,15,'cash with reward',981000,914000,67000,'2024-06-10 22:37:33','HOTEL',FALSE,'busan',2010),
       (1066,10,'credit card',711000,403000,308000,'2024-06-21 07:26:06','HOTEL',FALSE,'seoul',9240),
       (1067,31,'cash',854000,783000,71000,'2024-06-15 00:58:24','HOTEL',FALSE,'sokcho',2130),
       (1068,66,'credit card with reward',1011000,954000,57000,'2024-06-16 00:09:41','HOTEL',FALSE,'seoul',2850),
       (1069,164,'credit card with reward',1593000,260000,1333000,'2024-06-07 06:47:34','HOTEL',FALSE,'busan',39990),
       (1070,179,'cash with reward',1001000,344000,657000,'2024-06-17 03:08:36','HOTEL',FALSE,'seoul',32850),
       (1071,190,'cash',1966000,1278000,688000,'2024-06-01 09:56:15','HOTEL',FALSE,'sokcho',27520),
       (1072,17,'reward',1503000,1091000,412000,'2024-06-25 16:01:18','HOTEL',FALSE,'busan',16480),
       (1073,169,'credit card with reward',644000,632000,12000,'2024-06-24 14:17:10','HOTEL',FALSE,'seoul',360),
       (1074,145,'credit card with reward',127000,32000,95000,'2024-06-22 09:02:10','HOTEL',FALSE,'seoul',2850),
       (1075,181,'cash',1702000,1359000,343000,'2024-06-22 22:40:58','HOTEL',FALSE,'busan',17150),
       (1076,42,'credit card with reward',1859000,103000,1756000,'2024-06-10 22:37:48','HOTEL',FALSE,'busan',52680),
       (1077,140,'cash with reward',185000,143000,42000,'2024-06-01 22:47:19','HOTEL',FALSE,'seoul',1260),
       (1078,141,'cash',1104000,1013000,91000,'2024-06-11 05:26:29','HOTEL',FALSE,'sokcho',4550),
       (1079,104,'cash',1218000,1194000,24000,'2024-06-16 13:45:26','HOTEL',FALSE,'seoul',1200),
       (1080,60,'cash with reward',820000,286000,534000,'2024-06-22 04:24:43','HOTEL',FALSE,'sokcho',21360),
       (1081,168,'reward',1528000,1032000,496000,'2024-06-23 04:22:55','HOTEL',FALSE,'sokcho',14880),
       (1082,155,'reward',1027000,61000,966000,'2024-06-23 19:28:55','HOTEL',FALSE,'busan',28980),
       (1083,124,'reward',1017000,203000,814000,'2024-06-17 18:25:28','HOTEL',FALSE,'busan',24420),
       (1084,88,'cash',1744000,514000,1230000,'2024-06-14 12:29:45','HOTEL',FALSE,'seoul',49200),
       (1085,142,'cash',1904000,1787000,117000,'2024-06-06 00:14:42','HOTEL',FALSE,'busan',3510),
       (1086,28,'cash',900000,301000,599000,'2024-06-02 08:29:04','HOTEL',FALSE,'seoul',29950),
       (1087,58,'cash',1560000,466000,1094000,'2024-06-18 15:09:40','HOTEL',FALSE,'busan',32820),
       (1088,192,'reward',610000,601000,9000,'2024-06-09 18:05:37','HOTEL',FALSE,'seoul',270),
       (1089,193,'cash',909000,338000,571000,'2024-06-19 12:03:36','HOTEL',FALSE,'busan',28550),
       (1090,54,'cash',980000,116000,864000,'2024-06-28 12:09:10','HOTEL',FALSE,'sokcho',43200),
       (1091,94,'cash with reward',1908000,1622000,286000,'2024-06-24 08:37:26','HOTEL',FALSE,'sokcho',11440),
       (1092,189,'cash with reward',1880000,1187000,693000,'2024-06-19 23:46:45','HOTEL',FALSE,'seoul',20790),
       (1093,14,'reward',1173000,342000,831000,'2024-06-22 14:06:12','HOTEL',FALSE,'busan',41550),
       (1094,28,'reward',1820000,1560000,260000,'2024-06-09 09:54:40','HOTEL',FALSE,'busan',13000),
       (1095,177,'cash',1648000,1620000,28000,'2024-06-13 06:40:48','HOTEL',FALSE,'seoul',1120),
       (1096,145,'credit card with reward',599000,579000,20000,'2024-06-03 18:44:55','HOTEL',FALSE,'sokcho',600),
       (1097,183,'credit card with reward',1581000,197000,1384000,'2024-06-23 09:53:19','HOTEL',FALSE,'busan',41520),
       (1098,17,'cash with reward',650000,139000,511000,'2024-06-14 04:53:26','HOTEL',FALSE,'busan',20440),
       (1099,15,'credit card',914000,534000,380000,'2024-06-17 22:15:23','HOTEL',FALSE,'sokcho',11400),
       (1100,106,'cash with reward',1623000,498000,1125000,'2024-06-22 08:10:14','HOTEL',FALSE,'sokcho',56250),
       (1101,175,'credit card with reward',693000,595000,98000,'2024-06-27 09:22:18','HOTEL',FALSE,'busan',4900),
       (1102,78,'cash with reward',1165000,439000,726000,'2024-06-16 05:34:46','HOTEL',FALSE,'seoul',21780),
       (1103,59,'credit card with reward',1581000,1165000,416000,'2024-06-15 10:01:39','HOTEL',FALSE,'busan',12480),
       (1104,123,'cash',862000,549000,313000,'2024-06-25 14:06:07','HOTEL',FALSE,'sokcho',9390),
       (1105,51,'cash',1730000,283000,1447000,'2024-06-04 11:16:00','HOTEL',FALSE,'sokcho',57880),
       (1106,152,'reward',1403000,1285000,118000,'2024-06-06 14:16:23','HOTEL',FALSE,'busan',5900),
       (1107,1,'credit card',882000,224000,658000,'2024-06-04 07:04:56','HOTEL',FALSE,'sokcho',26320),
       (1108,171,'cash',1354000,101000,1253000,'2024-06-18 07:40:04','HOTEL',FALSE,'busan',62650),
       (1109,66,'credit card with reward',911000,769000,142000,'2024-06-14 13:41:05','HOTEL',FALSE,'seoul',7100),
       (1110,146,'reward',928000,147000,781000,'2024-06-07 07:40:31','HOTEL',FALSE,'sokcho',39050),
       (1111,22,'cash with reward',1507000,823000,684000,'2024-06-22 05:25:29','HOTEL',FALSE,'sokcho',20520),
       (1112,138,'credit card with reward',677000,87000,590000,'2024-06-20 04:49:03','HOTEL',FALSE,'seoul',23600),
       (1113,134,'reward',1389000,400000,989000,'2024-06-08 22:54:01','HOTEL',FALSE,'sokcho',29670),
       (1114,50,'credit card with reward',1380000,1278000,102000,'2024-06-11 09:02:09','HOTEL',FALSE,'seoul',5100),
       (1115,37,'credit card with reward',1743000,1237000,506000,'2024-06-21 14:38:39','HOTEL',FALSE,'busan',15180),
       (1116,14,'credit card with reward',127000,122000,5000,'2024-06-11 03:27:42','HOTEL',FALSE,'sokcho',250),
       (1117,89,'reward',1667000,34000,1633000,'2024-06-26 09:25:33','HOTEL',FALSE,'sokcho',65320),
       (1118,124,'reward',1282000,1036000,246000,'2024-06-02 08:13:10','HOTEL',FALSE,'seoul',7380),
       (1119,194,'credit card',941000,325000,616000,'2024-06-13 11:35:11','HOTEL',FALSE,'seoul',18480),
       (1120,122,'reward',1212000,441000,771000,'2024-06-24 10:49:54','HOTEL',FALSE,'busan',23130),
       (1121,90,'cash with reward',1893000,671000,1222000,'2024-06-18 15:53:29','HOTEL',FALSE,'seoul',36660),
       (1122,2,'reward',1368000,1210000,158000,'2024-06-04 15:17:35','HOTEL',FALSE,'busan',6320),
       (1123,61,'reward',1597000,644000,953000,'2024-06-07 02:50:17','HOTEL',FALSE,'busan',28590),
       (1124,60,'cash',1224000,552000,672000,'2024-06-07 23:38:12','HOTEL',FALSE,'busan',26880),
       (1125,148,'cash',297000,248000,49000,'2024-06-13 16:47:08','HOTEL',FALSE,'seoul',1470),
       (1126,98,'cash',1243000,464000,779000,'2024-06-10 17:52:17','HOTEL',FALSE,'seoul',38950),
       (1127,40,'credit card',872000,205000,667000,'2024-06-14 20:37:05','HOTEL',FALSE,'seoul',26680),
       (1128,57,'reward',1472000,909000,563000,'2024-06-17 22:17:28','HOTEL',FALSE,'sokcho',22520),
       (1129,4,'credit card',1922000,1906000,16000,'2024-06-27 20:11:35','HOTEL',FALSE,'sokcho',480),
       (1130,160,'cash',1917000,1579000,338000,'2024-06-01 02:53:02','HOTEL',FALSE,'busan',10140),
       (1131,156,'cash with reward',1926000,1498000,428000,'2024-06-27 16:49:58','HOTEL',FALSE,'busan',12840),
       (1132,66,'reward',357000,96000,261000,'2024-06-19 00:04:24','HOTEL',FALSE,'seoul',13050),
       (1133,109,'cash with reward',1965000,1445000,520000,'2024-06-02 21:00:03','HOTEL',FALSE,'sokcho',15600),
       (1134,150,'credit card with reward',821000,448000,373000,'2024-06-09 06:27:13','HOTEL',FALSE,'busan',11190),
       (1135,131,'credit card with reward',1008000,964000,44000,'2024-06-05 08:01:32','HOTEL',FALSE,'seoul',1320),
       (1136,115,'credit card',590000,249000,341000,'2024-06-25 14:43:00','HOTEL',FALSE,'seoul',10230),
       (1137,84,'reward',531000,402000,129000,'2024-06-05 08:39:26','HOTEL',FALSE,'busan',3870),
       (1138,76,'cash with reward',935000,620000,315000,'2024-06-07 07:44:18','HOTEL',FALSE,'sokcho',15750),
       (1139,31,'cash',1235000,1059000,176000,'2024-06-10 22:43:46','HOTEL',FALSE,'seoul',5280),
       (1140,93,'cash',973000,437000,536000,'2024-06-03 03:33:41','HOTEL',FALSE,'busan',16080),
       (1141,139,'cash',506000,390000,116000,'2024-06-03 19:42:57','HOTEL',FALSE,'sokcho',3480),
       (1142,14,'reward',1153000,853000,300000,'2024-06-29 21:45:51','HOTEL',FALSE,'seoul',15000),
       (1143,199,'credit card with reward',202000,145000,57000,'2024-06-05 20:17:58','HOTEL',FALSE,'sokcho',2850),
       (1144,146,'credit card with reward',1272000,499000,773000,'2024-06-06 12:19:42','HOTEL',FALSE,'seoul',38650),
       (1145,175,'reward',1732000,393000,1339000,'2024-06-14 21:03:56','HOTEL',FALSE,'seoul',66950),
       (1146,74,'credit card',1919000,874000,1045000,'2024-06-22 06:54:37','HOTEL',FALSE,'busan',52250),
       (1147,116,'cash with reward',1778000,787000,991000,'2024-06-07 16:04:24','HOTEL',FALSE,'seoul',39640),
       (1148,78,'credit card with reward',334000,244000,90000,'2024-06-22 09:37:12','HOTEL',FALSE,'sokcho',2700),
       (1149,145,'cash',480000,214000,266000,'2024-06-11 03:10:28','HOTEL',FALSE,'busan',7980),
       (1150,81,'cash with reward',328000,112000,216000,'2024-06-12 15:23:14','HOTEL',FALSE,'busan',6480),
       (1151,155,'cash',559000,322000,237000,'2024-06-19 14:15:27','HOTEL',FALSE,'sokcho',7110),
       (1152,89,'cash with reward',810000,577000,233000,'2024-06-29 23:37:54','HOTEL',FALSE,'busan',9320),
       (1153,110,'credit card with reward',1480000,1379000,101000,'2024-06-10 01:08:47','HOTEL',FALSE,'seoul',3030),
       (1154,134,'reward',1766000,705000,1061000,'2024-06-01 21:59:21','HOTEL',FALSE,'busan',31830),
       (1155,141,'credit card with reward',974000,336000,638000,'2024-06-04 16:45:13','HOTEL',FALSE,'seoul',31900),
       (1156,30,'cash with reward',488000,431000,57000,'2024-06-02 18:46:23','HOTEL',FALSE,'busan',1710),
       (1157,56,'cash with reward',310000,61000,249000,'2024-06-27 17:59:32','HOTEL',FALSE,'busan',7470),
       (1158,169,'credit card',1199000,1116000,83000,'2024-06-11 04:26:56','HOTEL',FALSE,'seoul',2490),
       (1159,47,'credit card',1388000,734000,654000,'2024-06-08 02:27:21','HOTEL',FALSE,'seoul',32700),
       (1160,70,'reward',299000,18000,281000,'2024-06-02 17:21:58','HOTEL',FALSE,'busan',14050),
       (1161,79,'credit card with reward',1688000,757000,931000,'2024-06-06 14:04:27','HOTEL',FALSE,'busan',27930),
       (1162,28,'credit card with reward',286000,88000,198000,'2024-06-29 23:59:28','HOTEL',FALSE,'busan',9900),
       (1163,89,'reward',384000,300000,84000,'2024-06-28 23:48:39','HOTEL',FALSE,'busan',3360),
       (1164,158,'cash',1638000,550000,1088000,'2024-06-04 19:44:09','HOTEL',FALSE,'busan',54400),
       (1165,67,'cash with reward',911000,641000,270000,'2024-06-17 17:21:01','HOTEL',FALSE,'busan',10800),
       (1166,197,'credit card with reward',624000,581000,43000,'2024-06-24 14:40:05','HOTEL',FALSE,'sokcho',1290),
       (1167,123,'credit card with reward',974000,122000,852000,'2024-06-20 12:16:14','HOTEL',FALSE,'sokcho',25560),
       (1168,9,'cash with reward',448000,20000,428000,'2024-06-23 05:42:37','HOTEL',FALSE,'sokcho',12840),
       (1169,15,'credit card with reward',1261000,300000,961000,'2024-06-17 07:00:25','HOTEL',FALSE,'busan',28830),
       (1170,188,'reward',1080000,430000,650000,'2024-06-10 21:22:41','HOTEL',FALSE,'busan',19500),
       (1171,33,'cash',1336000,23000,1313000,'2024-06-20 09:05:04','HOTEL',FALSE,'seoul',65650),
       (1172,100,'cash with reward',1632000,456000,1176000,'2024-06-24 17:34:40','HOTEL',FALSE,'busan',47040),
       (1173,167,'credit card',629000,90000,539000,'2024-06-29 18:49:23','HOTEL',FALSE,'busan',16170),
       (1174,77,'credit card with reward',1371000,53000,1318000,'2024-06-28 01:23:38','HOTEL',FALSE,'busan',39540),
       (1175,52,'reward',319000,49000,270000,'2024-06-08 12:10:34','HOTEL',FALSE,'busan',10800),
       (1176,69,'credit card',857000,301000,556000,'2024-06-22 00:37:43','HOTEL',FALSE,'sokcho',27800),
       (1177,134,'credit card with reward',1270000,736000,534000,'2024-06-14 11:52:34','HOTEL',FALSE,'busan',16020),
       (1178,80,'credit card with reward',1842000,198000,1644000,'2024-06-06 06:40:14','HOTEL',FALSE,'sokcho',49320),
       (1179,172,'cash with reward',225000,99000,126000,'2024-06-16 15:58:38','HOTEL',FALSE,'sokcho',3780),
       (1180,38,'cash with reward',1607000,1305000,302000,'2024-06-21 08:57:46','HOTEL',FALSE,'seoul',9060),
       (1181,82,'reward',1278000,270000,1008000,'2024-06-26 03:26:21','HOTEL',FALSE,'busan',50400),
       (1182,1,'cash with reward',1430000,1095000,335000,'2024-06-27 07:27:09','HOTEL',FALSE,'sokcho',13400),
       (1183,44,'cash',1091000,338000,753000,'2024-06-14 04:03:22','HOTEL',FALSE,'seoul',22590),
       (1184,106,'credit card',1763000,1631000,132000,'2024-06-03 14:29:23','HOTEL',FALSE,'sokcho',6600),
       (1185,107,'cash with reward',1714000,378000,1336000,'2024-06-07 23:56:57','HOTEL',FALSE,'seoul',66800),
       (1186,101,'credit card',752000,405000,347000,'2024-06-02 19:49:48','HOTEL',FALSE,'seoul',10410),
       (1187,45,'reward',1821000,651000,1170000,'2024-06-27 01:57:39','HOTEL',FALSE,'sokcho',35100),
       (1188,88,'cash with reward',846000,712000,134000,'2024-06-07 01:20:15','HOTEL',FALSE,'seoul',5360),
       (1189,31,'credit card',614000,614000,0,'2024-06-18 01:42:11','HOTEL',FALSE,'busan',0),
       (1190,39,'credit card',1548000,1092000,456000,'2024-06-03 08:16:29','HOTEL',FALSE,'busan',18240),
       (1191,124,'credit card with reward',1492000,253000,1239000,'2024-06-15 19:20:20','HOTEL',FALSE,'seoul',37170),
       (1192,121,'cash with reward',1961000,1017000,944000,'2024-06-29 17:22:51','HOTEL',FALSE,'sokcho',28320),
       (1193,1,'credit card with reward',1841000,1825000,16000,'2024-06-12 13:47:42','HOTEL',FALSE,'seoul',640),
       (1194,76,'cash',1398000,1108000,290000,'2024-06-11 01:33:48','HOTEL',FALSE,'busan',14500),
       (1195,165,'reward',425000,421000,4000,'2024-06-14 08:08:25','HOTEL',FALSE,'sokcho',120),
       (1196,52,'cash with reward',692000,444000,248000,'2024-06-17 10:27:18','HOTEL',FALSE,'busan',9920),
       (1197,34,'credit card with reward',950000,605000,345000,'2024-06-24 21:47:53','HOTEL',FALSE,'busan',10350),
       (1198,95,'credit card',1767000,1518000,249000,'2024-06-07 03:14:14','HOTEL',FALSE,'sokcho',9960),
       (1199,36,'cash',793000,638000,155000,'2024-06-09 01:09:29','HOTEL',FALSE,'seoul',4650),
       (1200,55,'reward',1396000,804000,592000,'2024-06-08 20:18:29','HOTEL',FALSE,'seoul',17760),
       (1201,169,'cash',544000,87000,457000,'2024-06-03 09:09:46','HOTEL',FALSE,'busan',13710),
       (1202,139,'credit card with reward',358000,36000,322000,'2024-06-21 15:12:40','HOTEL',FALSE,'busan',9660),
       (1203,181,'credit card with reward',1630000,582000,1048000,'2024-06-01 09:10:20','HOTEL',FALSE,'seoul',52400),
       (1204,120,'cash',312000,25000,287000,'2024-06-06 12:00:01','HOTEL',FALSE,'seoul',8610),
       (1205,111,'reward',147000,118000,29000,'2024-06-08 14:59:01','HOTEL',FALSE,'sokcho',1450),
       (1206,114,'cash',1893000,448000,1445000,'2024-06-03 08:02:50','HOTEL',FALSE,'seoul',72250),
       (1207,166,'credit card with reward',869000,41000,828000,'2024-06-17 03:39:41','HOTEL',FALSE,'sokcho',41400),
       (1208,146,'credit card with reward',1838000,1337000,501000,'2024-06-20 00:06:14','HOTEL',FALSE,'seoul',25050),
       (1209,51,'reward',547000,61000,486000,'2024-06-07 20:07:10','HOTEL',FALSE,'seoul',19440),
       (1210,58,'cash',1508000,1373000,135000,'2024-06-11 16:31:46','HOTEL',FALSE,'seoul',4050),
       (1211,42,'credit card with reward',1587000,652000,935000,'2024-06-08 14:41:40','HOTEL',FALSE,'sokcho',28050),
       (1212,46,'credit card with reward',1110000,1055000,55000,'2024-06-23 09:51:50','HOTEL',FALSE,'sokcho',1650),
       (1213,102,'reward',1870000,30000,1840000,'2024-06-18 16:07:50','HOTEL',FALSE,'seoul',73600),
       (1214,11,'reward',720000,630000,90000,'2024-06-06 06:29:52','HOTEL',FALSE,'busan',2700),
       (1215,161,'credit card with reward',568000,261000,307000,'2024-06-09 20:22:15','HOTEL',FALSE,'busan',9210),
       (1216,98,'reward',678000,265000,413000,'2024-06-06 16:27:40','HOTEL',FALSE,'sokcho',20650),
       (1217,84,'credit card',1971000,441000,1530000,'2024-06-10 11:57:33','HOTEL',FALSE,'sokcho',45900),
       (1218,99,'cash with reward',682000,446000,236000,'2024-06-17 06:58:07','HOTEL',FALSE,'sokcho',7080),
       (1219,176,'cash',852000,87000,765000,'2024-06-08 22:57:02','HOTEL',FALSE,'seoul',22950),
       (1220,16,'credit card',1978000,1698000,280000,'2024-06-20 12:08:36','HOTEL',FALSE,'sokcho',8400),
       (1221,39,'cash with reward',1549000,1017000,532000,'2024-06-23 00:36:39','HOTEL',FALSE,'sokcho',21280),
       (1222,95,'cash',1418000,785000,633000,'2024-06-25 03:50:33','HOTEL',FALSE,'sokcho',25320),
       (1223,138,'credit card with reward',1629000,621000,1008000,'2024-06-03 17:38:57','HOTEL',FALSE,'seoul',40320),
       (1224,65,'cash with reward',687000,480000,207000,'2024-06-28 18:47:32','HOTEL',FALSE,'sokcho',10350),
       (1225,107,'credit card',1546000,60000,1486000,'2024-06-06 08:51:25','HOTEL',FALSE,'sokcho',74300),
       (1226,91,'cash',835000,776000,59000,'2024-06-18 13:07:51','HOTEL',FALSE,'sokcho',1770),
       (1227,130,'credit card',974000,114000,860000,'2024-06-11 06:15:09','HOTEL',FALSE,'busan',34400),
       (1228,103,'credit card',1206000,170000,1036000,'2024-06-16 13:28:59','HOTEL',FALSE,'seoul',51800),
       (1229,148,'credit card with reward',1360000,978000,382000,'2024-06-13 04:32:09','HOTEL',FALSE,'busan',11460),
       (1230,123,'credit card with reward',1902000,1323000,579000,'2024-06-05 09:04:18','HOTEL',FALSE,'sokcho',17370),
       (1231,183,'credit card with reward',1318000,1198000,120000,'2024-06-13 05:23:40','HOTEL',FALSE,'seoul',3600),
       (1232,42,'credit card with reward',1096000,1091000,5000,'2024-06-04 16:31:49','HOTEL',FALSE,'sokcho',150),
       (1233,162,'reward',796000,785000,11000,'2024-06-19 14:42:45','HOTEL',FALSE,'busan',550),
       (1234,188,'reward',1175000,625000,550000,'2024-06-04 22:36:25','HOTEL',FALSE,'busan',16500),
       (1235,197,'credit card',920000,448000,472000,'2024-06-03 23:24:40','HOTEL',FALSE,'sokcho',14160),
       (1236,79,'credit card',504000,80000,424000,'2024-06-26 19:21:29','HOTEL',FALSE,'seoul',12720),
       (1237,32,'credit card',1554000,1199000,355000,'2024-06-15 11:19:24','HOTEL',FALSE,'busan',10650),
       (1238,21,'reward',1528000,204000,1324000,'2024-06-04 21:46:35','HOTEL',FALSE,'seoul',52960),
       (1239,26,'cash',1816000,789000,1027000,'2024-06-08 21:49:34','HOTEL',FALSE,'sokcho',51350),
       (1240,135,'credit card with reward',1667000,1197000,470000,'2024-06-18 06:04:29','HOTEL',FALSE,'seoul',18800),
       (1241,2,'credit card',1861000,1213000,648000,'2024-06-12 17:43:47','HOTEL',FALSE,'sokcho',25920),
       (1242,73,'cash',323000,192000,131000,'2024-06-17 15:56:52','HOTEL',FALSE,'sokcho',6550),
       (1243,96,'credit card',296000,17000,279000,'2024-06-22 10:32:14','HOTEL',FALSE,'seoul',11160),
       (1244,192,'credit card with reward',720000,500000,220000,'2024-06-14 10:19:29','HOTEL',FALSE,'seoul',6600),
       (1245,115,'credit card',1333000,325000,1008000,'2024-06-24 00:54:19','HOTEL',FALSE,'sokcho',30240),
       (1246,3,'credit card with reward',1362000,31000,1331000,'2024-06-22 04:09:50','HOTEL',FALSE,'busan',39930),
       (1247,136,'credit card with reward',1362000,938000,424000,'2024-06-22 10:27:25','HOTEL',FALSE,'busan',16960),
       (1248,75,'credit card',222000,144000,78000,'2024-06-27 04:10:01','HOTEL',FALSE,'sokcho',3900),
       (1249,121,'credit card with reward',590000,44000,546000,'2024-06-15 16:03:41','HOTEL',FALSE,'busan',16380),
       (1250,146,'credit card with reward',638000,297000,341000,'2024-06-21 20:37:31','HOTEL',FALSE,'busan',17050),
       (1251,42,'cash',1567000,1295000,272000,'2024-06-21 02:57:07','HOTEL',FALSE,'seoul',8160),
       (1252,169,'reward',1545000,416000,1129000,'2024-06-01 12:57:18','HOTEL',FALSE,'seoul',33870),
       (1253,157,'cash with reward',1525000,870000,655000,'2024-06-23 22:02:53','HOTEL',FALSE,'seoul',32750),
       (1254,114,'cash',951000,51000,900000,'2024-06-20 19:07:41','HOTEL',FALSE,'seoul',45000),
       (1255,49,'reward',717000,422000,295000,'2024-06-04 11:32:12','HOTEL',FALSE,'sokcho',8850),
       (1256,180,'cash',1907000,606000,1301000,'2024-06-02 02:15:37','HOTEL',FALSE,'busan',52040),
       (1257,93,'reward',262000,222000,40000,'2024-06-19 12:04:51','HOTEL',FALSE,'sokcho',1200),
       (1258,82,'cash',395000,80000,315000,'2024-06-01 08:46:23','HOTEL',FALSE,'sokcho',15750),
       (1259,59,'cash',1699000,1442000,257000,'2024-06-15 14:46:29','HOTEL',FALSE,'seoul',7710),
       (1260,127,'credit card',1897000,488000,1409000,'2024-06-12 19:15:38','HOTEL',FALSE,'sokcho',70450),
       (1261,8,'credit card',1590000,1500000,90000,'2024-06-24 15:41:03','HOTEL',FALSE,'busan',3600),
       (1262,177,'reward',1058000,956000,102000,'2024-06-05 19:54:12','HOTEL',FALSE,'sokcho',4080),
       (1263,18,'reward',1328000,1163000,165000,'2024-06-08 23:06:21','HOTEL',FALSE,'busan',4950),
       (1264,20,'credit card with reward',1262000,55000,1207000,'2024-06-23 02:49:29','HOTEL',FALSE,'sokcho',60350),
       (1265,109,'credit card',147000,79000,68000,'2024-06-23 09:57:21','HOTEL',FALSE,'busan',2040),
       (1266,94,'cash with reward',353000,43000,310000,'2024-06-04 01:21:19','HOTEL',FALSE,'busan',12400),
       (1267,60,'cash',366000,67000,299000,'2024-06-15 08:07:41','HOTEL',FALSE,'seoul',11960),
       (1268,53,'credit card with reward',129000,78000,51000,'2024-06-28 02:38:37','HOTEL',FALSE,'sokcho',1530),
       (1269,123,'reward',236000,192000,44000,'2024-06-27 02:56:09','HOTEL',FALSE,'seoul',1320),
       (1270,140,'reward',1612000,1257000,355000,'2024-06-18 11:22:54','HOTEL',FALSE,'seoul',10650),
       (1271,145,'credit card with reward',149000,7000,142000,'2024-06-11 03:12:05','HOTEL',FALSE,'busan',4260),
       (1272,115,'credit card',1297000,868000,429000,'2024-06-01 23:25:37','HOTEL',FALSE,'sokcho',12870),
       (1273,17,'credit card with reward',361000,300000,61000,'2024-06-18 13:57:50','HOTEL',FALSE,'sokcho',2440),
       (1274,26,'reward',1884000,1784000,100000,'2024-06-02 13:46:25','HOTEL',FALSE,'busan',5000),
       (1275,138,'reward',1183000,987000,196000,'2024-06-19 21:15:13','HOTEL',FALSE,'seoul',7840),
       (1276,113,'credit card',1659000,960000,699000,'2024-06-15 06:33:42','HOTEL',FALSE,'busan',20970),
       (1277,118,'reward',372000,26000,346000,'2024-06-12 10:17:36','HOTEL',FALSE,'sokcho',10380),
       (1278,30,'reward',1883000,1170000,713000,'2024-06-13 01:06:08','HOTEL',FALSE,'busan',21390),
       (1279,63,'cash',300000,46000,254000,'2024-06-28 07:01:46','HOTEL',FALSE,'busan',7620),
       (1280,112,'credit card with reward',224000,67000,157000,'2024-06-13 18:18:44','HOTEL',FALSE,'seoul',6280),
       (1281,2,'cash',1364000,749000,615000,'2024-06-20 11:45:44','HOTEL',FALSE,'seoul',24600),
       (1282,132,'credit card',1604000,432000,1172000,'2024-06-10 09:17:36','HOTEL',FALSE,'sokcho',35160),
       (1283,1,'cash',554000,71000,483000,'2024-06-22 22:13:33','HOTEL',FALSE,'sokcho',19320),
       (1284,106,'cash',1753000,389000,1364000,'2024-06-11 00:38:03','HOTEL',FALSE,'busan',68200),
       (1285,191,'cash with reward',1088000,784000,304000,'2024-06-13 04:08:27','HOTEL',FALSE,'seoul',12160),
       (1286,84,'credit card with reward',1598000,676000,922000,'2024-06-13 08:12:42','HOTEL',FALSE,'busan',27660),
       (1287,174,'cash',1049000,73000,976000,'2024-06-13 00:58:19','HOTEL',FALSE,'sokcho',48800),
       (1288,186,'reward',1462000,577000,885000,'2024-06-29 16:10:35','HOTEL',FALSE,'seoul',26550),
       (1289,55,'reward',1743000,1105000,638000,'2024-06-23 02:41:36','HOTEL',FALSE,'busan',19140),
       (1290,89,'reward',877000,553000,324000,'2024-06-03 15:38:08','HOTEL',FALSE,'seoul',12960),
       (1291,188,'credit card with reward',1392000,445000,947000,'2024-06-18 14:24:48','HOTEL',FALSE,'seoul',28410),
       (1292,20,'credit card',1893000,218000,1675000,'2024-06-19 23:48:48','HOTEL',FALSE,'seoul',83750),
       (1293,185,'cash',1593000,1463000,130000,'2024-06-24 22:45:38','HOTEL',FALSE,'busan',5200),
       (1294,21,'cash with reward',1024000,279000,745000,'2024-06-12 04:46:57','HOTEL',FALSE,'busan',29800),
       (1295,194,'cash with reward',466000,287000,179000,'2024-06-22 04:55:23','HOTEL',FALSE,'seoul',5370),
       (1296,129,'reward',1958000,1713000,245000,'2024-06-19 07:45:34','HOTEL',FALSE,'busan',12250),
       (1297,177,'cash with reward',1527000,20000,1507000,'2024-06-15 06:49:08','HOTEL',FALSE,'busan',60280),
       (1298,82,'cash with reward',1778000,35000,1743000,'2024-06-13 11:37:32','HOTEL',FALSE,'busan',87150),
       (1299,128,'credit card with reward',1787000,178000,1609000,'2024-06-21 04:33:58','HOTEL',FALSE,'seoul',48270),
       (1300,61,'cash with reward',1427000,6000,1421000,'2024-06-05 02:35:41','HOTEL',FALSE,'busan',42630),
       (1301,57,'reward',169000,152000,17000,'2024-06-23 21:38:35','HOTEL',FALSE,'busan',680),
       (1302,78,'cash',602000,378000,224000,'2024-06-28 13:53:47','HOTEL',FALSE,'busan',6720),
       (1303,16,'reward',896000,785000,111000,'2024-06-02 07:55:50','HOTEL',FALSE,'seoul',3330),
       (1304,24,'credit card',1562000,1311000,251000,'2024-06-21 19:22:47','HOTEL',FALSE,'seoul',10040),
       (1305,19,'credit card with reward',718000,626000,92000,'2024-06-14 23:27:11','HOTEL',FALSE,'seoul',3680),
       (1306,46,'reward',1409000,651000,758000,'2024-06-21 16:37:06','HOTEL',FALSE,'seoul',22740),
       (1307,74,'cash with reward',1111000,785000,326000,'2024-06-21 02:32:16','HOTEL',FALSE,'seoul',16300),
       (1308,115,'cash with reward',1246000,848000,398000,'2024-06-07 10:50:36','HOTEL',FALSE,'busan',11940),
       (1309,145,'cash with reward',374000,81000,293000,'2024-06-02 17:06:25','HOTEL',FALSE,'busan',8790),
       (1310,30,'reward',881000,717000,164000,'2024-06-12 11:55:39','HOTEL',FALSE,'seoul',4920),
       (1311,53,'cash',1265000,838000,427000,'2024-06-28 15:26:56','HOTEL',FALSE,'seoul',12810),
       (1312,77,'reward',1204000,775000,429000,'2024-06-20 01:27:44','HOTEL',FALSE,'sokcho',12870),
       (1313,90,'credit card',260000,201000,59000,'2024-06-01 12:55:07','HOTEL',FALSE,'busan',1770),
       (1314,74,'reward',1967000,3000,1964000,'2024-06-01 13:41:14','HOTEL',FALSE,'busan',98200),
       (1315,26,'reward',338000,98000,240000,'2024-06-03 12:16:33','HOTEL',FALSE,'sokcho',12000),
       (1316,82,'reward',270000,106000,164000,'2024-06-26 03:39:54','HOTEL',FALSE,'busan',8200),
       (1317,65,'credit card',1287000,449000,838000,'2024-06-08 09:53:36','HOTEL',FALSE,'seoul',41900),
       (1318,167,'reward',1666000,1509000,157000,'2024-06-03 17:26:45','HOTEL',FALSE,'seoul',4710),
       (1319,44,'credit card with reward',1733000,1371000,362000,'2024-06-06 02:10:01','HOTEL',FALSE,'busan',10860),
       (1320,86,'cash',1260000,1042000,218000,'2024-06-14 16:37:46','HOTEL',FALSE,'busan',6540),
       (1321,31,'credit card with reward',924000,303000,621000,'2024-06-26 15:19:24','HOTEL',FALSE,'seoul',18630),
       (1322,94,'credit card',523000,122000,401000,'2024-06-01 07:36:39','HOTEL',FALSE,'busan',16040),
       (1323,135,'credit card with reward',553000,462000,91000,'2024-06-18 17:39:40','HOTEL',FALSE,'seoul',3640),
       (1324,66,'reward',1063000,368000,695000,'2024-06-01 11:25:17','HOTEL',FALSE,'sokcho',34750),
       (1325,108,'cash',1969000,279000,1690000,'2024-06-11 13:49:27','HOTEL',FALSE,'seoul',67600),
       (1326,151,'cash with reward',255000,145000,110000,'2024-06-03 04:15:27','HOTEL',FALSE,'seoul',5500),
       (1327,63,'credit card',1229000,531000,698000,'2024-06-12 00:40:49','HOTEL',FALSE,'sokcho',20940),
       (1328,124,'cash with reward',1894000,429000,1465000,'2024-06-05 11:22:19','HOTEL',FALSE,'sokcho',43950),
       (1329,117,'cash',1873000,771000,1102000,'2024-06-11 07:00:08','HOTEL',FALSE,'sokcho',33060),
       (1330,5,'cash',499000,31000,468000,'2024-06-12 04:21:52','HOTEL',FALSE,'busan',14040),
       (1331,2,'credit card',1191000,890000,301000,'2024-06-18 12:48:40','HOTEL',FALSE,'seoul',12040),
       (1332,42,'cash with reward',1691000,594000,1097000,'2024-06-07 17:53:27','HOTEL',FALSE,'busan',32910),
       (1333,36,'credit card with reward',1895000,1816000,79000,'2024-06-25 16:45:48','HOTEL',FALSE,'seoul',2370),
       (1334,69,'credit card with reward',1773000,1394000,379000,'2024-06-18 05:56:57','HOTEL',FALSE,'seoul',18950),
       (1335,13,'credit card with reward',278000,244000,34000,'2024-06-20 03:20:59','HOTEL',FALSE,'sokcho',1360),
       (1336,153,'cash',429000,183000,246000,'2024-06-06 22:32:20','HOTEL',FALSE,'busan',7380),
       (1337,111,'cash',1678000,1198000,480000,'2024-06-07 09:32:51','HOTEL',FALSE,'sokcho',24000),
       (1338,30,'reward',1846000,1246000,600000,'2024-06-16 19:31:11','HOTEL',FALSE,'sokcho',18000),
       (1339,176,'cash',936000,790000,146000,'2024-06-11 04:02:47','HOTEL',FALSE,'sokcho',4380),
       (1340,119,'cash with reward',1849000,876000,973000,'2024-06-11 14:16:10','HOTEL',FALSE,'seoul',38920),
       (1341,194,'credit card',909000,334000,575000,'2024-06-22 01:28:13','HOTEL',FALSE,'seoul',17250),
       (1342,161,'credit card with reward',1152000,351000,801000,'2024-06-24 20:57:13','HOTEL',FALSE,'busan',24030),
       (1343,193,'reward',647000,322000,325000,'2024-06-14 22:15:40','HOTEL',FALSE,'seoul',16250),
       (1344,200,'cash with reward',146000,35000,111000,'2024-06-05 21:25:46','HOTEL',FALSE,'busan',3330),
       (1345,168,'reward',629000,309000,320000,'2024-06-26 20:06:10','HOTEL',FALSE,'busan',9600),
       (1346,10,'cash with reward',1959000,1573000,386000,'2024-06-18 08:28:43','HOTEL',FALSE,'seoul',11580),
       (1347,29,'credit card with reward',1649000,1033000,616000,'2024-06-15 23:11:39','HOTEL',FALSE,'sokcho',18480),
       (1348,143,'reward',885000,211000,674000,'2024-06-24 21:32:56','HOTEL',FALSE,'seoul',26960),
       (1349,89,'cash with reward',1430000,659000,771000,'2024-06-05 19:12:03','HOTEL',FALSE,'busan',30840),
       (1350,52,'cash with reward',246000,93000,153000,'2024-06-15 23:17:24','HOTEL',FALSE,'seoul',6120),
       (1351,107,'cash',1438000,419000,1019000,'2024-06-24 01:44:16','HOTEL',FALSE,'sokcho',50950),
       (1352,69,'credit card',1813000,215000,1598000,'2024-06-19 17:47:07','HOTEL',FALSE,'busan',79900),
       (1353,61,'credit card',1857000,1691000,166000,'2024-06-09 21:06:35','HOTEL',FALSE,'sokcho',4980),
       (1354,170,'reward',1860000,407000,1453000,'2024-06-25 01:11:35','HOTEL',FALSE,'seoul',43590),
       (1355,125,'cash with reward',147000,23000,124000,'2024-06-21 10:18:50','HOTEL',FALSE,'busan',6200),
       (1356,115,'credit card with reward',811000,201000,610000,'2024-06-11 18:50:05','HOTEL',FALSE,'seoul',18300),
       (1357,37,'cash with reward',751000,723000,28000,'2024-06-22 16:48:20','HOTEL',FALSE,'seoul',840),
       (1358,6,'credit card with reward',1737000,772000,965000,'2024-06-25 10:33:57','HOTEL',FALSE,'sokcho',48250),
       (1359,31,'reward',407000,114000,293000,'2024-06-09 06:00:46','HOTEL',FALSE,'seoul',8790),
       (1360,67,'credit card',1726000,697000,1029000,'2024-06-28 07:10:39','HOTEL',FALSE,'seoul',41160),
       (1361,182,'credit card',819000,465000,354000,'2024-06-24 08:28:15','HOTEL',FALSE,'seoul',17700),
       (1362,135,'reward',130000,108000,22000,'2024-06-06 15:10:38','HOTEL',FALSE,'busan',880),
       (1363,24,'credit card with reward',406000,397000,9000,'2024-06-23 14:09:19','HOTEL',FALSE,'busan',360),
       (1364,85,'reward',812000,549000,263000,'2024-06-07 11:08:42','HOTEL',FALSE,'sokcho',13150),
       (1365,192,'reward',362000,301000,61000,'2024-06-24 14:12:25','HOTEL',FALSE,'sokcho',1830),
       (1366,97,'credit card with reward',1409000,982000,427000,'2024-06-06 19:08:54','HOTEL',FALSE,'seoul',21350),
       (1367,140,'credit card with reward',678000,56000,622000,'2024-06-19 23:44:45','HOTEL',FALSE,'sokcho',18660),
       (1368,83,'credit card with reward',855000,262000,593000,'2024-06-05 09:50:36','HOTEL',FALSE,'sokcho',23720),
       (1369,111,'cash',150000,1000,149000,'2024-06-08 18:43:34','HOTEL',FALSE,'sokcho',7450),
       (1370,68,'credit card with reward',875000,315000,560000,'2024-06-02 14:44:15','HOTEL',FALSE,'seoul',16800),
       (1371,86,'cash with reward',1543000,1486000,57000,'2024-06-22 21:25:41','HOTEL',FALSE,'sokcho',1710),
       (1372,63,'cash',1411000,1346000,65000,'2024-06-14 14:43:20','HOTEL',FALSE,'seoul',1950),
       (1373,126,'cash with reward',1589000,1492000,97000,'2024-06-12 10:54:08','HOTEL',FALSE,'seoul',4850),
       (1374,59,'cash with reward',1373000,975000,398000,'2024-06-03 15:22:32','HOTEL',FALSE,'busan',11940),
       (1375,16,'credit card with reward',856000,358000,498000,'2024-06-18 20:05:51','HOTEL',FALSE,'seoul',14940),
       (1376,90,'reward',723000,315000,408000,'2024-06-24 06:58:50','HOTEL',FALSE,'seoul',12240),
       (1377,143,'cash with reward',990000,497000,493000,'2024-06-25 12:12:37','HOTEL',FALSE,'sokcho',19720),
       (1378,80,'cash',936000,802000,134000,'2024-06-24 02:51:07','HOTEL',FALSE,'seoul',4020),
       (1379,182,'credit card with reward',421000,162000,259000,'2024-06-10 18:55:25','HOTEL',FALSE,'seoul',12950),
       (1380,85,'credit card',617000,360000,257000,'2024-06-15 20:55:18','HOTEL',FALSE,'sokcho',12850),
       (1381,62,'cash with reward',1111000,860000,251000,'2024-06-14 17:49:28','HOTEL',FALSE,'sokcho',12550),
       (1382,34,'credit card with reward',184000,51000,133000,'2024-06-05 03:35:52','HOTEL',FALSE,'busan',3990),
       (1383,123,'credit card with reward',1149000,34000,1115000,'2024-06-28 14:24:29','HOTEL',FALSE,'seoul',33450),
       (1384,151,'credit card with reward',1888000,42000,1846000,'2024-06-05 13:23:31','HOTEL',FALSE,'sokcho',92300),
       (1385,174,'cash with reward',1845000,1250000,595000,'2024-06-03 01:09:27','HOTEL',FALSE,'sokcho',29750),
       (1386,94,'credit card with reward',1098000,665000,433000,'2024-06-28 02:29:17','HOTEL',FALSE,'sokcho',17320),
       (1387,142,'reward',1805000,1680000,125000,'2024-06-29 01:01:13','HOTEL',FALSE,'sokcho',3750),
       (1388,30,'reward',1096000,124000,972000,'2024-06-03 22:14:09','HOTEL',FALSE,'seoul',29160),
       (1389,150,'credit card',385000,313000,72000,'2024-06-14 21:28:20','HOTEL',FALSE,'sokcho',2160),
       (1390,188,'credit card with reward',1661000,533000,1128000,'2024-06-01 07:56:36','HOTEL',FALSE,'seoul',33840),
       (1391,139,'credit card with reward',700000,632000,68000,'2024-06-28 22:40:51','HOTEL',FALSE,'busan',2040),
       (1392,38,'credit card',1468000,712000,756000,'2024-06-18 23:21:35','HOTEL',FALSE,'seoul',22680),
       (1393,127,'credit card',1109000,38000,1071000,'2024-06-28 09:23:18','HOTEL',FALSE,'sokcho',53550),
       (1394,5,'cash',1977000,484000,1493000,'2024-06-18 12:36:41','HOTEL',FALSE,'busan',44790),
       (1395,17,'credit card',453000,293000,160000,'2024-06-12 17:16:34','HOTEL',FALSE,'sokcho',6400),
       (1396,84,'cash with reward',450000,36000,414000,'2024-06-11 22:57:20','HOTEL',FALSE,'sokcho',12420),
       (1397,64,'cash',910000,714000,196000,'2024-06-10 00:42:00','HOTEL',FALSE,'sokcho',7840),
       (1398,187,'cash',195000,96000,99000,'2024-06-28 05:32:06','HOTEL',FALSE,'busan',4950),
       (1399,175,'credit card with reward',653000,483000,170000,'2024-06-13 22:44:26','HOTEL',FALSE,'sokcho',8500),
       (1400,22,'credit card',1113000,799000,314000,'2024-06-22 02:37:52','HOTEL',FALSE,'seoul',9420),
       (1401,49,'cash with reward',1089000,78000,1011000,'2024-06-28 01:28:55','HOTEL',FALSE,'sokcho',30330),
       (1402,42,'credit card',619000,513000,106000,'2024-06-06 15:14:10','HOTEL',FALSE,'busan',3180),
       (1403,37,'reward',875000,67000,808000,'2024-06-01 14:27:55','HOTEL',FALSE,'seoul',24240),
       (1404,19,'reward',483000,449000,34000,'2024-06-24 18:07:22','HOTEL',FALSE,'seoul',1360),
       (1405,17,'cash',456000,255000,201000,'2024-06-06 07:22:39','HOTEL',FALSE,'busan',8040),
       (1406,90,'credit card with reward',898000,654000,244000,'2024-06-03 21:40:08','HOTEL',FALSE,'sokcho',7320),
       (1407,165,'cash',1733000,357000,1376000,'2024-06-11 15:44:12','HOTEL',FALSE,'sokcho',41280),
       (1408,131,'reward',1106000,304000,802000,'2024-06-21 06:24:18','HOTEL',FALSE,'sokcho',24060),
       (1409,187,'credit card with reward',415000,170000,245000,'2024-06-14 19:52:11','HOTEL',FALSE,'busan',12250),
       (1410,29,'cash',412000,313000,99000,'2024-06-19 10:54:04','HOTEL',FALSE,'busan',2970),
       (1411,20,'credit card with reward',610000,453000,157000,'2024-06-08 18:54:22','HOTEL',FALSE,'seoul',7850),
       (1412,101,'cash',1107000,124000,983000,'2024-06-15 02:00:56','HOTEL',FALSE,'busan',29490),
       (1413,141,'cash',1768000,535000,1233000,'2024-06-29 16:28:59','HOTEL',FALSE,'busan',61650),
       (1414,199,'cash',1232000,319000,913000,'2024-06-18 10:57:14','HOTEL',FALSE,'busan',45650),
       (1415,31,'cash with reward',1703000,1430000,273000,'2024-06-03 10:46:55','HOTEL',FALSE,'sokcho',8190),
       (1416,61,'cash',359000,14000,345000,'2024-06-23 04:39:41','HOTEL',FALSE,'sokcho',10350),
       (1417,96,'credit card with reward',1115000,139000,976000,'2024-06-13 10:13:43','HOTEL',FALSE,'busan',39040),
       (1418,172,'credit card',1331000,11000,1320000,'2024-06-26 08:52:12','HOTEL',FALSE,'sokcho',39600),
       (1419,7,'cash',1115000,3000,1112000,'2024-06-02 19:03:40','HOTEL',FALSE,'busan',33360),
       (1420,92,'cash',1959000,1002000,957000,'2024-06-11 00:44:58','HOTEL',FALSE,'sokcho',38280),
       (1421,148,'cash with reward',1973000,1633000,340000,'2024-06-24 12:21:26','HOTEL',FALSE,'seoul',10200),
       (1422,134,'cash',1099000,675000,424000,'2024-06-17 23:58:33','HOTEL',FALSE,'busan',12720),
       (1423,27,'cash with reward',1839000,453000,1386000,'2024-06-18 07:37:20','HOTEL',FALSE,'seoul',41580),
       (1424,136,'credit card with reward',111000,89000,22000,'2024-06-16 09:47:05','HOTEL',FALSE,'busan',880),
       (1425,194,'cash with reward',759000,703000,56000,'2024-06-05 11:40:12','HOTEL',FALSE,'seoul',1680),
       (1426,73,'credit card with reward',1162000,1058000,104000,'2024-06-22 18:00:30','HOTEL',FALSE,'sokcho',5200),
       (1427,82,'credit card with reward',202000,36000,166000,'2024-06-11 15:08:10','HOTEL',FALSE,'busan',8300),
       (1428,142,'cash',934000,636000,298000,'2024-06-01 00:11:51','HOTEL',FALSE,'sokcho',8940),
       (1429,116,'cash',427000,408000,19000,'2024-06-15 14:51:04','HOTEL',FALSE,'busan',760),
       (1430,5,'reward',1528000,905000,623000,'2024-06-07 13:39:25','HOTEL',FALSE,'sokcho',18690),
       (1431,121,'reward',506000,264000,242000,'2024-06-11 07:49:42','HOTEL',FALSE,'seoul',7260),
       (1432,104,'credit card',1141000,161000,980000,'2024-06-14 20:38:06','HOTEL',FALSE,'seoul',49000),
       (1433,192,'reward',1172000,594000,578000,'2024-06-14 00:00:32','HOTEL',FALSE,'seoul',17340),
       (1434,81,'cash',1923000,1856000,67000,'2024-06-09 04:23:31','HOTEL',FALSE,'sokcho',2010),
       (1435,174,'credit card',365000,210000,155000,'2024-06-03 12:40:53','HOTEL',FALSE,'sokcho',7750),
       (1436,136,'reward',1247000,1242000,5000,'2024-06-15 20:49:50','HOTEL',FALSE,'sokcho',200),
       (1437,43,'reward',235000,4000,231000,'2024-06-03 00:19:55','HOTEL',FALSE,'sokcho',6930),
       (1438,65,'reward',211000,93000,118000,'2024-06-24 10:33:31','HOTEL',FALSE,'sokcho',5900),
       (1439,69,'credit card with reward',1340000,691000,649000,'2024-06-24 02:20:10','HOTEL',FALSE,'sokcho',32450),
       (1440,96,'cash with reward',1624000,1564000,60000,'2024-06-10 08:49:34','HOTEL',FALSE,'seoul',2400),
       (1441,168,'credit card with reward',1834000,360000,1474000,'2024-06-05 12:29:11','HOTEL',FALSE,'seoul',44220),
       (1442,10,'reward',1575000,438000,1137000,'2024-06-20 02:10:02','HOTEL',FALSE,'busan',34110),
       (1443,158,'credit card with reward',351000,40000,311000,'2024-06-22 04:36:22','HOTEL',FALSE,'seoul',15550),
       (1444,176,'reward',1045000,499000,546000,'2024-06-02 21:38:53','HOTEL',FALSE,'sokcho',16380),
       (1445,187,'credit card',1278000,579000,699000,'2024-06-15 07:45:28','HOTEL',FALSE,'seoul',34950),
       (1446,31,'credit card with reward',1538000,399000,1139000,'2024-06-11 01:45:39','HOTEL',FALSE,'busan',34170),
       (1447,51,'credit card',633000,276000,357000,'2024-06-17 02:02:17','HOTEL',FALSE,'sokcho',14280),
       (1448,38,'cash with reward',476000,244000,232000,'2024-06-07 04:38:32','HOTEL',FALSE,'busan',6960),
       (1449,42,'cash with reward',1531000,953000,578000,'2024-06-01 07:50:49','HOTEL',FALSE,'seoul',17340),
       (1450,153,'credit card with reward',731000,612000,119000,'2024-06-04 07:42:25','HOTEL',FALSE,'sokcho',3570),
       (1451,24,'credit card with reward',1093000,651000,442000,'2024-06-02 07:20:14','HOTEL',FALSE,'seoul',17680),
       (1452,22,'reward',362000,195000,167000,'2024-06-06 06:49:03','HOTEL',FALSE,'sokcho',5010),
       (1453,129,'reward',1750000,522000,1228000,'2024-06-15 14:19:51','HOTEL',FALSE,'busan',61400),
       (1454,161,'cash with reward',1658000,1478000,180000,'2024-06-16 20:03:01','HOTEL',FALSE,'busan',5400),
       (1455,97,'credit card',410000,185000,225000,'2024-06-07 17:01:18','HOTEL',FALSE,'seoul',11250),
       (1456,4,'credit card with reward',1502000,1379000,123000,'2024-06-27 13:50:30','HOTEL',FALSE,'sokcho',3690),
       (1457,101,'credit card with reward',1853000,1832000,21000,'2024-06-10 18:03:43','HOTEL',FALSE,'seoul',630),
       (1458,68,'cash',128000,96000,32000,'2024-06-03 03:10:10','HOTEL',FALSE,'sokcho',960),
       (1459,12,'reward',839000,477000,362000,'2024-06-16 02:34:08','HOTEL',FALSE,'sokcho',10860),
       (1460,198,'reward',1587000,877000,710000,'2024-06-01 08:28:29','HOTEL',FALSE,'seoul',21300),
       (1461,164,'cash',489000,112000,377000,'2024-06-27 11:18:11','HOTEL',FALSE,'busan',11310),
       (1462,175,'cash',1102000,729000,373000,'2024-06-13 16:40:25','HOTEL',FALSE,'busan',18650),
       (1463,167,'cash',674000,218000,456000,'2024-06-02 03:26:14','HOTEL',FALSE,'busan',13680),
       (1464,131,'credit card',1463000,1254000,209000,'2024-06-05 21:23:37','HOTEL',FALSE,'sokcho',6270),
       (1465,155,'cash',412000,91000,321000,'2024-06-06 13:49:57','HOTEL',FALSE,'seoul',9630),
       (1466,133,'cash',787000,241000,546000,'2024-06-03 01:26:17','HOTEL',FALSE,'sokcho',21840),
       (1467,171,'reward',1791000,412000,1379000,'2024-06-13 18:20:59','HOTEL',FALSE,'busan',68950),
       (1468,179,'reward',945000,340000,605000,'2024-06-23 23:05:03','HOTEL',FALSE,'sokcho',30250),
       (1469,169,'credit card with reward',1425000,656000,769000,'2024-06-15 01:15:25','HOTEL',FALSE,'busan',23070),
       (1470,100,'credit card',983000,824000,159000,'2024-06-05 00:17:06','HOTEL',FALSE,'seoul',6360),
       (1471,117,'cash with reward',1094000,54000,1040000,'2024-06-10 19:40:20','HOTEL',FALSE,'seoul',31200),
       (1472,107,'reward',1658000,1251000,407000,'2024-06-10 02:36:55','HOTEL',FALSE,'sokcho',20350),
       (1473,35,'credit card with reward',330000,136000,194000,'2024-06-12 04:16:48','HOTEL',FALSE,'seoul',5820),
       (1474,17,'credit card',1022000,52000,970000,'2024-06-26 17:37:41','HOTEL',FALSE,'busan',38800),
       (1475,5,'credit card',1112000,896000,216000,'2024-06-04 22:40:19','HOTEL',FALSE,'sokcho',6480),
       (1476,189,'credit card',1701000,301000,1400000,'2024-06-19 01:22:11','HOTEL',FALSE,'busan',42000),
       (1477,123,'cash with reward',845000,592000,253000,'2024-06-07 02:22:08','HOTEL',FALSE,'seoul',7590),
       (1478,25,'reward',1993000,1463000,530000,'2024-06-25 21:00:53','HOTEL',FALSE,'busan',21200),
       (1479,182,'cash',1729000,752000,977000,'2024-06-22 14:09:04','HOTEL',FALSE,'busan',48850),
       (1480,16,'cash with reward',118000,94000,24000,'2024-06-17 16:57:36','HOTEL',FALSE,'seoul',720),
       (1481,159,'cash',1378000,606000,772000,'2024-06-21 10:15:41','HOTEL',FALSE,'seoul',23160),
       (1482,194,'credit card with reward',656000,173000,483000,'2024-06-10 23:14:52','HOTEL',FALSE,'seoul',14490),
       (1483,181,'reward',1019000,83000,936000,'2024-06-15 17:06:32','HOTEL',FALSE,'sokcho',46800),
       (1484,196,'cash',171000,2000,169000,'2024-06-17 15:55:23','HOTEL',FALSE,'busan',5070),
       (1485,6,'cash',137000,131000,6000,'2024-06-15 00:07:11','HOTEL',FALSE,'busan',300),
       (1486,38,'cash',1529000,1401000,128000,'2024-06-16 18:22:01','HOTEL',FALSE,'seoul',3840),
       (1487,164,'credit card',790000,448000,342000,'2024-06-13 17:45:37','HOTEL',FALSE,'sokcho',10260),
       (1488,132,'cash',873000,154000,719000,'2024-06-02 17:21:18','HOTEL',FALSE,'sokcho',21570),
       (1489,4,'cash',1242000,44000,1198000,'2024-06-19 05:16:02','HOTEL',FALSE,'seoul',35940),
       (1490,109,'cash',703000,431000,272000,'2024-06-10 07:22:50','HOTEL',FALSE,'sokcho',8160),
       (1491,122,'reward',1388000,660000,728000,'2024-06-09 12:29:36','HOTEL',FALSE,'sokcho',21840),
       (1492,118,'reward',1709000,886000,823000,'2024-06-16 19:36:50','HOTEL',FALSE,'seoul',24690),
       (1493,97,'reward',787000,503000,284000,'2024-06-22 13:28:27','HOTEL',FALSE,'seoul',14200),
       (1494,199,'cash',1863000,984000,879000,'2024-06-27 03:12:56','HOTEL',FALSE,'busan',43950),
       (1495,19,'credit card',1665000,1582000,83000,'2024-06-16 10:01:28','HOTEL',FALSE,'busan',3320),
       (1496,173,'credit card',151000,56000,95000,'2024-06-26 20:40:58','HOTEL',FALSE,'sokcho',2850),
       (1497,65,'cash',1148000,890000,258000,'2024-06-28 18:20:18','HOTEL',FALSE,'sokcho',12900),
       (1498,127,'credit card',1369000,1319000,50000,'2024-06-27 19:52:44','HOTEL',FALSE,'sokcho',2500),
       (1499,145,'cash',1483000,1214000,269000,'2024-06-07 16:17:49','HOTEL',FALSE,'seoul',8070),
       (1500,15,'credit card with reward',312000,204000,108000,'2024-06-24 06:37:06','HOTEL',FALSE,'seoul',3240),
       (1501,151,'credit card',1439000,184000,1255000,'2024-06-18 05:36:56','HOTEL',FALSE,'busan',62750),
       (1502,92,'credit card with reward',756000,75000,681000,'2024-06-04 04:35:05','HOTEL',FALSE,'busan',27240),
       (1503,73,'cash',1517000,880000,637000,'2024-06-12 00:42:09','HOTEL',FALSE,'busan',31850),
       (1504,171,'cash',640000,363000,277000,'2024-06-29 01:51:20','HOTEL',FALSE,'busan',13850),
       (1505,198,'reward',642000,262000,380000,'2024-06-10 09:27:15','HOTEL',FALSE,'seoul',11400),
       (1506,187,'credit card',1354000,644000,710000,'2024-06-29 19:01:38','HOTEL',FALSE,'seoul',35500),
       (1507,169,'reward',1226000,1181000,45000,'2024-06-19 13:28:48','HOTEL',FALSE,'seoul',1350),
       (1508,122,'credit card with reward',305000,75000,230000,'2024-06-16 11:05:28','HOTEL',FALSE,'sokcho',6900),
       (1509,195,'credit card with reward',169000,91000,78000,'2024-06-24 03:06:14','HOTEL',FALSE,'sokcho',2340),
       (1510,37,'cash',1744000,1461000,283000,'2024-06-09 11:34:31','HOTEL',FALSE,'seoul',8490),
       (1511,157,'reward',1327000,686000,641000,'2024-06-25 12:05:49','HOTEL',FALSE,'seoul',32050),
       (1512,7,'cash',490000,423000,67000,'2024-06-18 01:44:16','HOTEL',FALSE,'sokcho',2010),
       (1513,138,'reward',637000,115000,522000,'2024-06-13 07:11:00','HOTEL',FALSE,'sokcho',20880),
       (1514,43,'credit card',1500000,1479000,21000,'2024-06-22 10:59:01','HOTEL',FALSE,'sokcho',630),
       (1515,196,'cash with reward',700000,696000,4000,'2024-06-15 20:32:11','HOTEL',FALSE,'busan',120),
       (1516,108,'cash with reward',1417000,817000,600000,'2024-06-23 12:42:48','HOTEL',FALSE,'busan',24000),
       (1517,69,'credit card with reward',800000,729000,71000,'2024-06-08 10:30:06','HOTEL',FALSE,'seoul',3550),
       (1518,184,'cash with reward',777000,599000,178000,'2024-06-06 10:24:05','HOTEL',FALSE,'sokcho',5340),
       (1519,180,'credit card',1312000,934000,378000,'2024-06-10 03:32:41','HOTEL',FALSE,'busan',15120),
       (1520,126,'credit card',255000,68000,187000,'2024-06-08 10:35:13','HOTEL',FALSE,'busan',9350),
       (1521,47,'reward',1445000,565000,880000,'2024-06-25 23:30:56','HOTEL',FALSE,'seoul',44000),
       (1522,174,'cash with reward',1024000,618000,406000,'2024-06-18 21:10:44','HOTEL',FALSE,'seoul',20300),
       (1523,179,'reward',322000,231000,91000,'2024-06-15 06:00:15','HOTEL',FALSE,'sokcho',4550),
       (1524,155,'cash',1784000,1529000,255000,'2024-06-24 06:44:50','HOTEL',FALSE,'busan',7650),
       (1525,36,'reward',1037000,617000,420000,'2024-06-04 15:11:46','HOTEL',FALSE,'seoul',12600),
       (1526,48,'cash',154000,4000,150000,'2024-06-22 00:06:11','HOTEL',FALSE,'seoul',7500),
       (1527,185,'cash',825000,809000,16000,'2024-06-12 20:22:00','HOTEL',FALSE,'busan',640),
       (1528,12,'credit card with reward',178000,9000,169000,'2024-06-09 21:24:45','HOTEL',FALSE,'seoul',5070),
       (1529,183,'cash',1313000,341000,972000,'2024-06-26 04:31:30','HOTEL',FALSE,'seoul',29160),
       (1530,136,'cash',1895000,682000,1213000,'2024-06-09 11:51:10','HOTEL',FALSE,'sokcho',48520),
       (1531,9,'credit card',327000,94000,233000,'2024-06-06 11:09:53','HOTEL',FALSE,'busan',6990),
       (1532,113,'cash',750000,648000,102000,'2024-06-27 18:49:14','HOTEL',FALSE,'busan',3060),
       (1533,98,'reward',531000,304000,227000,'2024-06-02 12:07:32','HOTEL',FALSE,'busan',11350),
       (1534,111,'credit card',1702000,5000,1697000,'2024-06-17 17:59:13','HOTEL',FALSE,'sokcho',84850),
       (1535,86,'reward',1369000,1187000,182000,'2024-06-17 20:10:19','HOTEL',FALSE,'busan',5460),
       (1536,73,'cash',1551000,385000,1166000,'2024-06-16 08:38:09','HOTEL',FALSE,'busan',58300),
       (1537,77,'credit card with reward',1076000,472000,604000,'2024-06-18 08:34:22','HOTEL',FALSE,'busan',18120),
       (1538,13,'reward',1631000,1368000,263000,'2024-06-12 09:00:49','HOTEL',FALSE,'sokcho',10520),
       (1539,128,'cash',1360000,1282000,78000,'2024-06-28 05:31:39','HOTEL',FALSE,'sokcho',2340),
       (1540,89,'cash with reward',532000,101000,431000,'2024-06-12 05:47:56','HOTEL',FALSE,'busan',17240),
       (1541,139,'reward',1613000,1252000,361000,'2024-06-08 15:45:31','HOTEL',FALSE,'seoul',10830),
       (1542,186,'reward',1074000,192000,882000,'2024-06-08 00:21:11','HOTEL',FALSE,'sokcho',26460),
       (1543,57,'credit card with reward',360000,347000,13000,'2024-06-21 19:22:41','HOTEL',FALSE,'busan',520),
       (1544,55,'credit card',328000,17000,311000,'2024-06-10 01:12:39','HOTEL',FALSE,'seoul',9330),
       (1545,46,'credit card with reward',1287000,1069000,218000,'2024-06-01 16:11:40','HOTEL',FALSE,'seoul',6540),
       (1546,177,'credit card',1042000,234000,808000,'2024-06-24 14:45:40','HOTEL',FALSE,'seoul',32320),
       (1547,134,'cash',375000,166000,209000,'2024-06-13 09:38:02','HOTEL',FALSE,'sokcho',6270),
       (1548,193,'credit card with reward',221000,76000,145000,'2024-06-18 21:19:43','HOTEL',FALSE,'busan',7250),
       (1549,182,'cash',816000,113000,703000,'2024-06-24 12:57:51','HOTEL',FALSE,'busan',35150),
       (1550,51,'reward',934000,701000,233000,'2024-06-14 12:25:39','HOTEL',FALSE,'busan',9320),
       (1551,70,'cash',439000,23000,416000,'2024-06-12 22:51:10','HOTEL',FALSE,'sokcho',20800),
       (1552,160,'credit card',848000,434000,414000,'2024-06-28 19:45:58','HOTEL',FALSE,'seoul',12420),
       (1553,27,'cash',981000,57000,924000,'2024-06-02 10:28:33','HOTEL',FALSE,'seoul',27720),
       (1554,33,'credit card with reward',1212000,747000,465000,'2024-06-23 21:21:08','HOTEL',FALSE,'busan',23250),
       (1555,103,'reward',929000,82000,847000,'2024-06-06 00:41:32','HOTEL',FALSE,'sokcho',42350),
       (1556,22,'credit card with reward',1490000,733000,757000,'2024-06-04 13:23:28','HOTEL',FALSE,'sokcho',22710),
       (1557,88,'credit card',1002000,603000,399000,'2024-06-21 19:59:04','HOTEL',FALSE,'busan',15960),
       (1558,178,'cash',579000,141000,438000,'2024-06-22 02:04:24','HOTEL',FALSE,'seoul',21900),
       (1559,59,'reward',1843000,195000,1648000,'2024-06-03 05:42:55','HOTEL',FALSE,'sokcho',49440),
       (1560,121,'reward',1857000,1480000,377000,'2024-06-17 06:17:59','HOTEL',FALSE,'busan',11310),
       (1561,76,'credit card',1048000,688000,360000,'2024-06-27 09:30:57','HOTEL',FALSE,'busan',18000),
       (1562,175,'credit card with reward',1334000,1093000,241000,'2024-06-28 20:04:32','HOTEL',FALSE,'busan',12050),
       (1563,86,'cash with reward',1281000,585000,696000,'2024-06-08 16:59:16','HOTEL',FALSE,'sokcho',20880),
       (1564,77,'credit card with reward',518000,174000,344000,'2024-06-04 01:08:57','HOTEL',FALSE,'busan',10320),
       (1565,157,'credit card',1605000,1065000,540000,'2024-06-09 11:23:37','HOTEL',FALSE,'sokcho',27000),
       (1566,110,'credit card with reward',697000,71000,626000,'2024-06-29 03:44:17','HOTEL',FALSE,'seoul',18780),
       (1567,112,'cash with reward',556000,392000,164000,'2024-06-22 16:25:09','HOTEL',FALSE,'seoul',6560),
       (1568,66,'reward',1998000,1924000,74000,'2024-06-25 15:48:49','HOTEL',FALSE,'busan',3700),
       (1569,84,'cash with reward',1641000,837000,804000,'2024-06-06 08:54:18','HOTEL',FALSE,'sokcho',24120),
       (1570,38,'reward',1948000,936000,1012000,'2024-06-04 15:28:35','HOTEL',FALSE,'seoul',30360),
       (1571,118,'reward',660000,550000,110000,'2024-06-15 05:50:45','HOTEL',FALSE,'seoul',3300),
       (1572,191,'cash',113000,65000,48000,'2024-06-05 21:52:11','HOTEL',FALSE,'sokcho',1920),
       (1573,70,'credit card',877000,225000,652000,'2024-06-24 11:05:15','HOTEL',FALSE,'sokcho',32600),
       (1574,30,'cash with reward',855000,432000,423000,'2024-06-06 02:42:04','HOTEL',FALSE,'seoul',12690),
       (1575,43,'credit card',1719000,621000,1098000,'2024-06-28 05:38:18','HOTEL',FALSE,'seoul',32940),
       (1576,170,'cash with reward',1543000,524000,1019000,'2024-06-17 19:56:50','HOTEL',FALSE,'seoul',30570),
       (1577,4,'cash with reward',346000,11000,335000,'2024-06-15 08:16:46','HOTEL',FALSE,'busan',10050),
       (1578,51,'cash',1831000,1599000,232000,'2024-06-21 04:39:08','HOTEL',FALSE,'sokcho',9280),
       (1579,100,'cash with reward',1366000,1007000,359000,'2024-06-04 08:21:30','HOTEL',FALSE,'sokcho',14360),
       (1580,182,'cash with reward',1051000,780000,271000,'2024-06-05 06:11:34','HOTEL',FALSE,'sokcho',13550),
       (1581,67,'reward',1169000,307000,862000,'2024-06-09 08:37:19','HOTEL',FALSE,'sokcho',34480),
       (1582,74,'reward',740000,541000,199000,'2024-06-28 07:52:46','HOTEL',FALSE,'sokcho',9950),
       (1583,97,'credit card',779000,517000,262000,'2024-06-21 02:08:47','HOTEL',FALSE,'sokcho',13100),
       (1584,173,'cash',1893000,231000,1662000,'2024-06-18 23:20:40','HOTEL',FALSE,'busan',49860),
       (1585,12,'cash with reward',1673000,667000,1006000,'2024-06-20 23:49:04','HOTEL',FALSE,'seoul',30180),
       (1586,21,'cash',1755000,494000,1261000,'2024-06-28 18:56:06','HOTEL',FALSE,'seoul',50440),
       (1587,120,'credit card',727000,521000,206000,'2024-06-25 05:15:02','HOTEL',FALSE,'seoul',6180),
       (1588,186,'cash',882000,733000,149000,'2024-06-29 18:51:29','HOTEL',FALSE,'seoul',4470),
       (1589,148,'cash',916000,66000,850000,'2024-06-18 17:59:04','HOTEL',FALSE,'seoul',25500),
       (1590,34,'cash',319000,129000,190000,'2024-06-06 09:51:29','HOTEL',FALSE,'busan',5700),
       (1591,75,'credit card with reward',1835000,1359000,476000,'2024-06-19 21:42:11','HOTEL',FALSE,'busan',23800),
       (1592,194,'credit card with reward',809000,771000,38000,'2024-06-16 11:19:30','HOTEL',FALSE,'busan',1140),
       (1593,135,'cash',1585000,544000,1041000,'2024-06-11 20:01:05','HOTEL',FALSE,'busan',41640),
       (1594,96,'cash',1862000,980000,882000,'2024-06-29 19:14:56','HOTEL',FALSE,'seoul',35280),
       (1595,178,'reward',1767000,1758000,9000,'2024-06-07 18:50:27','HOTEL',FALSE,'seoul',450),
       (1596,187,'reward',818000,187000,631000,'2024-06-01 05:22:56','HOTEL',FALSE,'busan',31550),
       (1597,193,'credit card with reward',782000,280000,502000,'2024-06-19 23:53:30','HOTEL',FALSE,'busan',25100),
       (1598,198,'credit card with reward',1468000,734000,734000,'2024-06-28 14:19:26','HOTEL',FALSE,'seoul',22020),
       (1599,86,'credit card with reward',1852000,1630000,222000,'2024-06-23 18:04:54','HOTEL',FALSE,'busan',6660),
       (1600,71,'cash with reward',1432000,369000,1063000,'2024-06-20 04:50:51','HOTEL',FALSE,'seoul',42520),
       (1601,140,'reward',1719000,1278000,441000,'2024-06-21 20:54:06','HOTEL',FALSE,'busan',13230),
       (1602,184,'cash with reward',120000,105000,15000,'2024-06-25 04:50:24','HOTEL',FALSE,'seoul',450),
       (1603,117,'reward',332000,134000,198000,'2024-06-23 02:59:15','HOTEL',FALSE,'seoul',5940),
       (1604,190,'reward',833000,513000,320000,'2024-06-13 22:11:44','HOTEL',FALSE,'seoul',12800),
       (1605,197,'credit card',149000,126000,23000,'2024-06-02 02:20:25','HOTEL',FALSE,'seoul',690),
       (1606,44,'cash with reward',901000,473000,428000,'2024-06-14 17:22:30','HOTEL',FALSE,'busan',12840),
       (1607,118,'credit card',1961000,1252000,709000,'2024-06-25 15:31:46','HOTEL',FALSE,'seoul',21270),
       (1608,106,'credit card',1538000,181000,1357000,'2024-06-07 21:29:18','HOTEL',FALSE,'seoul',67850),
       (1609,138,'cash',789000,483000,306000,'2024-06-21 03:10:08','HOTEL',FALSE,'sokcho',12240),
       (1610,155,'reward',903000,171000,732000,'2024-06-04 22:19:00','HOTEL',FALSE,'busan',21960),
       (1611,63,'reward',1385000,15000,1370000,'2024-06-06 20:34:58','HOTEL',FALSE,'busan',41100),
       (1612,93,'credit card',369000,273000,96000,'2024-06-01 15:38:47','HOTEL',FALSE,'seoul',2880),
       (1613,182,'cash',711000,649000,62000,'2024-06-06 10:28:33','HOTEL',FALSE,'sokcho',3100),
       (1614,29,'credit card',540000,162000,378000,'2024-06-07 08:26:10','HOTEL',FALSE,'sokcho',11340),
       (1615,191,'cash with reward',907000,475000,432000,'2024-06-18 17:04:39','HOTEL',FALSE,'sokcho',17280),
       (1616,149,'cash with reward',1656000,179000,1477000,'2024-06-26 08:35:11','HOTEL',FALSE,'seoul',73850),
       (1617,177,'cash',1931000,1811000,120000,'2024-06-19 14:39:05','HOTEL',FALSE,'seoul',4800),
       (1618,39,'cash',880000,152000,728000,'2024-06-06 12:54:24','HOTEL',FALSE,'busan',29120),
       (1619,102,'cash',1445000,1233000,212000,'2024-06-16 11:11:44','HOTEL',FALSE,'sokcho',8480),
       (1620,1,'reward',1144000,602000,542000,'2024-06-12 20:38:21','HOTEL',FALSE,'busan',21680),
       (1621,97,'reward',202000,41000,161000,'2024-06-10 15:08:53','HOTEL',FALSE,'seoul',8050),
       (1622,128,'cash with reward',1567000,1551000,16000,'2024-06-19 17:59:46','HOTEL',FALSE,'sokcho',480),
       (1623,183,'cash with reward',189000,102000,87000,'2024-06-14 07:50:11','HOTEL',FALSE,'seoul',2610),
       (1624,35,'cash with reward',1029000,683000,346000,'2024-06-21 07:58:16','HOTEL',FALSE,'sokcho',10380),
       (1625,63,'cash with reward',107000,32000,75000,'2024-06-26 17:07:07','HOTEL',FALSE,'sokcho',2250),
       (1626,81,'credit card with reward',1264000,216000,1048000,'2024-06-29 01:40:52','HOTEL',FALSE,'seoul',31440),
       (1627,154,'cash',1153000,139000,1014000,'2024-06-14 10:26:21','HOTEL',FALSE,'seoul',50700),
       (1628,77,'credit card with reward',1370000,390000,980000,'2024-06-13 20:26:52','HOTEL',FALSE,'busan',29400),
       (1629,185,'reward',1434000,52000,1382000,'2024-06-08 03:40:32','HOTEL',FALSE,'busan',55280),
       (1630,199,'cash',311000,156000,155000,'2024-06-24 08:47:14','HOTEL',FALSE,'seoul',7750),
       (1631,178,'credit card with reward',822000,103000,719000,'2024-06-26 08:03:41','HOTEL',FALSE,'seoul',35950),
       (1632,57,'credit card with reward',1634000,742000,892000,'2024-06-21 17:25:04','HOTEL',FALSE,'seoul',35680),
       (1633,194,'reward',1467000,1142000,325000,'2024-06-17 05:16:58','HOTEL',FALSE,'busan',9750),
       (1634,99,'cash',1683000,1423000,260000,'2024-06-06 08:25:30','HOTEL',FALSE,'busan',7800),
       (1635,133,'credit card with reward',1956000,698000,1258000,'2024-06-02 17:53:24','HOTEL',FALSE,'seoul',50320),
       (1636,8,'cash',568000,90000,478000,'2024-06-01 04:53:38','HOTEL',FALSE,'sokcho',19120),
       (1637,187,'reward',359000,298000,61000,'2024-06-18 20:42:46','HOTEL',FALSE,'busan',3050),
       (1638,53,'reward',534000,210000,324000,'2024-06-20 17:59:12','HOTEL',FALSE,'seoul',9720),
       (1639,16,'cash with reward',259000,114000,145000,'2024-06-08 03:06:05','HOTEL',FALSE,'sokcho',4350),
       (1640,69,'credit card',1568000,696000,872000,'2024-06-03 12:14:47','HOTEL',FALSE,'seoul',43600),
       (1641,49,'credit card with reward',122000,108000,14000,'2024-06-20 20:26:36','HOTEL',FALSE,'seoul',420),
       (1642,119,'credit card with reward',1120000,32000,1088000,'2024-06-16 02:37:45','HOTEL',FALSE,'busan',43520),
       (1643,126,'cash',876000,269000,607000,'2024-06-19 03:50:29','HOTEL',FALSE,'busan',30350),
       (1644,146,'credit card with reward',389000,263000,126000,'2024-06-24 23:48:43','HOTEL',FALSE,'busan',6300),
       (1645,75,'credit card with reward',584000,519000,65000,'2024-06-06 14:21:11','HOTEL',FALSE,'busan',3250),
       (1646,177,'credit card',1307000,102000,1205000,'2024-06-07 17:20:29','HOTEL',FALSE,'sokcho',48200),
       (1647,112,'credit card with reward',1410000,1220000,190000,'2024-06-20 21:44:50','HOTEL',FALSE,'busan',7600),
       (1648,192,'cash with reward',1526000,521000,1005000,'2024-06-10 14:13:07','HOTEL',FALSE,'sokcho',30150),
       (1649,125,'cash',1385000,904000,481000,'2024-06-19 23:31:47','HOTEL',FALSE,'busan',24050),
       (1650,170,'credit card with reward',1777000,520000,1257000,'2024-06-21 13:32:01','HOTEL',FALSE,'sokcho',37710),
       (1651,117,'cash with reward',1826000,1059000,767000,'2024-06-18 16:28:28','HOTEL',FALSE,'busan',23010),
       (1652,21,'reward',667000,619000,48000,'2024-06-23 21:45:29','HOTEL',FALSE,'seoul',1920),
       (1653,144,'reward',1283000,514000,769000,'2024-06-23 21:58:16','HOTEL',FALSE,'seoul',38450),
       (1654,51,'reward',388000,319000,69000,'2024-06-09 05:06:56','HOTEL',FALSE,'sokcho',2760),
       (1655,184,'credit card with reward',581000,581000,0,'2024-06-09 01:31:19','HOTEL',FALSE,'seoul',0),
       (1656,195,'reward',1666000,163000,1503000,'2024-06-05 05:40:10','HOTEL',FALSE,'seoul',45090),
       (1657,66,'credit card',526000,238000,288000,'2024-06-25 15:58:06','HOTEL',FALSE,'busan',14400),
       (1658,174,'cash with reward',1203000,736000,467000,'2024-06-13 20:08:20','HOTEL',FALSE,'seoul',23350),
       (1659,137,'cash',1671000,1341000,330000,'2024-06-15 23:05:58','HOTEL',FALSE,'sokcho',16500),
       (1660,10,'credit card',1844000,150000,1694000,'2024-06-26 10:31:56','HOTEL',FALSE,'sokcho',50820),
       (1661,104,'cash',1201000,1142000,59000,'2024-06-20 00:34:21','HOTEL',FALSE,'sokcho',2950),
       (1662,25,'credit card with reward',970000,929000,41000,'2024-06-23 16:45:32','HOTEL',FALSE,'sokcho',1640),
       (1663,62,'credit card with reward',586000,152000,434000,'2024-06-28 11:43:37','HOTEL',FALSE,'sokcho',21700),
       (1664,87,'reward',268000,109000,159000,'2024-06-12 18:20:48','HOTEL',FALSE,'sokcho',6360),
       (1665,73,'cash',1782000,1590000,192000,'2024-06-26 04:18:17','HOTEL',FALSE,'sokcho',9600),
       (1666,148,'cash with reward',1692000,1114000,578000,'2024-06-13 13:41:59','HOTEL',FALSE,'busan',17340),
       (1667,88,'reward',560000,255000,305000,'2024-06-27 12:58:41','HOTEL',FALSE,'seoul',12200),
       (1668,38,'cash with reward',844000,492000,352000,'2024-06-27 21:17:23','HOTEL',FALSE,'busan',10560),
       (1669,155,'credit card with reward',728000,716000,12000,'2024-06-24 00:47:38','HOTEL',FALSE,'seoul',360),
       (1670,8,'credit card',1389000,885000,504000,'2024-06-27 03:15:50','HOTEL',FALSE,'seoul',20160),
       (1671,120,'cash',1312000,1006000,306000,'2024-06-02 19:13:40','HOTEL',FALSE,'busan',9180),
       (1672,76,'cash',258000,111000,147000,'2024-06-21 03:34:08','HOTEL',FALSE,'sokcho',7350),
       (1673,170,'credit card with reward',1586000,1008000,578000,'2024-06-23 18:05:18','HOTEL',FALSE,'busan',17340),
       (1674,172,'credit card',917000,359000,558000,'2024-06-07 02:36:39','HOTEL',FALSE,'sokcho',16740),
       (1675,121,'credit card with reward',1251000,335000,916000,'2024-06-22 23:46:57','HOTEL',FALSE,'sokcho',27480),
       (1676,128,'cash',336000,245000,91000,'2024-06-28 12:56:24','HOTEL',FALSE,'seoul',2730),
       (1677,26,'cash with reward',1928000,1212000,716000,'2024-06-16 15:53:02','HOTEL',FALSE,'sokcho',35800),
       (1678,86,'credit card with reward',731000,258000,473000,'2024-06-06 07:06:45','HOTEL',FALSE,'seoul',14190),
       (1679,20,'cash with reward',1051000,591000,460000,'2024-06-24 21:51:41','HOTEL',FALSE,'busan',23000),
       (1680,48,'cash with reward',1721000,1075000,646000,'2024-06-22 09:44:51','HOTEL',FALSE,'sokcho',32300),
       (1681,194,'reward',1685000,1470000,215000,'2024-06-10 18:33:31','HOTEL',FALSE,'busan',6450),
       (1682,23,'credit card',687000,484000,203000,'2024-06-09 20:35:47','HOTEL',FALSE,'sokcho',6090),
       (1683,49,'credit card',1530000,735000,795000,'2024-06-20 07:03:16','HOTEL',FALSE,'busan',23850),
       (1684,36,'cash',822000,116000,706000,'2024-06-23 06:01:55','HOTEL',FALSE,'busan',21180),
       (1685,191,'cash with reward',386000,94000,292000,'2024-06-24 08:09:56','HOTEL',FALSE,'seoul',11680),
       (1686,66,'cash',296000,145000,151000,'2024-06-22 11:10:57','HOTEL',FALSE,'busan',7550),
       (1687,174,'cash',105000,83000,22000,'2024-06-22 06:26:36','HOTEL',FALSE,'sokcho',1100),
       (1688,68,'credit card',561000,429000,132000,'2024-06-05 07:50:11','HOTEL',FALSE,'sokcho',3960),
       (1689,40,'cash',1544000,1470000,74000,'2024-06-08 05:03:29','HOTEL',FALSE,'seoul',2960),
       (1690,3,'credit card',1806000,72000,1734000,'2024-06-29 15:13:09','HOTEL',FALSE,'busan',52020),
       (1691,93,'reward',1506000,117000,1389000,'2024-06-29 14:00:30','HOTEL',FALSE,'sokcho',41670),
       (1692,90,'reward',1796000,1443000,353000,'2024-06-02 13:23:17','HOTEL',FALSE,'busan',10590),
       (1693,55,'credit card with reward',1810000,1237000,573000,'2024-06-23 08:50:55','HOTEL',FALSE,'seoul',17190),
       (1694,62,'cash',1776000,941000,835000,'2024-06-25 14:02:19','HOTEL',FALSE,'busan',41750),
       (1695,64,'cash',1271000,652000,619000,'2024-06-15 02:42:47','HOTEL',FALSE,'seoul',24760),
       (1696,139,'credit card with reward',1256000,5000,1251000,'2024-06-22 01:14:42','HOTEL',FALSE,'busan',37530),
       (1697,127,'credit card with reward',302000,36000,266000,'2024-06-21 09:15:48','HOTEL',FALSE,'sokcho',13300),
       (1698,37,'reward',1625000,1360000,265000,'2024-06-20 12:35:08','HOTEL',FALSE,'sokcho',7950),
       (1699,108,'credit card',544000,219000,325000,'2024-06-29 21:51:07','HOTEL',FALSE,'seoul',13000),
       (1700,113,'cash',1780000,41000,1739000,'2024-06-16 15:10:12','HOTEL',FALSE,'sokcho',52170),
       (1701,119,'cash',1383000,208000,1175000,'2024-06-11 21:39:15','HOTEL',FALSE,'busan',47000),
       (1702,194,'cash with reward',949000,925000,24000,'2024-06-25 20:22:46','HOTEL',FALSE,'sokcho',720),
       (1703,96,'credit card with reward',739000,580000,159000,'2024-06-12 05:13:44','HOTEL',FALSE,'seoul',6360),
       (1704,171,'credit card',1515000,1315000,200000,'2024-06-06 09:40:56','HOTEL',FALSE,'busan',10000),
       (1705,80,'reward',1656000,100000,1556000,'2024-06-05 13:00:51','HOTEL',FALSE,'sokcho',46680),
       (1706,87,'credit card with reward',886000,178000,708000,'2024-06-08 02:54:51','HOTEL',FALSE,'busan',28320),
       (1707,154,'credit card',420000,368000,52000,'2024-06-11 21:23:37','HOTEL',FALSE,'sokcho',2600),
       (1708,162,'credit card',951000,702000,249000,'2024-06-08 11:29:40','HOTEL',FALSE,'sokcho',12450),
       (1709,72,'credit card with reward',1497000,1327000,170000,'2024-06-19 07:12:00','HOTEL',FALSE,'seoul',6800),
       (1710,34,'credit card',664000,407000,257000,'2024-06-26 19:57:22','HOTEL',FALSE,'busan',7710),
       (1711,193,'cash with reward',704000,571000,133000,'2024-06-17 17:20:51','HOTEL',FALSE,'sokcho',6650),
       (1712,92,'credit card',619000,3000,616000,'2024-06-10 03:36:35','HOTEL',FALSE,'sokcho',24640),
       (1713,31,'cash with reward',1457000,1391000,66000,'2024-06-20 01:55:08','HOTEL',FALSE,'seoul',1980),
       (1714,10,'credit card',110000,50000,60000,'2024-06-14 03:52:54','HOTEL',FALSE,'sokcho',1800),
       (1715,9,'credit card',588000,322000,266000,'2024-06-25 16:58:18','HOTEL',FALSE,'sokcho',7980),
       (1716,190,'reward',200000,75000,125000,'2024-06-22 02:05:51','HOTEL',FALSE,'sokcho',5000),
       (1717,72,'credit card with reward',1888000,1664000,224000,'2024-06-20 19:32:08','HOTEL',FALSE,'seoul',8960),
       (1718,15,'credit card with reward',1620000,14000,1606000,'2024-06-22 02:26:27','HOTEL',FALSE,'sokcho',48180),
       (1719,149,'credit card',203000,34000,169000,'2024-06-15 08:13:30','HOTEL',FALSE,'sokcho',8450),
       (1720,193,'cash',1244000,615000,629000,'2024-06-16 23:03:17','HOTEL',FALSE,'busan',31450),
       (1721,95,'credit card',459000,279000,180000,'2024-06-21 00:05:05','HOTEL',FALSE,'busan',7200),
       (1722,68,'reward',1681000,1398000,283000,'2024-06-13 18:52:36','HOTEL',FALSE,'seoul',8490),
       (1723,159,'credit card',1853000,569000,1284000,'2024-06-13 16:38:12','HOTEL',FALSE,'busan',38520),
       (1724,178,'cash',231000,29000,202000,'2024-06-18 08:09:56','HOTEL',FALSE,'busan',10100),
       (1725,200,'credit card with reward',440000,328000,112000,'2024-06-22 18:32:33','HOTEL',FALSE,'seoul',3360),
       (1726,80,'cash',1469000,264000,1205000,'2024-06-23 23:38:43','HOTEL',FALSE,'sokcho',36150),
       (1727,183,'credit card with reward',571000,410000,161000,'2024-06-25 15:14:05','HOTEL',FALSE,'seoul',4830),
       (1728,124,'reward',347000,100000,247000,'2024-06-11 13:39:53','HOTEL',FALSE,'seoul',7410),
       (1729,141,'credit card',996000,982000,14000,'2024-06-24 00:05:13','HOTEL',FALSE,'seoul',700),
       (1730,143,'cash',1544000,1484000,60000,'2024-06-07 03:10:43','HOTEL',FALSE,'seoul',2400),
       (1731,79,'cash with reward',1575000,1153000,422000,'2024-06-03 22:41:45','HOTEL',FALSE,'seoul',12660),
       (1732,142,'credit card',1181000,49000,1132000,'2024-06-17 10:20:52','HOTEL',FALSE,'busan',33960),
       (1733,181,'cash',1458000,1447000,11000,'2024-06-07 14:12:59','HOTEL',FALSE,'busan',550),
       (1734,38,'cash',486000,375000,111000,'2024-06-01 16:03:52','HOTEL',FALSE,'busan',3330),
       (1735,36,'cash',828000,134000,694000,'2024-06-08 12:09:05','HOTEL',FALSE,'busan',20820),
       (1736,157,'reward',1587000,1096000,491000,'2024-06-13 23:25:24','HOTEL',FALSE,'busan',24550),
       (1737,112,'reward',954000,423000,531000,'2024-06-03 03:01:47','HOTEL',FALSE,'sokcho',21240),
       (1738,6,'reward',1910000,1625000,285000,'2024-06-14 02:02:41','HOTEL',FALSE,'busan',14250),
       (1739,87,'credit card',1204000,418000,786000,'2024-06-05 19:12:05','HOTEL',FALSE,'busan',31440),
       (1740,96,'cash with reward',788000,779000,9000,'2024-06-04 17:35:26','HOTEL',FALSE,'seoul',360),
       (1741,42,'reward',1074000,584000,490000,'2024-06-19 04:33:16','HOTEL',FALSE,'busan',14700),
       (1742,114,'cash with reward',1757000,191000,1566000,'2024-06-25 11:49:59','HOTEL',FALSE,'seoul',78300),
       (1743,48,'reward',1026000,7000,1019000,'2024-06-06 05:37:55','HOTEL',FALSE,'sokcho',50950),
       (1744,59,'cash with reward',759000,337000,422000,'2024-06-18 02:12:55','HOTEL',FALSE,'seoul',12660),
       (1745,58,'credit card with reward',1022000,318000,704000,'2024-06-03 19:06:35','HOTEL',FALSE,'sokcho',21120),
       (1746,80,'cash with reward',728000,112000,616000,'2024-06-20 12:48:02','HOTEL',FALSE,'sokcho',18480),
       (1747,167,'credit card with reward',156000,13000,143000,'2024-06-05 19:41:20','HOTEL',FALSE,'busan',4290),
       (1748,26,'cash with reward',1625000,946000,679000,'2024-06-07 08:25:55','HOTEL',FALSE,'busan',33950),
       (1749,73,'credit card with reward',1784000,913000,871000,'2024-06-21 11:20:54','HOTEL',FALSE,'sokcho',43550),
       (1750,3,'credit card',1950000,1872000,78000,'2024-06-29 09:31:58','HOTEL',FALSE,'sokcho',2340),
       (1751,29,'cash with reward',794000,206000,588000,'2024-06-24 05:59:29','HOTEL',FALSE,'busan',17640),
       (1752,168,'credit card',145000,52000,93000,'2024-06-20 13:18:21','HOTEL',FALSE,'busan',2790),
       (1753,131,'reward',245000,125000,120000,'2024-06-26 09:21:02','HOTEL',FALSE,'sokcho',3600),
       (1754,140,'reward',347000,31000,316000,'2024-06-27 16:07:41','HOTEL',FALSE,'seoul',9480),
       (1755,192,'reward',823000,444000,379000,'2024-06-23 11:23:54','HOTEL',FALSE,'busan',11370),
       (1756,158,'credit card with reward',332000,328000,4000,'2024-06-11 00:18:44','HOTEL',FALSE,'seoul',200),
       (1757,185,'reward',1280000,992000,288000,'2024-06-15 11:43:33','HOTEL',FALSE,'seoul',11520),
       (1758,71,'cash',589000,14000,575000,'2024-06-17 22:59:53','HOTEL',FALSE,'busan',23000),
       (1759,95,'cash with reward',1025000,144000,881000,'2024-06-09 09:56:43','HOTEL',FALSE,'sokcho',35240),
       (1760,121,'reward',730000,19000,711000,'2024-06-21 14:15:07','HOTEL',FALSE,'busan',21330),
       (1761,108,'credit card',639000,436000,203000,'2024-06-03 15:06:28','HOTEL',FALSE,'sokcho',8120),
       (1762,169,'cash',233000,228000,5000,'2024-06-02 11:24:19','HOTEL',FALSE,'busan',150),
       (1763,84,'cash',1324000,940000,384000,'2024-06-13 10:39:59','HOTEL',FALSE,'sokcho',11520),
       (1764,55,'cash with reward',796000,178000,618000,'2024-06-12 09:45:38','HOTEL',FALSE,'busan',18540),
       (1765,103,'credit card with reward',755000,228000,527000,'2024-06-21 07:28:01','HOTEL',FALSE,'seoul',26350),
       (1766,159,'cash',1118000,30000,1088000,'2024-06-21 20:00:29','HOTEL',FALSE,'sokcho',32640),
       (1767,24,'credit card',1665000,498000,1167000,'2024-06-23 05:34:33','HOTEL',FALSE,'busan',46680),
       (1768,120,'credit card with reward',1055000,320000,735000,'2024-06-08 21:16:59','HOTEL',FALSE,'busan',22050),
       (1769,182,'reward',904000,128000,776000,'2024-06-11 06:49:17','HOTEL',FALSE,'sokcho',38800),
       (1770,41,'reward',300000,82000,218000,'2024-06-01 02:54:06','HOTEL',FALSE,'seoul',6540),
       (1771,148,'credit card',1790000,1598000,192000,'2024-06-09 03:17:07','HOTEL',FALSE,'sokcho',5760),
       (1772,83,'cash',897000,131000,766000,'2024-06-27 09:03:23','HOTEL',FALSE,'seoul',30640),
       (1773,4,'credit card with reward',1275000,776000,499000,'2024-06-29 21:52:54','HOTEL',FALSE,'busan',14970),
       (1774,23,'credit card',1998000,495000,1503000,'2024-06-22 05:44:14','HOTEL',FALSE,'sokcho',45090),
       (1775,172,'cash',1953000,1616000,337000,'2024-06-26 00:06:18','HOTEL',FALSE,'busan',10110),
       (1776,148,'cash with reward',1210000,257000,953000,'2024-06-07 22:18:56','HOTEL',FALSE,'busan',28590),
       (1777,133,'cash with reward',1509000,636000,873000,'2024-06-21 20:04:38','HOTEL',FALSE,'busan',34920),
       (1778,88,'cash',1259000,504000,755000,'2024-06-18 20:01:07','HOTEL',FALSE,'busan',30200),
       (1779,190,'reward',1303000,1140000,163000,'2024-06-15 19:46:27','HOTEL',FALSE,'seoul',6520),
       (1780,172,'cash with reward',826000,219000,607000,'2024-06-22 20:25:59','HOTEL',FALSE,'sokcho',18210),
       (1781,158,'cash with reward',1446000,971000,475000,'2024-06-16 13:42:25','HOTEL',FALSE,'sokcho',23750),
       (1782,183,'credit card',895000,459000,436000,'2024-06-03 09:52:31','HOTEL',FALSE,'seoul',13080),
       (1783,194,'cash',486000,238000,248000,'2024-06-26 21:27:55','HOTEL',FALSE,'sokcho',7440),
       (1784,115,'credit card',905000,155000,750000,'2024-06-22 17:19:28','HOTEL',FALSE,'sokcho',22500),
       (1785,33,'reward',299000,205000,94000,'2024-06-29 05:18:04','HOTEL',FALSE,'sokcho',4700),
       (1786,163,'cash',471000,50000,421000,'2024-06-15 06:52:23','HOTEL',FALSE,'sokcho',16840),
       (1787,109,'reward',1542000,530000,1012000,'2024-06-13 17:39:56','HOTEL',FALSE,'sokcho',30360),
       (1788,136,'cash',937000,525000,412000,'2024-06-29 10:13:50','HOTEL',FALSE,'busan',16480),
       (1789,43,'credit card',279000,66000,213000,'2024-06-25 14:33:51','HOTEL',FALSE,'sokcho',6390),
       (1790,167,'cash with reward',1587000,984000,603000,'2024-06-22 04:05:22','HOTEL',FALSE,'sokcho',18090),
       (1791,91,'cash with reward',317000,101000,216000,'2024-06-13 17:17:59','HOTEL',FALSE,'seoul',6480),
       (1792,108,'cash with reward',374000,92000,282000,'2024-06-22 04:48:29','HOTEL',FALSE,'seoul',11280),
       (1793,23,'reward',225000,159000,66000,'2024-06-22 02:36:47','HOTEL',FALSE,'seoul',1980),
       (1794,122,'cash',1304000,517000,787000,'2024-06-04 15:34:55','HOTEL',FALSE,'busan',23610),
       (1795,29,'cash',112000,7000,105000,'2024-06-11 05:09:38','HOTEL',FALSE,'busan',3150),
       (1796,72,'reward',1705000,184000,1521000,'2024-06-26 13:57:18','HOTEL',FALSE,'sokcho',60840),
       (1797,24,'reward',852000,316000,536000,'2024-06-19 23:34:45','HOTEL',FALSE,'sokcho',21440),
       (1798,32,'credit card with reward',256000,16000,240000,'2024-06-29 08:03:55','HOTEL',FALSE,'seoul',7200),
       (1799,59,'credit card',1668000,1059000,609000,'2024-06-16 01:32:03','HOTEL',FALSE,'seoul',18270),
       (1800,49,'credit card with reward',164000,46000,118000,'2024-06-09 07:40:54','HOTEL',FALSE,'sokcho',3540),
       (1801,168,'reward',902000,362000,540000,'2024-06-16 09:25:33','HOTEL',FALSE,'busan',16200),
       (1802,179,'credit card',1109000,884000,225000,'2024-06-23 22:47:31','HOTEL',FALSE,'sokcho',11250),
       (1803,117,'credit card with reward',1155000,797000,358000,'2024-06-21 08:34:31','HOTEL',FALSE,'sokcho',10740),
       (1804,118,'credit card',1223000,814000,409000,'2024-06-11 11:33:31','HOTEL',FALSE,'sokcho',12270),
       (1805,70,'credit card',242000,124000,118000,'2024-06-06 12:33:48','HOTEL',FALSE,'busan',5900),
       (1806,114,'cash',1124000,462000,662000,'2024-06-21 03:36:16','HOTEL',FALSE,'seoul',33100),
       (1807,32,'credit card',1864000,890000,974000,'2024-06-24 09:50:35','HOTEL',FALSE,'sokcho',29220),
       (1808,117,'cash',1833000,157000,1676000,'2024-06-25 09:17:52','HOTEL',FALSE,'busan',50280),
       (1809,19,'credit card with reward',285000,153000,132000,'2024-06-15 16:17:15','HOTEL',FALSE,'sokcho',5280),
       (1810,46,'credit card',641000,611000,30000,'2024-06-22 06:58:53','HOTEL',FALSE,'sokcho',900),
       (1811,111,'credit card',1194000,532000,662000,'2024-06-07 05:45:51','HOTEL',FALSE,'busan',33100),
       (1812,22,'reward',1107000,500000,607000,'2024-06-14 20:36:31','HOTEL',FALSE,'seoul',18210),
       (1813,112,'cash with reward',528000,192000,336000,'2024-06-04 09:35:07','HOTEL',FALSE,'sokcho',13440),
       (1814,11,'credit card with reward',1241000,272000,969000,'2024-06-10 14:38:27','HOTEL',FALSE,'sokcho',29070),
       (1815,127,'cash with reward',1919000,792000,1127000,'2024-06-13 08:37:32','HOTEL',FALSE,'busan',56350),
       (1816,5,'credit card with reward',1675000,1000000,675000,'2024-06-04 23:14:00','HOTEL',FALSE,'busan',20250),
       (1817,110,'credit card',916000,404000,512000,'2024-06-07 19:35:53','HOTEL',FALSE,'sokcho',15360),
       (1818,41,'cash',1395000,350000,1045000,'2024-06-25 15:17:12','HOTEL',FALSE,'busan',31350),
       (1819,181,'reward',781000,363000,418000,'2024-06-06 22:55:45','HOTEL',FALSE,'seoul',20900),
       (1820,64,'cash with reward',1169000,615000,554000,'2024-06-13 13:34:07','HOTEL',FALSE,'busan',22160),
       (1821,138,'credit card',394000,116000,278000,'2024-06-10 22:00:43','HOTEL',FALSE,'busan',11120),
       (1822,38,'reward',545000,536000,9000,'2024-06-26 19:04:23','HOTEL',FALSE,'seoul',270),
       (1823,18,'cash',461000,267000,194000,'2024-06-22 01:17:05','HOTEL',FALSE,'seoul',5820),
       (1824,14,'cash',1132000,451000,681000,'2024-06-06 20:39:30','HOTEL',FALSE,'busan',34050),
       (1825,101,'cash',1927000,810000,1117000,'2024-06-20 20:33:01','HOTEL',FALSE,'busan',33510),
       (1826,68,'credit card with reward',1823000,333000,1490000,'2024-06-22 19:41:24','HOTEL',FALSE,'sokcho',44700),
       (1827,27,'cash with reward',1311000,461000,850000,'2024-06-19 01:04:27','HOTEL',FALSE,'sokcho',25500),
       (1828,98,'reward',1849000,43000,1806000,'2024-06-21 10:43:17','HOTEL',FALSE,'busan',90300),
       (1829,1,'cash',1040000,259000,781000,'2024-06-01 07:19:52','HOTEL',FALSE,'seoul',31240),
       (1830,159,'cash',1430000,602000,828000,'2024-06-13 12:29:05','HOTEL',FALSE,'sokcho',24840),
       (1831,129,'credit card with reward',1795000,1645000,150000,'2024-06-15 16:24:36','HOTEL',FALSE,'busan',7500),
       (1832,124,'cash with reward',1507000,779000,728000,'2024-06-07 21:28:21','HOTEL',FALSE,'seoul',21840),
       (1833,63,'credit card',1727000,588000,1139000,'2024-06-11 01:42:37','HOTEL',FALSE,'busan',34170),
       (1834,42,'cash with reward',1674000,609000,1065000,'2024-06-10 14:08:45','HOTEL',FALSE,'seoul',31950),
       (1835,170,'credit card with reward',1857000,501000,1356000,'2024-06-04 13:39:33','HOTEL',FALSE,'seoul',40680),
       (1836,56,'cash',1759000,29000,1730000,'2024-06-19 05:45:54','HOTEL',FALSE,'seoul',51900),
       (1837,136,'credit card with reward',1590000,1231000,359000,'2024-06-05 11:27:41','HOTEL',FALSE,'seoul',14360),
       (1838,14,'cash',1273000,596000,677000,'2024-06-05 17:34:24','HOTEL',FALSE,'busan',33850),
       (1839,114,'reward',1229000,1201000,28000,'2024-06-08 05:46:02','HOTEL',FALSE,'sokcho',1400),
       (1840,110,'cash with reward',1271000,667000,604000,'2024-06-28 21:48:51','HOTEL',FALSE,'sokcho',18120),
       (1841,155,'credit card with reward',1656000,1586000,70000,'2024-06-25 21:23:36','HOTEL',FALSE,'sokcho',2100),
       (1842,36,'credit card',1372000,850000,522000,'2024-06-02 12:57:43','HOTEL',FALSE,'seoul',15660),
       (1843,184,'cash with reward',1903000,799000,1104000,'2024-06-25 10:30:06','HOTEL',FALSE,'sokcho',33120),
       (1844,200,'credit card',754000,172000,582000,'2024-06-01 23:18:45','HOTEL',FALSE,'sokcho',17460),
       (1845,153,'cash with reward',552000,280000,272000,'2024-06-09 19:06:44','HOTEL',FALSE,'seoul',8160),
       (1846,16,'cash',743000,250000,493000,'2024-06-20 14:04:48','HOTEL',FALSE,'seoul',14790),
       (1847,119,'credit card',108000,32000,76000,'2024-06-28 13:29:05','HOTEL',FALSE,'busan',3040),
       (1848,173,'credit card',1868000,1176000,692000,'2024-06-11 20:45:48','HOTEL',FALSE,'busan',20760),
       (1849,91,'credit card with reward',1800000,102000,1698000,'2024-06-13 21:57:41','HOTEL',FALSE,'sokcho',50940),
       (1850,11,'credit card',894000,188000,706000,'2024-06-26 00:43:55','HOTEL',FALSE,'sokcho',21180),
       (1851,140,'credit card with reward',889000,263000,626000,'2024-06-27 15:51:23','HOTEL',FALSE,'sokcho',18780),
       (1852,150,'reward',1812000,1370000,442000,'2024-06-24 13:36:01','HOTEL',FALSE,'busan',13260),
       (1853,152,'cash',961000,923000,38000,'2024-06-24 13:33:44','HOTEL',FALSE,'seoul',1900),
       (1854,179,'cash with reward',1880000,1442000,438000,'2024-06-16 20:58:10','HOTEL',FALSE,'busan',21900),
       (1855,40,'credit card with reward',1977000,496000,1481000,'2024-06-20 07:18:51','HOTEL',FALSE,'seoul',59240),
       (1856,33,'credit card with reward',1493000,1430000,63000,'2024-06-17 10:10:02','HOTEL',FALSE,'seoul',3150),
       (1857,130,'credit card',1498000,78000,1420000,'2024-06-07 15:37:06','HOTEL',FALSE,'sokcho',56800),
       (1858,99,'credit card',1628000,1366000,262000,'2024-06-22 22:56:02','HOTEL',FALSE,'seoul',7860),
       (1859,80,'cash with reward',424000,361000,63000,'2024-06-22 19:56:15','HOTEL',FALSE,'seoul',1890),
       (1860,108,'credit card with reward',1760000,298000,1462000,'2024-06-17 08:12:33','HOTEL',FALSE,'sokcho',58480),
       (1861,83,'cash',1386000,1224000,162000,'2024-06-04 09:37:07','HOTEL',FALSE,'busan',6480),
       (1862,8,'credit card with reward',843000,47000,796000,'2024-06-04 09:21:30','HOTEL',FALSE,'busan',31840),
       (1863,171,'credit card',563000,473000,90000,'2024-06-18 07:16:23','HOTEL',FALSE,'sokcho',4500),
       (1864,97,'cash',348000,326000,22000,'2024-06-05 12:05:39','HOTEL',FALSE,'sokcho',1100),
       (1865,73,'credit card with reward',539000,106000,433000,'2024-06-06 08:40:45','HOTEL',FALSE,'busan',21650),
       (1866,32,'cash',1265000,1033000,232000,'2024-06-05 06:10:51','HOTEL',FALSE,'seoul',6960),
       (1867,95,'credit card',510000,420000,90000,'2024-06-24 23:33:57','HOTEL',FALSE,'busan',3600),
       (1868,126,'credit card',1486000,1168000,318000,'2024-06-26 07:07:35','HOTEL',FALSE,'sokcho',15900),
       (1869,173,'cash',1158000,547000,611000,'2024-06-20 14:52:19','HOTEL',FALSE,'busan',18330),
       (1870,118,'credit card',1467000,789000,678000,'2024-06-15 07:46:02','HOTEL',FALSE,'sokcho',20340),
       (1871,79,'credit card with reward',1660000,885000,775000,'2024-06-03 07:11:18','HOTEL',FALSE,'seoul',23250),
       (1872,139,'cash with reward',1652000,7000,1645000,'2024-06-07 07:00:31','HOTEL',FALSE,'sokcho',49350),
       (1873,151,'reward',1257000,497000,760000,'2024-06-20 05:57:02','HOTEL',FALSE,'sokcho',38000),
       (1874,149,'credit card',1458000,1205000,253000,'2024-06-28 15:07:25','HOTEL',FALSE,'seoul',12650),
       (1875,99,'cash',1299000,1258000,41000,'2024-06-15 04:02:28','HOTEL',FALSE,'sokcho',1230),
       (1876,93,'cash with reward',1468000,1357000,111000,'2024-06-26 11:53:36','HOTEL',FALSE,'sokcho',3330),
       (1877,4,'cash',113000,70000,43000,'2024-06-12 02:36:09','HOTEL',FALSE,'busan',1290),
       (1878,119,'cash',1606000,735000,871000,'2024-06-10 00:28:07','HOTEL',FALSE,'busan',34840),
       (1879,159,'credit card with reward',328000,55000,273000,'2024-06-01 07:08:57','HOTEL',FALSE,'sokcho',8190),
       (1880,182,'credit card',127000,45000,82000,'2024-06-11 17:41:46','HOTEL',FALSE,'sokcho',4100),
       (1881,61,'reward',1254000,808000,446000,'2024-06-19 16:02:27','HOTEL',FALSE,'busan',13380),
       (1882,18,'cash with reward',1928000,1226000,702000,'2024-06-09 02:22:14','HOTEL',FALSE,'seoul',21060),
       (1883,32,'reward',312000,1000,311000,'2024-06-12 01:02:41','HOTEL',FALSE,'busan',9330),
       (1884,199,'cash with reward',105000,57000,48000,'2024-06-29 05:33:16','HOTEL',FALSE,'seoul',2400),
       (1885,194,'credit card',1449000,575000,874000,'2024-06-09 16:29:47','HOTEL',FALSE,'sokcho',26220),
       (1886,174,'cash with reward',686000,409000,277000,'2024-06-14 17:05:53','HOTEL',FALSE,'seoul',13850),
       (1887,5,'credit card with reward',1273000,1084000,189000,'2024-06-05 09:13:14','HOTEL',FALSE,'seoul',5670),
       (1888,122,'credit card',1094000,321000,773000,'2024-06-14 14:04:47','HOTEL',FALSE,'busan',23190),
       (1889,121,'cash with reward',225000,167000,58000,'2024-06-01 23:53:13','HOTEL',FALSE,'seoul',1740),
       (1890,106,'cash',941000,388000,553000,'2024-06-07 20:08:09','HOTEL',FALSE,'seoul',27650),
       (1891,131,'reward',475000,437000,38000,'2024-06-23 01:52:51','HOTEL',FALSE,'seoul',1140),
       (1892,144,'cash with reward',1987000,1382000,605000,'2024-06-15 07:11:00','HOTEL',FALSE,'seoul',30250),
       (1893,165,'credit card with reward',1096000,962000,134000,'2024-06-29 19:57:28','HOTEL',FALSE,'seoul',4020),
       (1894,102,'credit card',101000,28000,73000,'2024-06-21 06:40:41','HOTEL',FALSE,'seoul',2920),
       (1895,90,'credit card',625000,224000,401000,'2024-06-06 18:01:21','HOTEL',FALSE,'busan',12030),
       (1896,146,'cash',147000,41000,106000,'2024-06-05 13:59:50','HOTEL',FALSE,'busan',5300),
       (1897,73,'cash',1628000,1296000,332000,'2024-06-16 02:25:50','HOTEL',FALSE,'seoul',16600),
       (1898,167,'cash with reward',1623000,1414000,209000,'2024-06-05 10:33:49','HOTEL',FALSE,'busan',6270),
       (1899,2,'credit card with reward',495000,218000,277000,'2024-06-25 05:51:57','HOTEL',FALSE,'sokcho',11080),
       (1900,196,'cash with reward',495000,70000,425000,'2024-06-10 02:46:35','HOTEL',FALSE,'sokcho',12750),
       (1901,165,'credit card',1361000,1054000,307000,'2024-06-12 00:23:09','HOTEL',FALSE,'seoul',9210),
       (1902,115,'cash',1319000,363000,956000,'2024-06-05 04:56:44','HOTEL',FALSE,'sokcho',28680),
       (1903,186,'credit card',1514000,628000,886000,'2024-06-17 02:09:50','HOTEL',FALSE,'seoul',26580),
       (1904,189,'cash',1614000,1367000,247000,'2024-06-19 16:20:12','HOTEL',FALSE,'seoul',7410),
       (1905,155,'credit card',651000,276000,375000,'2024-06-29 15:47:59','HOTEL',FALSE,'sokcho',11250),
       (1906,32,'credit card with reward',1199000,225000,974000,'2024-06-25 14:08:08','HOTEL',FALSE,'busan',29220),
       (1907,188,'cash with reward',228000,51000,177000,'2024-06-23 10:16:30','HOTEL',FALSE,'seoul',5310),
       (1908,120,'credit card with reward',542000,453000,89000,'2024-06-16 08:02:20','HOTEL',FALSE,'busan',2670),
       (1909,182,'reward',1654000,166000,1488000,'2024-06-14 08:01:49','HOTEL',FALSE,'busan',74400),
       (1910,159,'credit card',357000,32000,325000,'2024-06-25 16:05:43','HOTEL',FALSE,'busan',9750),
       (1911,10,'credit card with reward',1153000,76000,1077000,'2024-06-07 22:17:16','HOTEL',FALSE,'sokcho',32310),
       (1912,63,'credit card',1487000,515000,972000,'2024-06-02 13:06:16','HOTEL',FALSE,'busan',29160),
       (1913,7,'cash with reward',1091000,281000,810000,'2024-06-25 12:05:25','HOTEL',FALSE,'busan',24300),
       (1914,195,'credit card with reward',1748000,1018000,730000,'2024-06-20 19:30:55','HOTEL',FALSE,'sokcho',21900),
       (1915,174,'reward',1407000,550000,857000,'2024-06-03 21:51:34','HOTEL',FALSE,'busan',42850),
       (1916,2,'credit card',203000,20000,183000,'2024-06-09 11:24:25','HOTEL',FALSE,'seoul',7320),
       (1917,168,'credit card with reward',1248000,20000,1228000,'2024-06-18 14:20:03','HOTEL',FALSE,'busan',36840),
       (1918,176,'reward',1341000,755000,586000,'2024-06-18 23:05:51','HOTEL',FALSE,'seoul',17580),
       (1919,40,'cash',1188000,231000,957000,'2024-06-23 14:51:23','HOTEL',FALSE,'busan',38280),
       (1920,56,'credit card with reward',605000,375000,230000,'2024-06-24 21:56:57','HOTEL',FALSE,'seoul',6900),
       (1921,124,'credit card with reward',1718000,934000,784000,'2024-06-10 14:50:32','HOTEL',FALSE,'seoul',23520),
       (1922,24,'reward',1730000,197000,1533000,'2024-06-04 14:29:50','HOTEL',FALSE,'seoul',61320),
       (1923,87,'credit card',1798000,462000,1336000,'2024-06-21 12:45:58','HOTEL',FALSE,'sokcho',53440),
       (1924,107,'credit card',1856000,806000,1050000,'2024-06-28 08:53:40','HOTEL',FALSE,'busan',52500),
       (1925,72,'cash',646000,398000,248000,'2024-06-22 05:22:49','HOTEL',FALSE,'sokcho',9920),
       (1926,81,'cash',910000,304000,606000,'2024-06-24 06:49:59','HOTEL',FALSE,'busan',18180),
       (1927,123,'credit card with reward',1178000,956000,222000,'2024-06-14 10:35:21','HOTEL',FALSE,'busan',6660),
       (1928,89,'cash',1111000,1046000,65000,'2024-06-03 08:14:07','HOTEL',FALSE,'sokcho',2600),
       (1929,48,'cash',240000,203000,37000,'2024-06-05 17:43:58','HOTEL',FALSE,'busan',1850),
       (1930,127,'credit card',533000,6000,527000,'2024-06-03 11:41:04','HOTEL',FALSE,'seoul',26350),
       (1931,183,'credit card with reward',1806000,904000,902000,'2024-06-13 13:34:16','HOTEL',FALSE,'sokcho',27060),
       (1932,131,'credit card with reward',1007000,99000,908000,'2024-06-16 21:59:22','HOTEL',FALSE,'busan',27240),
       (1933,75,'credit card',1767000,397000,1370000,'2024-06-14 11:22:24','HOTEL',FALSE,'seoul',68500),
       (1934,189,'cash with reward',1373000,173000,1200000,'2024-06-06 06:30:42','HOTEL',FALSE,'seoul',36000),
       (1935,192,'credit card',825000,506000,319000,'2024-06-08 23:21:19','HOTEL',FALSE,'sokcho',9570),
       (1936,185,'credit card with reward',689000,586000,103000,'2024-06-25 00:02:11','HOTEL',FALSE,'busan',4120),
       (1937,26,'cash',1403000,1361000,42000,'2024-06-16 06:34:09','HOTEL',FALSE,'sokcho',2100),
       (1938,27,'cash',1365000,658000,707000,'2024-06-10 12:46:42','HOTEL',FALSE,'seoul',21210),
       (1939,177,'cash',1238000,207000,1031000,'2024-06-28 18:46:56','HOTEL',FALSE,'busan',41240),
       (1940,34,'credit card',360000,337000,23000,'2024-06-25 04:52:40','HOTEL',FALSE,'seoul',690),
       (1941,51,'cash with reward',652000,223000,429000,'2024-06-06 22:47:08','HOTEL',FALSE,'seoul',17160),
       (1942,98,'credit card',1166000,936000,230000,'2024-06-08 19:03:02','HOTEL',FALSE,'seoul',11500),
       (1943,99,'credit card',1022000,872000,150000,'2024-06-10 07:01:58','HOTEL',FALSE,'busan',4500),
       (1944,70,'credit card',695000,303000,392000,'2024-06-09 00:45:38','HOTEL',FALSE,'sokcho',19600),
       (1945,169,'cash with reward',1209000,101000,1108000,'2024-06-20 19:32:56','HOTEL',FALSE,'seoul',33240),
       (1946,127,'credit card',1237000,99000,1138000,'2024-06-12 00:35:14','HOTEL',FALSE,'busan',56900),
       (1947,125,'credit card with reward',479000,313000,166000,'2024-06-17 09:54:39','HOTEL',FALSE,'busan',8300),
       (1948,11,'cash',1888000,1249000,639000,'2024-06-29 09:21:30','HOTEL',FALSE,'sokcho',19170),
       (1949,146,'reward',1377000,332000,1045000,'2024-06-20 02:11:16','HOTEL',FALSE,'busan',52250),
       (1950,7,'cash',1713000,778000,935000,'2024-06-17 17:25:21','HOTEL',FALSE,'seoul',28050),
       (1951,21,'cash with reward',942000,551000,391000,'2024-06-20 06:04:04','HOTEL',FALSE,'seoul',15640),
       (1952,76,'credit card',810000,528000,282000,'2024-06-06 03:13:08','HOTEL',FALSE,'busan',14100),
       (1953,71,'credit card',615000,608000,7000,'2024-06-16 01:34:32','HOTEL',FALSE,'seoul',280),
       (1954,142,'cash with reward',1121000,810000,311000,'2024-06-21 22:07:46','HOTEL',FALSE,'seoul',9330),
       (1955,45,'credit card',1066000,516000,550000,'2024-06-19 14:27:55','HOTEL',FALSE,'seoul',16500),
       (1956,36,'reward',895000,722000,173000,'2024-06-26 10:20:40','HOTEL',FALSE,'busan',5190),
       (1957,29,'credit card with reward',1465000,784000,681000,'2024-06-04 03:24:56','HOTEL',FALSE,'seoul',20430),
       (1958,133,'reward',1315000,1237000,78000,'2024-06-07 09:17:38','HOTEL',FALSE,'busan',3120),
       (1959,54,'cash with reward',332000,181000,151000,'2024-06-28 06:15:17','HOTEL',FALSE,'sokcho',7550),
       (1960,166,'reward',450000,212000,238000,'2024-06-12 06:01:09','HOTEL',FALSE,'seoul',11900),
       (1961,79,'credit card with reward',1034000,573000,461000,'2024-06-10 18:10:24','HOTEL',FALSE,'sokcho',13830),
       (1962,101,'cash with reward',1367000,391000,976000,'2024-06-06 08:40:33','HOTEL',FALSE,'busan',29280),
       (1963,6,'reward',1963000,1553000,410000,'2024-06-12 05:21:42','HOTEL',FALSE,'sokcho',20500),
       (1964,168,'cash with reward',953000,946000,7000,'2024-06-02 19:33:53','HOTEL',FALSE,'seoul',210),
       (1965,36,'credit card',1023000,94000,929000,'2024-06-11 05:27:46','HOTEL',FALSE,'busan',27870),
       (1966,63,'cash',986000,406000,580000,'2024-06-10 18:16:54','HOTEL',FALSE,'busan',17400),
       (1967,115,'cash',1509000,919000,590000,'2024-06-21 17:30:05','HOTEL',FALSE,'sokcho',17700),
       (1968,145,'cash',208000,132000,76000,'2024-06-10 23:38:00','HOTEL',FALSE,'busan',2280),
       (1969,127,'credit card',1615000,361000,1254000,'2024-06-08 13:39:41','HOTEL',FALSE,'busan',62700),
       (1970,67,'credit card with reward',828000,681000,147000,'2024-06-19 15:00:28','HOTEL',FALSE,'seoul',5880),
       (1971,27,'credit card',1711000,1193000,518000,'2024-06-04 11:02:27','HOTEL',FALSE,'seoul',15540),
       (1972,116,'cash with reward',726000,522000,204000,'2024-06-15 10:43:31','HOTEL',FALSE,'seoul',8160),
       (1973,130,'reward',1842000,44000,1798000,'2024-06-20 23:34:12','HOTEL',FALSE,'sokcho',71920),
       (1974,38,'reward',1774000,1570000,204000,'2024-06-17 08:25:54','HOTEL',FALSE,'seoul',6120),
       (1975,28,'cash',1374000,610000,764000,'2024-06-22 01:33:19','HOTEL',FALSE,'seoul',38200),
       (1976,78,'credit card',816000,427000,389000,'2024-06-29 08:37:25','HOTEL',FALSE,'sokcho',11670),
       (1977,44,'reward',1656000,1033000,623000,'2024-06-01 06:54:48','HOTEL',FALSE,'busan',18690),
       (1978,72,'reward',147000,5000,142000,'2024-06-13 10:06:35','HOTEL',FALSE,'busan',5680),
       (1979,46,'reward',445000,288000,157000,'2024-06-24 23:03:37','HOTEL',FALSE,'seoul',4710),
       (1980,73,'cash with reward',1593000,864000,729000,'2024-06-14 00:22:28','HOTEL',FALSE,'busan',36450),
       (1981,102,'credit card',813000,363000,450000,'2024-06-10 07:00:26','HOTEL',FALSE,'sokcho',18000),
       (1982,119,'cash',1840000,978000,862000,'2024-06-01 05:50:29','HOTEL',FALSE,'sokcho',34480),
       (1983,57,'credit card with reward',1129000,820000,309000,'2024-06-18 10:57:22','HOTEL',FALSE,'busan',12360),
       (1984,117,'reward',1364000,324000,1040000,'2024-06-17 22:32:10','HOTEL',FALSE,'seoul',31200),
       (1985,19,'credit card with reward',846000,490000,356000,'2024-06-28 09:08:59','HOTEL',FALSE,'sokcho',14240),
       (1986,151,'cash',1581000,152000,1429000,'2024-06-19 22:28:43','HOTEL',FALSE,'sokcho',71450),
       (1987,13,'cash with reward',1363000,420000,943000,'2024-06-16 12:45:44','HOTEL',FALSE,'busan',37720),
       (1988,96,'cash with reward',1428000,1272000,156000,'2024-06-15 10:37:50','HOTEL',FALSE,'busan',6240),
       (1989,108,'reward',814000,430000,384000,'2024-06-11 04:01:27','HOTEL',FALSE,'busan',15360),
       (1990,75,'reward',136000,90000,46000,'2024-06-22 11:55:01','HOTEL',FALSE,'busan',2300),
       (1991,69,'cash',135000,19000,116000,'2024-06-06 19:09:01','HOTEL',FALSE,'busan',5800),
       (1992,66,'credit card',1989000,768000,1221000,'2024-06-08 18:53:34','HOTEL',FALSE,'seoul',61050),
       (1993,156,'credit card with reward',1114000,496000,618000,'2024-06-27 09:28:37','HOTEL',FALSE,'seoul',18540),
       (1994,169,'credit card',903000,824000,79000,'2024-06-08 05:54:39','HOTEL',FALSE,'seoul',2370),
       (1995,110,'credit card',1361000,287000,1074000,'2024-06-13 11:58:40','HOTEL',FALSE,'seoul',32220),
       (1996,106,'credit card with reward',1057000,783000,274000,'2024-06-20 04:33:49','HOTEL',FALSE,'seoul',13700),
       (1997,55,'credit card',1545000,1228000,317000,'2024-06-06 10:17:04','HOTEL',FALSE,'sokcho',9510),
       (1998,133,'cash',1690000,84000,1606000,'2024-06-03 06:38:33','HOTEL',FALSE,'busan',64240),
       (1999,54,'credit card',450000,243000,207000,'2024-06-25 22:48:53','HOTEL',FALSE,'busan',10350);
       

INSERT INTO hotel_room (id, hotel, address, room_number, room_type)
VALUES (1, 'SEOUL', 'SEOUL GANGNAM', 1701, 'SUPERIOR'),
       (2, 'BUSAN', 'BUSAN HEAUNDEA', 1612, 'EXECUTIVE_SUITE'),
       (3, 'SOKCHO', 'KANGWONDO SOKCHO', 908, 'RESIDENTIAL_SUITE'),
       (4, 'SEOUL', 'SEOUL GANGNAM', 1001, 'PREMIER_SUITE'),
       (5, 'BUSAN', 'BUSAN HEAUNDEA', 1110, 'PREMIER_SUITE'),
       (6, 'SOKCHO', 'KANGWONDO SOKCHO', 901, 'EXECUTIVE_SUITE'),
       (7, 'SEOUL', 'SEOUL GANGNAM', 705, 'RESIDENTIAL_SUITE'),
       (8, 'BUSAN', 'BUSAN HEAUNDEA', 415, 'PLAZA_SUITE'),
       (9, 'SOKCHO', 'KANGWONDO SOKCHO', 1408, 'DELUXE_DOUBLE'),
       (10, 'SEOUL', 'SEOUL GANGNAM', 706, 'SUPERIOR'),
       (11, 'BUSAN', 'BUSAN HEAUNDEA', 1410, 'DELUXE_TWIN'),
       (12, 'SOKCHO', 'KANGWONDO SOKCHO', 1813, 'PREMIER_SUITE'),
       (13, 'SEOUL', 'SEOUL GANGNAM', 402, 'ROYAL_SUITE'),
       (14, 'BUSAN', 'BUSAN HEAUNDEA', 1313, 'EXECUTIVE_SUITE'),
       (15, 'SOKCHO', 'KANGWONDO SOKCHO', 1207, 'PRESIDENTIAL_SUITE'),
       (16, 'SEOUL', 'SEOUL GANGNAM', 612, 'ROYAL_SUITE'),
       (17, 'BUSAN', 'BUSAN HEAUNDEA', 709, 'DELUXE_TWIN'),
       (18, 'SOKCHO', 'KANGWONDO SOKCHO', 1815, 'PREMIER_SUITE'),
       (19, 'SEOUL', 'SEOUL GANGNAM', 410, 'ROYAL_SUITE'),
       (20, 'BUSAN', 'BUSAN HEAUNDEA', 1502, 'EXECUTIVE_SUITE'),
       (21, 'SOKCHO', 'KANGWONDO SOKCHO', 510, 'PRESIDENTIAL_SUITE'),
       (22, 'SEOUL', 'SEOUL GANGNAM', 415, 'DELUXE_DOUBLE'),
       (23, 'BUSAN', 'BUSAN HEAUNDEA', 1111, 'RESIDENTIAL_SUITE'),
       (24, 'SOKCHO', 'KANGWONDO SOKCHO', 1215, 'DELUXE_DOUBLE'),
       (25, 'SEOUL', 'SEOUL GANGNAM', 1602, 'PRESIDENTIAL_SUITE'),
       (26, 'BUSAN', 'BUSAN HEAUNDEA', 708, 'ROYAL_SUITE'),
       (27, 'SOKCHO', 'KANGWONDO SOKCHO', 601, 'RESIDENTIAL_SUITE'),
       (28, 'SEOUL', 'SEOUL GANGNAM', 1511, 'RESIDENTIAL_SUITE'),
       (29, 'BUSAN', 'BUSAN HEAUNDEA', 1204, 'EXECUTIVE_SUITE'),
       (30, 'SOKCHO', 'KANGWONDO SOKCHO', 903, 'DELUXE_DOUBLE'),
       (31, 'SEOUL', 'SEOUL GANGNAM', 808, 'DELUXE_DOUBLE'),
       (32, 'BUSAN', 'BUSAN HEAUNDEA', 607, 'ROYAL_SUITE'),
       (33, 'SOKCHO', 'KANGWONDO SOKCHO', 1513, 'DELUXE_DOUBLE'),
       (34, 'SEOUL', 'SEOUL GANGNAM', 415, 'RESIDENTIAL_SUITE'),
       (35, 'BUSAN', 'BUSAN HEAUNDEA', 512, 'PREMIER_SUITE'),
       (36, 'SOKCHO', 'KANGWONDO SOKCHO', 1004, 'PREMIER_SUITE'),
       (37, 'SEOUL', 'SEOUL GANGNAM', 1402, 'DELUXE_DOUBLE'),
       (38, 'BUSAN', 'BUSAN HEAUNDEA', 703, 'PRESIDENTIAL_SUITE'),
       (39, 'SOKCHO', 'KANGWONDO SOKCHO', 503, 'ROYAL_SUITE'),
       (40, 'SEOUL', 'SEOUL GANGNAM', 401, 'SUPERIOR'),
       (41, 'BUSAN', 'BUSAN HEAUNDEA', 1503, 'SUPERIOR'),
       (42, 'SOKCHO', 'KANGWONDO SOKCHO', 1108, 'PREMIER_SUITE'),
       (43, 'SEOUL', 'SEOUL GANGNAM', 1004, 'DELUXE_DOUBLE'),
       (44, 'BUSAN', 'BUSAN HEAUNDEA', 908, 'ROYAL_SUITE'),
       (45, 'SOKCHO', 'KANGWONDO SOKCHO', 914, 'PRESIDENTIAL_SUITE'),
       (46, 'SEOUL', 'SEOUL GANGNAM', 507, 'ROYAL_SUITE'),
       (47, 'BUSAN', 'BUSAN HEAUNDEA', 505, 'SUPERIOR'),
       (48, 'SOKCHO', 'KANGWONDO SOKCHO', 1811, 'DELUXE_DOUBLE'),
       (49, 'SEOUL', 'SEOUL GANGNAM', 1708, 'DELUXE_TWIN'),
       (50, 'BUSAN', 'BUSAN HEAUNDEA', 713, 'PREMIER_SUITE'),
       (51, 'SOKCHO', 'KANGWONDO SOKCHO', 1108, 'PLAZA_SUITE'),
       (52, 'SEOUL', 'SEOUL GANGNAM', 811, 'PLAZA_SUITE'),
       (53, 'BUSAN', 'BUSAN HEAUNDEA', 1409, 'EXECUTIVE_SUITE'),
       (54, 'SOKCHO', 'KANGWONDO SOKCHO', 1113, 'PRESIDENTIAL_SUITE'),
       (55, 'SEOUL', 'SEOUL GANGNAM', 1304, 'SUPERIOR'),
       (56, 'BUSAN', 'BUSAN HEAUNDEA', 1810, 'ROYAL_SUITE'),
       (57, 'SOKCHO', 'KANGWONDO SOKCHO', 1208, 'PREMIER_SUITE'),
       (58, 'SEOUL', 'SEOUL GANGNAM', 1609, 'DELUXE_DOUBLE'),
       (59, 'BUSAN', 'BUSAN HEAUNDEA', 1512, 'PRESIDENTIAL_SUITE'),
       (60, 'SOKCHO', 'KANGWONDO SOKCHO', 409, 'DELUXE_DOUBLE'),
       (61, 'SEOUL', 'SEOUL GANGNAM', 1805, 'DELUXE_TWIN'),
       (62, 'BUSAN', 'BUSAN HEAUNDEA', 1711, 'PREMIER_SUITE'),
       (63, 'SOKCHO', 'KANGWONDO SOKCHO', 505, 'RESIDENTIAL_SUITE'),
       (64, 'SEOUL', 'SEOUL GANGNAM', 503, 'RESIDENTIAL_SUITE'),
       (65, 'BUSAN', 'BUSAN HEAUNDEA', 1714, 'SUPERIOR'),
       (66, 'SOKCHO', 'KANGWONDO SOKCHO', 1707, 'PREMIER_SUITE'),
       (67, 'SEOUL', 'SEOUL GANGNAM', 1712, 'EXECUTIVE_SUITE'),
       (68, 'BUSAN', 'BUSAN HEAUNDEA', 1405, 'PLAZA_SUITE'),
       (69, 'SOKCHO', 'KANGWONDO SOKCHO', 906, 'EXECUTIVE_SUITE'),
       (70, 'SEOUL', 'SEOUL GANGNAM', 715, 'DELUXE_DOUBLE'),
       (71, 'BUSAN', 'BUSAN HEAUNDEA', 1113, 'PLAZA_SUITE'),
       (72, 'SOKCHO', 'KANGWONDO SOKCHO', 604, 'EXECUTIVE_SUITE'),
       (73, 'SEOUL', 'SEOUL GANGNAM', 1308, 'PLAZA_SUITE'),
       (74, 'BUSAN', 'BUSAN HEAUNDEA', 805, 'PREMIER_SUITE'),
       (75, 'SOKCHO', 'KANGWONDO SOKCHO', 915, 'ROYAL_SUITE'),
       (76, 'SEOUL', 'SEOUL GANGNAM', 1008, 'PRESIDENTIAL_SUITE'),
       (77, 'BUSAN', 'BUSAN HEAUNDEA', 1809, 'PRESIDENTIAL_SUITE'),
       (78, 'SOKCHO', 'KANGWONDO SOKCHO', 404, 'DELUXE_TWIN'),
       (79, 'SEOUL', 'SEOUL GANGNAM', 912, 'PRESIDENTIAL_SUITE'),
       (80, 'BUSAN', 'BUSAN HEAUNDEA', 1715, 'DELUXE_DOUBLE'),
       (81, 'SOKCHO', 'KANGWONDO SOKCHO', 810, 'PREMIER_SUITE'),
       (82, 'SEOUL', 'SEOUL GANGNAM', 904, 'ROYAL_SUITE'),
       (83, 'BUSAN', 'BUSAN HEAUNDEA', 1009, 'EXECUTIVE_SUITE'),
       (84, 'SOKCHO', 'KANGWONDO SOKCHO', 511, 'SUPERIOR'),
       (85, 'SEOUL', 'SEOUL GANGNAM', 1506, 'RESIDENTIAL_SUITE'),
       (86, 'BUSAN', 'BUSAN HEAUNDEA', 1303, 'EXECUTIVE_SUITE'),
       (87, 'SOKCHO', 'KANGWONDO SOKCHO', 614, 'ROYAL_SUITE'),
       (88, 'SEOUL', 'SEOUL GANGNAM', 413, 'RESIDENTIAL_SUITE'),
       (89, 'BUSAN', 'BUSAN HEAUNDEA', 1213, 'DELUXE_DOUBLE'),
       (90, 'SOKCHO', 'KANGWONDO SOKCHO', 1308, 'DELUXE_TWIN'),
       (91, 'SEOUL', 'SEOUL GANGNAM', 1011, 'EXECUTIVE_SUITE'),
       (92, 'BUSAN', 'BUSAN HEAUNDEA', 401, 'ROYAL_SUITE'),
       (93, 'SOKCHO', 'KANGWONDO SOKCHO', 715, 'PREMIER_SUITE'),
       (94, 'SEOUL', 'SEOUL GANGNAM', 1414, 'RESIDENTIAL_SUITE'),
       (95, 'BUSAN', 'BUSAN HEAUNDEA', 606, 'ROYAL_SUITE'),
       (96, 'SOKCHO', 'KANGWONDO SOKCHO', 1407, 'EXECUTIVE_SUITE'),
       (97, 'SEOUL', 'SEOUL GANGNAM', 1805, 'EXECUTIVE_SUITE'),
       (98, 'BUSAN', 'BUSAN HEAUNDEA', 1201, 'ROYAL_SUITE'),
       (99, 'SOKCHO', 'KANGWONDO SOKCHO', 1301, 'PRESIDENTIAL_SUITE'),
       (100, 'SEOUL', 'SEOUL GANGNAM', 1511, 'PREMIER_SUITE'),
       (101, 'BUSAN', 'BUSAN HEAUNDEA', 514, 'DELUXE_DOUBLE'),
       (102, 'SOKCHO', 'KANGWONDO SOKCHO', 1314, 'SUPERIOR'),
       (103, 'SEOUL', 'SEOUL GANGNAM', 1712, 'SUPERIOR'),
       (104, 'BUSAN', 'BUSAN HEAUNDEA', 406, 'PRESIDENTIAL_SUITE'),
       (105, 'SOKCHO', 'KANGWONDO SOKCHO', 911, 'RESIDENTIAL_SUITE'),
       (106, 'SEOUL', 'SEOUL GANGNAM', 1805, 'SUPERIOR'),
       (107, 'BUSAN', 'BUSAN HEAUNDEA', 906, 'PLAZA_SUITE'),
       (108, 'SOKCHO', 'KANGWONDO SOKCHO', 1805, 'PREMIER_SUITE'),
       (109, 'SEOUL', 'SEOUL GANGNAM', 409, 'SUPERIOR'),
       (110, 'BUSAN', 'BUSAN HEAUNDEA', 807, 'RESIDENTIAL_SUITE'),
       (111, 'SOKCHO', 'KANGWONDO SOKCHO', 1612, 'EXECUTIVE_SUITE'),
       (112, 'SEOUL', 'SEOUL GANGNAM', 414, 'PLAZA_SUITE'),
       (113, 'BUSAN', 'BUSAN HEAUNDEA', 503, 'SUPERIOR'),
       (114, 'SOKCHO', 'KANGWONDO SOKCHO', 813, 'PRESIDENTIAL_SUITE'),
       (115, 'SEOUL', 'SEOUL GANGNAM', 806, 'EXECUTIVE_SUITE'),
       (116, 'BUSAN', 'BUSAN HEAUNDEA', 1412, 'PREMIER_SUITE'),
       (117, 'SOKCHO', 'KANGWONDO SOKCHO', 1108, 'DELUXE_TWIN'),
       (118, 'SEOUL', 'SEOUL GANGNAM', 1412, 'RESIDENTIAL_SUITE'),
       (119, 'BUSAN', 'BUSAN HEAUNDEA', 1810, 'PLAZA_SUITE'),
       (120, 'SOKCHO', 'KANGWONDO SOKCHO', 1402, 'DELUXE_DOUBLE'),
       (121, 'SEOUL', 'SEOUL GANGNAM', 1111, 'ROYAL_SUITE'),
       (122, 'BUSAN', 'BUSAN HEAUNDEA', 1602, 'PLAZA_SUITE'),
       (123, 'SOKCHO', 'KANGWONDO SOKCHO', 801, 'ROYAL_SUITE'),
       (124, 'SEOUL', 'SEOUL GANGNAM', 1301, 'PLAZA_SUITE'),
       (125, 'BUSAN', 'BUSAN HEAUNDEA', 1103, 'PLAZA_SUITE'),
       (126, 'SOKCHO', 'KANGWONDO SOKCHO', 1801, 'ROYAL_SUITE'),
       (127, 'SEOUL', 'SEOUL GANGNAM', 413, 'DELUXE_DOUBLE'),
       (128, 'BUSAN', 'BUSAN HEAUNDEA', 807, 'EXECUTIVE_SUITE'),
       (129, 'SOKCHO', 'KANGWONDO SOKCHO', 1813, 'PLAZA_SUITE'),
       (130, 'SEOUL', 'SEOUL GANGNAM', 902, 'DELUXE_DOUBLE'),
       (131, 'BUSAN', 'BUSAN HEAUNDEA', 1515, 'EXECUTIVE_SUITE'),
       (132, 'SOKCHO', 'KANGWONDO SOKCHO', 810, 'SUPERIOR'),
       (133, 'SEOUL', 'SEOUL GANGNAM', 1411, 'DELUXE_DOUBLE'),
       (134, 'BUSAN', 'BUSAN HEAUNDEA', 1414, 'PRESIDENTIAL_SUITE'),
       (135, 'SOKCHO', 'KANGWONDO SOKCHO', 609, 'DELUXE_DOUBLE'),
       (136, 'SEOUL', 'SEOUL GANGNAM', 1313, 'RESIDENTIAL_SUITE'),
       (137, 'BUSAN', 'BUSAN HEAUNDEA', 712, 'DELUXE_DOUBLE'),
       (138, 'SOKCHO', 'KANGWONDO SOKCHO', 1301, 'PLAZA_SUITE'),
       (139, 'SEOUL', 'SEOUL GANGNAM', 1013, 'PRESIDENTIAL_SUITE'),
       (140, 'BUSAN', 'BUSAN HEAUNDEA', 1308, 'PLAZA_SUITE'),
       (141, 'SOKCHO', 'KANGWONDO SOKCHO', 1304, 'RESIDENTIAL_SUITE'),
       (142, 'SEOUL', 'SEOUL GANGNAM', 1810, 'ROYAL_SUITE'),
       (143, 'BUSAN', 'BUSAN HEAUNDEA', 804, 'DELUXE_TWIN'),
       (144, 'SOKCHO', 'KANGWONDO SOKCHO', 603, 'DELUXE_TWIN'),
       (145, 'SEOUL', 'SEOUL GANGNAM', 901, 'DELUXE_TWIN'),
       (146, 'BUSAN', 'BUSAN HEAUNDEA', 1010, 'RESIDENTIAL_SUITE'),
       (147, 'SOKCHO', 'KANGWONDO SOKCHO', 709, 'SUPERIOR'),
       (148, 'SEOUL', 'SEOUL GANGNAM', 1301, 'DELUXE_TWIN'),
       (149, 'BUSAN', 'BUSAN HEAUNDEA', 1512, 'DELUXE_TWIN'),
       (150, 'SOKCHO', 'KANGWONDO SOKCHO', 812, 'EXECUTIVE_SUITE'),
       (151, 'SEOUL', 'SEOUL GANGNAM', 604, 'PLAZA_SUITE'),
       (152, 'BUSAN', 'BUSAN HEAUNDEA', 1812, 'ROYAL_SUITE'),
       (153, 'SOKCHO', 'KANGWONDO SOKCHO', 1110, 'SUPERIOR'),
       (154, 'SEOUL', 'SEOUL GANGNAM', 1814, 'PLAZA_SUITE'),
       (155, 'BUSAN', 'BUSAN HEAUNDEA', 1508, 'PRESIDENTIAL_SUITE'),
       (156, 'SOKCHO', 'KANGWONDO SOKCHO', 401, 'DELUXE_DOUBLE'),
       (157, 'SEOUL', 'SEOUL GANGNAM', 706, 'PRESIDENTIAL_SUITE'),
       (158, 'BUSAN', 'BUSAN HEAUNDEA', 911, 'PLAZA_SUITE'),
       (159, 'SOKCHO', 'KANGWONDO SOKCHO', 1706, 'DELUXE_DOUBLE'),
       (160, 'SEOUL', 'SEOUL GANGNAM', 808, 'PLAZA_SUITE'),
       (161, 'BUSAN', 'BUSAN HEAUNDEA', 508, 'EXECUTIVE_SUITE'),
       (162, 'SOKCHO', 'KANGWONDO SOKCHO', 512, 'PLAZA_SUITE'),
       (163, 'SEOUL', 'SEOUL GANGNAM', 1010, 'DELUXE_TWIN'),
       (164, 'BUSAN', 'BUSAN HEAUNDEA', 510, 'DELUXE_TWIN'),
       (165, 'SOKCHO', 'KANGWONDO SOKCHO', 504, 'PREMIER_SUITE'),
       (166, 'SEOUL', 'SEOUL GANGNAM', 1006, 'ROYAL_SUITE'),
       (167, 'BUSAN', 'BUSAN HEAUNDEA', 1705, 'ROYAL_SUITE'),
       (168, 'SOKCHO', 'KANGWONDO SOKCHO', 1502, 'ROYAL_SUITE'),
       (169, 'SEOUL', 'SEOUL GANGNAM', 1510, 'DELUXE_TWIN'),
       (170, 'BUSAN', 'BUSAN HEAUNDEA', 1702, 'SUPERIOR'),
       (171, 'SOKCHO', 'KANGWONDO SOKCHO', 1301, 'SUPERIOR'),
       (172, 'SEOUL', 'SEOUL GANGNAM', 1105, 'PLAZA_SUITE'),
       (173, 'BUSAN', 'BUSAN HEAUNDEA', 1613, 'PRESIDENTIAL_SUITE'),
       (174, 'SOKCHO', 'KANGWONDO SOKCHO', 1705, 'EXECUTIVE_SUITE'),
       (175, 'SEOUL', 'SEOUL GANGNAM', 1705, 'RESIDENTIAL_SUITE'),
       (176, 'BUSAN', 'BUSAN HEAUNDEA', 1413, 'DELUXE_TWIN'),
       (177, 'SOKCHO', 'KANGWONDO SOKCHO', 912, 'PREMIER_SUITE'),
       (178, 'SEOUL', 'SEOUL GANGNAM', 1714, 'DELUXE_TWIN'),
       (179, 'BUSAN', 'BUSAN HEAUNDEA', 1714, 'ROYAL_SUITE'),
       (180, 'SOKCHO', 'KANGWONDO SOKCHO', 1803, 'SUPERIOR'),
       (181, 'SEOUL', 'SEOUL GANGNAM', 1210, 'RESIDENTIAL_SUITE'),
       (182, 'BUSAN', 'BUSAN HEAUNDEA', 1601, 'PRESIDENTIAL_SUITE'),
       (183, 'SOKCHO', 'KANGWONDO SOKCHO', 1315, 'EXECUTIVE_SUITE'),
       (184, 'SEOUL', 'SEOUL GANGNAM', 1409, 'DELUXE_DOUBLE'),
       (185, 'BUSAN', 'BUSAN HEAUNDEA', 1712, 'PREMIER_SUITE'),
       (186, 'SOKCHO', 'KANGWONDO SOKCHO', 1703, 'PREMIER_SUITE'),
       (187, 'SEOUL', 'SEOUL GANGNAM', 1207, 'DELUXE_TWIN'),
       (188, 'BUSAN', 'BUSAN HEAUNDEA', 404, 'DELUXE_DOUBLE'),
       (189, 'SOKCHO', 'KANGWONDO SOKCHO', 1109, 'DELUXE_TWIN'),
       (190, 'SEOUL', 'SEOUL GANGNAM', 1310, 'DELUXE_DOUBLE'),
       (191, 'BUSAN', 'BUSAN HEAUNDEA', 1401, 'DELUXE_TWIN'),
       (192, 'SOKCHO', 'KANGWONDO SOKCHO', 1013, 'PRESIDENTIAL_SUITE'),
       (193, 'SEOUL', 'SEOUL GANGNAM', 503, 'DELUXE_TWIN'),
       (194, 'BUSAN', 'BUSAN HEAUNDEA', 910, 'DELUXE_DOUBLE'),
       (195, 'SOKCHO', 'KANGWONDO SOKCHO', 1401, 'PREMIER_SUITE'),
       (196, 'SEOUL', 'SEOUL GANGNAM', 1510, 'EXECUTIVE_SUITE'),
       (197, 'BUSAN', 'BUSAN HEAUNDEA', 713, 'PLAZA_SUITE'),
       (198, 'SOKCHO', 'KANGWONDO SOKCHO', 1514, 'PLAZA_SUITE'),
       (199, 'SEOUL', 'SEOUL GANGNAM', 511, 'SUPERIOR'),
       (200, 'BUSAN', 'BUSAN HEAUNDEA', 515, 'SUPERIOR'),
       (201, 'SOKCHO', 'KANGWONDO SOKCHO', 904, 'DELUXE_DOUBLE'),
       (202, 'SEOUL', 'SEOUL GANGNAM', 1806, 'DELUXE_DOUBLE'),
       (203, 'BUSAN', 'BUSAN HEAUNDEA', 1301, 'RESIDENTIAL_SUITE'),
       (204, 'SOKCHO', 'KANGWONDO SOKCHO', 1204, 'SUPERIOR'),
       (205, 'SEOUL', 'SEOUL GANGNAM', 712, 'DELUXE_DOUBLE'),
       (206, 'BUSAN', 'BUSAN HEAUNDEA', 512, 'PREMIER_SUITE'),
       (207, 'SOKCHO', 'KANGWONDO SOKCHO', 501, 'SUPERIOR'),
       (208, 'SEOUL', 'SEOUL GANGNAM', 915, 'RESIDENTIAL_SUITE'),
       (209, 'BUSAN', 'BUSAN HEAUNDEA', 505, 'SUPERIOR'),
       (210, 'SOKCHO', 'KANGWONDO SOKCHO', 1608, 'RESIDENTIAL_SUITE'),
       (211, 'SEOUL', 'SEOUL GANGNAM', 913, 'EXECUTIVE_SUITE'),
       (212, 'BUSAN', 'BUSAN HEAUNDEA', 1508, 'EXECUTIVE_SUITE'),
       (213, 'SOKCHO', 'KANGWONDO SOKCHO', 1712, 'DELUXE_DOUBLE'),
       (214, 'SEOUL', 'SEOUL GANGNAM', 514, 'PLAZA_SUITE'),
       (215, 'BUSAN', 'BUSAN HEAUNDEA', 907, 'RESIDENTIAL_SUITE'),
       (216, 'SOKCHO', 'KANGWONDO SOKCHO', 410, 'DELUXE_TWIN'),
       (217, 'SEOUL', 'SEOUL GANGNAM', 601, 'RESIDENTIAL_SUITE'),
       (218, 'BUSAN', 'BUSAN HEAUNDEA', 514, 'RESIDENTIAL_SUITE'),
       (219, 'SOKCHO', 'KANGWONDO SOKCHO', 413, 'DELUXE_DOUBLE'),
       (220, 'SEOUL', 'SEOUL GANGNAM', 810, 'PLAZA_SUITE'),
       (221, 'BUSAN', 'BUSAN HEAUNDEA', 1207, 'DELUXE_TWIN'),
       (222, 'SOKCHO', 'KANGWONDO SOKCHO', 1404, 'PLAZA_SUITE'),
       (223, 'SEOUL', 'SEOUL GANGNAM', 708, 'PLAZA_SUITE'),
       (224, 'BUSAN', 'BUSAN HEAUNDEA', 1807, 'ROYAL_SUITE'),
       (225, 'SOKCHO', 'KANGWONDO SOKCHO', 1810, 'SUPERIOR'),
       (226, 'SEOUL', 'SEOUL GANGNAM', 515, 'EXECUTIVE_SUITE'),
       (227, 'BUSAN', 'BUSAN HEAUNDEA', 709, 'PLAZA_SUITE'),
       (228, 'SOKCHO', 'KANGWONDO SOKCHO', 1601, 'SUPERIOR'),
       (229, 'SEOUL', 'SEOUL GANGNAM', 1502, 'ROYAL_SUITE'),
       (230, 'BUSAN', 'BUSAN HEAUNDEA', 1413, 'PREMIER_SUITE'),
       (231, 'SOKCHO', 'KANGWONDO SOKCHO', 1613, 'PRESIDENTIAL_SUITE'),
       (232, 'SEOUL', 'SEOUL GANGNAM', 507, 'PRESIDENTIAL_SUITE'),
       (233, 'BUSAN', 'BUSAN HEAUNDEA', 1606, 'PLAZA_SUITE'),
       (234, 'SOKCHO', 'KANGWONDO SOKCHO', 814, 'PREMIER_SUITE'),
       (235, 'SEOUL', 'SEOUL GANGNAM', 1608, 'ROYAL_SUITE'),
       (236, 'BUSAN', 'BUSAN HEAUNDEA', 1612, 'SUPERIOR'),
       (237, 'SOKCHO', 'KANGWONDO SOKCHO', 806, 'SUPERIOR'),
       (238, 'SEOUL', 'SEOUL GANGNAM', 1409, 'PRESIDENTIAL_SUITE'),
       (239, 'BUSAN', 'BUSAN HEAUNDEA', 1304, 'SUPERIOR'),
       (240, 'SOKCHO', 'KANGWONDO SOKCHO', 1414, 'SUPERIOR'),
       (241, 'SEOUL', 'SEOUL GANGNAM', 1002, 'DELUXE_TWIN'),
       (242, 'BUSAN', 'BUSAN HEAUNDEA', 505, 'PLAZA_SUITE'),
       (243, 'SOKCHO', 'KANGWONDO SOKCHO', 1606, 'DELUXE_DOUBLE'),
       (244, 'SEOUL', 'SEOUL GANGNAM', 710, 'PRESIDENTIAL_SUITE'),
       (245, 'BUSAN', 'BUSAN HEAUNDEA', 1404, 'SUPERIOR'),
       (246, 'SOKCHO', 'KANGWONDO SOKCHO', 1311, 'PLAZA_SUITE'),
       (247, 'SEOUL', 'SEOUL GANGNAM', 1403, 'DELUXE_TWIN'),
       (248, 'BUSAN', 'BUSAN HEAUNDEA', 412, 'EXECUTIVE_SUITE'),
       (249, 'SOKCHO', 'KANGWONDO SOKCHO', 1015, 'EXECUTIVE_SUITE'),
       (250, 'SEOUL', 'SEOUL GANGNAM', 908, 'ROYAL_SUITE'),
       (251, 'BUSAN', 'BUSAN HEAUNDEA', 1410, 'DELUXE_DOUBLE'),
       (252, 'SOKCHO', 'KANGWONDO SOKCHO', 1003, 'DELUXE_TWIN'),
       (253, 'SEOUL', 'SEOUL GANGNAM', 814, 'PLAZA_SUITE'),
       (254, 'BUSAN', 'BUSAN HEAUNDEA', 1511, 'RESIDENTIAL_SUITE'),
       (255, 'SOKCHO', 'KANGWONDO SOKCHO', 401, 'RESIDENTIAL_SUITE'),
       (256, 'SEOUL', 'SEOUL GANGNAM', 1104, 'DELUXE_TWIN'),
       (257, 'BUSAN', 'BUSAN HEAUNDEA', 905, 'PREMIER_SUITE'),
       (258, 'SOKCHO', 'KANGWONDO SOKCHO', 1812, 'PLAZA_SUITE'),
       (259, 'SEOUL', 'SEOUL GANGNAM', 403, 'PREMIER_SUITE'),
       (260, 'BUSAN', 'BUSAN HEAUNDEA', 1402, 'SUPERIOR'),
       (261, 'SOKCHO', 'KANGWONDO SOKCHO', 701, 'EXECUTIVE_SUITE'),
       (262, 'SEOUL', 'SEOUL GANGNAM', 1604, 'RESIDENTIAL_SUITE'),
       (263, 'BUSAN', 'BUSAN HEAUNDEA', 1611, 'DELUXE_DOUBLE'),
       (264, 'SOKCHO', 'KANGWONDO SOKCHO', 502, 'ROYAL_SUITE'),
       (265, 'SEOUL', 'SEOUL GANGNAM', 507, 'RESIDENTIAL_SUITE'),
       (266, 'BUSAN', 'BUSAN HEAUNDEA', 1809, 'RESIDENTIAL_SUITE'),
       (267, 'SOKCHO', 'KANGWONDO SOKCHO', 803, 'PLAZA_SUITE'),
       (268, 'SEOUL', 'SEOUL GANGNAM', 411, 'RESIDENTIAL_SUITE'),
       (269, 'BUSAN', 'BUSAN HEAUNDEA', 1301, 'ROYAL_SUITE'),
       (270, 'SOKCHO', 'KANGWONDO SOKCHO', 1413, 'ROYAL_SUITE'),
       (271, 'SEOUL', 'SEOUL GANGNAM', 806, 'EXECUTIVE_SUITE'),
       (272, 'BUSAN', 'BUSAN HEAUNDEA', 1506, 'PLAZA_SUITE'),
       (273, 'SOKCHO', 'KANGWONDO SOKCHO', 1313, 'PRESIDENTIAL_SUITE'),
       (274, 'SEOUL', 'SEOUL GANGNAM', 1207, 'ROYAL_SUITE'),
       (275, 'BUSAN', 'BUSAN HEAUNDEA', 708, 'DELUXE_DOUBLE'),
       (276, 'SOKCHO', 'KANGWONDO SOKCHO', 912, 'PRESIDENTIAL_SUITE'),
       (277, 'SEOUL', 'SEOUL GANGNAM', 1615, 'DELUXE_TWIN'),
       (278, 'BUSAN', 'BUSAN HEAUNDEA', 1406, 'SUPERIOR'),
       (279, 'SOKCHO', 'KANGWONDO SOKCHO', 1504, 'RESIDENTIAL_SUITE'),
       (280, 'SEOUL', 'SEOUL GANGNAM', 609, 'SUPERIOR'),
       (281, 'BUSAN', 'BUSAN HEAUNDEA', 1815, 'PREMIER_SUITE'),
       (282, 'SOKCHO', 'KANGWONDO SOKCHO', 1811, 'PRESIDENTIAL_SUITE'),
       (283, 'SEOUL', 'SEOUL GANGNAM', 1405, 'RESIDENTIAL_SUITE'),
       (284, 'BUSAN', 'BUSAN HEAUNDEA', 614, 'PREMIER_SUITE'),
       (285, 'SOKCHO', 'KANGWONDO SOKCHO', 1211, 'SUPERIOR'),
       (286, 'SEOUL', 'SEOUL GANGNAM', 1110, 'PREMIER_SUITE'),
       (287, 'BUSAN', 'BUSAN HEAUNDEA', 912, 'EXECUTIVE_SUITE'),
       (288, 'SOKCHO', 'KANGWONDO SOKCHO', 1508, 'SUPERIOR'),
       (289, 'SEOUL', 'SEOUL GANGNAM', 905, 'EXECUTIVE_SUITE'),
       (290, 'BUSAN', 'BUSAN HEAUNDEA', 412, 'EXECUTIVE_SUITE'),
       (291, 'SOKCHO', 'KANGWONDO SOKCHO', 1615, 'PRESIDENTIAL_SUITE'),
       (292, 'SEOUL', 'SEOUL GANGNAM', 1115, 'DELUXE_TWIN'),
       (293, 'BUSAN', 'BUSAN HEAUNDEA', 407, 'ROYAL_SUITE'),
       (294, 'SOKCHO', 'KANGWONDO SOKCHO', 1808, 'PLAZA_SUITE'),
       (295, 'SEOUL', 'SEOUL GANGNAM', 1510, 'SUPERIOR'),
       (296, 'BUSAN', 'BUSAN HEAUNDEA', 915, 'SUPERIOR'),
       (297, 'SOKCHO', 'KANGWONDO SOKCHO', 1511, 'PREMIER_SUITE'),
       (298, 'SEOUL', 'SEOUL GANGNAM', 1109, 'ROYAL_SUITE'),
       (299, 'BUSAN', 'BUSAN HEAUNDEA', 1806, 'RESIDENTIAL_SUITE'),
       (300, 'SOKCHO', 'KANGWONDO SOKCHO', 410, 'EXECUTIVE_SUITE'),
       (301, 'SEOUL', 'SEOUL GANGNAM', 604, 'DELUXE_DOUBLE'),
       (302, 'BUSAN', 'BUSAN HEAUNDEA', 1101, 'PREMIER_SUITE'),
       (303, 'SOKCHO', 'KANGWONDO SOKCHO', 1014, 'DELUXE_DOUBLE'),
       (304, 'SEOUL', 'SEOUL GANGNAM', 1201, 'SUPERIOR'),
       (305, 'BUSAN', 'BUSAN HEAUNDEA', 1312, 'ROYAL_SUITE'),
       (306, 'SOKCHO', 'KANGWONDO SOKCHO', 709, 'ROYAL_SUITE'),
       (307, 'SEOUL', 'SEOUL GANGNAM', 705, 'EXECUTIVE_SUITE'),
       (308, 'BUSAN', 'BUSAN HEAUNDEA', 1107, 'RESIDENTIAL_SUITE'),
       (309, 'SOKCHO', 'KANGWONDO SOKCHO', 1006, 'EXECUTIVE_SUITE'),
       (310, 'SEOUL', 'SEOUL GANGNAM', 1305, 'PRESIDENTIAL_SUITE'),
       (311, 'BUSAN', 'BUSAN HEAUNDEA', 1202, 'SUPERIOR'),
       (312, 'SOKCHO', 'KANGWONDO SOKCHO', 1612, 'ROYAL_SUITE'),
       (313, 'SEOUL', 'SEOUL GANGNAM', 1115, 'EXECUTIVE_SUITE'),
       (314, 'BUSAN', 'BUSAN HEAUNDEA', 713, 'DELUXE_DOUBLE'),
       (315, 'SOKCHO', 'KANGWONDO SOKCHO', 1310, 'DELUXE_DOUBLE'),
       (316, 'SEOUL', 'SEOUL GANGNAM', 610, 'DELUXE_TWIN'),
       (317, 'BUSAN', 'BUSAN HEAUNDEA', 1711, 'DELUXE_DOUBLE'),
       (318, 'SOKCHO', 'KANGWONDO SOKCHO', 1003, 'PRESIDENTIAL_SUITE'),
       (319, 'SEOUL', 'SEOUL GANGNAM', 1112, 'ROYAL_SUITE'),
       (320, 'BUSAN', 'BUSAN HEAUNDEA', 1206, 'SUPERIOR'),
       (321, 'SOKCHO', 'KANGWONDO SOKCHO', 1514, 'RESIDENTIAL_SUITE'),
       (322, 'SEOUL', 'SEOUL GANGNAM', 606, 'DELUXE_DOUBLE'),
       (323, 'BUSAN', 'BUSAN HEAUNDEA', 1110, 'EXECUTIVE_SUITE'),
       (324, 'SOKCHO', 'KANGWONDO SOKCHO', 1707, 'ROYAL_SUITE'),
       (325, 'SEOUL', 'SEOUL GANGNAM', 1409, 'ROYAL_SUITE'),
       (326, 'BUSAN', 'BUSAN HEAUNDEA', 1802, 'RESIDENTIAL_SUITE'),
       (327, 'SOKCHO', 'KANGWONDO SOKCHO', 1013, 'DELUXE_TWIN'),
       (328, 'SEOUL', 'SEOUL GANGNAM', 514, 'PRESIDENTIAL_SUITE'),
       (329, 'BUSAN', 'BUSAN HEAUNDEA', 1602, 'PRESIDENTIAL_SUITE'),
       (330, 'SOKCHO', 'KANGWONDO SOKCHO', 1714, 'DELUXE_TWIN'),
       (331, 'SEOUL', 'SEOUL GANGNAM', 1708, 'PREMIER_SUITE'),
       (332, 'BUSAN', 'BUSAN HEAUNDEA', 1314, 'RESIDENTIAL_SUITE'),
       (333, 'SOKCHO', 'KANGWONDO SOKCHO', 808, 'EXECUTIVE_SUITE'),
       (334, 'SEOUL', 'SEOUL GANGNAM', 1407, 'PREMIER_SUITE'),
       (335, 'BUSAN', 'BUSAN HEAUNDEA', 1812, 'EXECUTIVE_SUITE'),
       (336, 'SOKCHO', 'KANGWONDO SOKCHO', 1508, 'PRESIDENTIAL_SUITE'),
       (337, 'SEOUL', 'SEOUL GANGNAM', 1106, 'DELUXE_DOUBLE'),
       (338, 'BUSAN', 'BUSAN HEAUNDEA', 908, 'PREMIER_SUITE'),
       (339, 'SOKCHO', 'KANGWONDO SOKCHO', 901, 'DELUXE_TWIN'),
       (340, 'SEOUL', 'SEOUL GANGNAM', 911, 'DELUXE_TWIN'),
       (341, 'BUSAN', 'BUSAN HEAUNDEA', 1402, 'DELUXE_DOUBLE'),
       (342, 'SOKCHO', 'KANGWONDO SOKCHO', 1315, 'SUPERIOR'),
       (343, 'SEOUL', 'SEOUL GANGNAM', 705, 'SUPERIOR'),
       (344, 'BUSAN', 'BUSAN HEAUNDEA', 1613, 'DELUXE_TWIN'),
       (345, 'SOKCHO', 'KANGWONDO SOKCHO', 408, 'PRESIDENTIAL_SUITE'),
       (346, 'SEOUL', 'SEOUL GANGNAM', 1105, 'DELUXE_TWIN'),
       (347, 'BUSAN', 'BUSAN HEAUNDEA', 501, 'RESIDENTIAL_SUITE'),
       (348, 'SOKCHO', 'KANGWONDO SOKCHO', 1315, 'ROYAL_SUITE'),
       (349, 'SEOUL', 'SEOUL GANGNAM', 401, 'DELUXE_TWIN'),
       (350, 'BUSAN', 'BUSAN HEAUNDEA', 801, 'SUPERIOR'),
       (351, 'SOKCHO', 'KANGWONDO SOKCHO', 1814, 'PRESIDENTIAL_SUITE'),
       (352, 'SEOUL', 'SEOUL GANGNAM', 1009, 'ROYAL_SUITE'),
       (353, 'BUSAN', 'BUSAN HEAUNDEA', 404, 'ROYAL_SUITE'),
       (354, 'SOKCHO', 'KANGWONDO SOKCHO', 410, 'DELUXE_TWIN'),
       (355, 'SEOUL', 'SEOUL GANGNAM', 408, 'PRESIDENTIAL_SUITE'),
       (356, 'BUSAN', 'BUSAN HEAUNDEA', 408, 'SUPERIOR'),
       (357, 'SOKCHO', 'KANGWONDO SOKCHO', 1111, 'PLAZA_SUITE'),
       (358, 'SEOUL', 'SEOUL GANGNAM', 402, 'PRESIDENTIAL_SUITE'),
       (359, 'BUSAN', 'BUSAN HEAUNDEA', 1806, 'PLAZA_SUITE'),
       (360, 'SOKCHO', 'KANGWONDO SOKCHO', 1706, 'DELUXE_TWIN'),
       (361, 'SEOUL', 'SEOUL GANGNAM', 1509, 'EXECUTIVE_SUITE'),
       (362, 'BUSAN', 'BUSAN HEAUNDEA', 1314, 'RESIDENTIAL_SUITE'),
       (363, 'SOKCHO', 'KANGWONDO SOKCHO', 1805, 'SUPERIOR'),
       (364, 'SEOUL', 'SEOUL GANGNAM', 1113, 'ROYAL_SUITE'),
       (365, 'BUSAN', 'BUSAN HEAUNDEA', 609, 'RESIDENTIAL_SUITE'),
       (366, 'SOKCHO', 'KANGWONDO SOKCHO', 1713, 'PRESIDENTIAL_SUITE'),
       (367, 'SEOUL', 'SEOUL GANGNAM', 701, 'SUPERIOR'),
       (368, 'BUSAN', 'BUSAN HEAUNDEA', 1202, 'EXECUTIVE_SUITE'),
       (369, 'SOKCHO', 'KANGWONDO SOKCHO', 507, 'EXECUTIVE_SUITE'),
       (370, 'SEOUL', 'SEOUL GANGNAM', 1108, 'ROYAL_SUITE'),
       (371, 'BUSAN', 'BUSAN HEAUNDEA', 1201, 'EXECUTIVE_SUITE'),
       (372, 'SOKCHO', 'KANGWONDO SOKCHO', 405, 'RESIDENTIAL_SUITE'),
       (373, 'SEOUL', 'SEOUL GANGNAM', 703, 'PLAZA_SUITE'),
       (374, 'BUSAN', 'BUSAN HEAUNDEA', 810, 'PREMIER_SUITE'),
       (375, 'SOKCHO', 'KANGWONDO SOKCHO', 1408, 'PREMIER_SUITE'),
       (376, 'SEOUL', 'SEOUL GANGNAM', 1301, 'RESIDENTIAL_SUITE'),
       (377, 'BUSAN', 'BUSAN HEAUNDEA', 1112, 'SUPERIOR'),
       (378, 'SOKCHO', 'KANGWONDO SOKCHO', 1814, 'EXECUTIVE_SUITE'),
       (379, 'SEOUL', 'SEOUL GANGNAM', 1302, 'PLAZA_SUITE'),
       (380, 'BUSAN', 'BUSAN HEAUNDEA', 1214, 'PRESIDENTIAL_SUITE'),
       (381, 'SOKCHO', 'KANGWONDO SOKCHO', 503, 'RESIDENTIAL_SUITE'),
       (382, 'SEOUL', 'SEOUL GANGNAM', 1013, 'PLAZA_SUITE'),
       (383, 'BUSAN', 'BUSAN HEAUNDEA', 1609, 'EXECUTIVE_SUITE'),
       (384, 'SOKCHO', 'KANGWONDO SOKCHO', 509, 'EXECUTIVE_SUITE'),
       (385, 'SEOUL', 'SEOUL GANGNAM', 1306, 'PLAZA_SUITE'),
       (386, 'BUSAN', 'BUSAN HEAUNDEA', 1502, 'PRESIDENTIAL_SUITE'),
       (387, 'SOKCHO', 'KANGWONDO SOKCHO', 1107, 'PRESIDENTIAL_SUITE'),
       (388, 'SEOUL', 'SEOUL GANGNAM', 1710, 'SUPERIOR'),
       (389, 'BUSAN', 'BUSAN HEAUNDEA', 909, 'PLAZA_SUITE'),
       (390, 'SOKCHO', 'KANGWONDO SOKCHO', 1704, 'RESIDENTIAL_SUITE'),
       (391, 'SEOUL', 'SEOUL GANGNAM', 1215, 'ROYAL_SUITE'),
       (392, 'BUSAN', 'BUSAN HEAUNDEA', 1603, 'DELUXE_DOUBLE'),
       (393, 'SOKCHO', 'KANGWONDO SOKCHO', 1707, 'SUPERIOR'),
       (394, 'SEOUL', 'SEOUL GANGNAM', 1002, 'DELUXE_DOUBLE'),
       (395, 'BUSAN', 'BUSAN HEAUNDEA', 1509, 'DELUXE_DOUBLE'),
       (396, 'SOKCHO', 'KANGWONDO SOKCHO', 906, 'SUPERIOR'),
       (397, 'SEOUL', 'SEOUL GANGNAM', 808, 'ROYAL_SUITE'),
       (398, 'BUSAN', 'BUSAN HEAUNDEA', 1803, 'ROYAL_SUITE'),
       (399, 'SOKCHO', 'KANGWONDO SOKCHO', 1506, 'RESIDENTIAL_SUITE'),
       (400, 'SEOUL', 'SEOUL GANGNAM', 1304, 'PREMIER_SUITE'),
       (401, 'BUSAN', 'BUSAN HEAUNDEA', 1505, 'SUPERIOR'),
       (402, 'SOKCHO', 'KANGWONDO SOKCHO', 1114, 'RESIDENTIAL_SUITE'),
       (403, 'SEOUL', 'SEOUL GANGNAM', 1510, 'DELUXE_TWIN'),
       (404, 'BUSAN', 'BUSAN HEAUNDEA', 1505, 'PREMIER_SUITE'),
       (405, 'SOKCHO', 'KANGWONDO SOKCHO', 502, 'PLAZA_SUITE'),
       (406, 'SEOUL', 'SEOUL GANGNAM', 614, 'PREMIER_SUITE'),
       (407, 'BUSAN', 'BUSAN HEAUNDEA', 1814, 'PLAZA_SUITE'),
       (408, 'SOKCHO', 'KANGWONDO SOKCHO', 1204, 'DELUXE_DOUBLE'),
       (409, 'SEOUL', 'SEOUL GANGNAM', 602, 'PRESIDENTIAL_SUITE'),
       (410, 'BUSAN', 'BUSAN HEAUNDEA', 403, 'DELUXE_DOUBLE'),
       (411, 'SOKCHO', 'KANGWONDO SOKCHO', 1613, 'RESIDENTIAL_SUITE'),
       (412, 'SEOUL', 'SEOUL GANGNAM', 605, 'DELUXE_TWIN'),
       (413, 'BUSAN', 'BUSAN HEAUNDEA', 1205, 'SUPERIOR'),
       (414, 'SOKCHO', 'KANGWONDO SOKCHO', 1615, 'ROYAL_SUITE'),
       (415, 'SEOUL', 'SEOUL GANGNAM', 1211, 'DELUXE_DOUBLE'),
       (416, 'BUSAN', 'BUSAN HEAUNDEA', 711, 'PREMIER_SUITE'),
       (417, 'SOKCHO', 'KANGWONDO SOKCHO', 704, 'DELUXE_TWIN'),
       (418, 'SEOUL', 'SEOUL GANGNAM', 1501, 'EXECUTIVE_SUITE'),
       (419, 'BUSAN', 'BUSAN HEAUNDEA', 805, 'EXECUTIVE_SUITE'),
       (420, 'SOKCHO', 'KANGWONDO SOKCHO', 1502, 'EXECUTIVE_SUITE'),
       (421, 'SEOUL', 'SEOUL GANGNAM', 1705, 'RESIDENTIAL_SUITE'),
       (422, 'BUSAN', 'BUSAN HEAUNDEA', 1608, 'PRESIDENTIAL_SUITE'),
       (423, 'SOKCHO', 'KANGWONDO SOKCHO', 1710, 'DELUXE_DOUBLE'),
       (424, 'SEOUL', 'SEOUL GANGNAM', 1307, 'SUPERIOR'),
       (425, 'BUSAN', 'BUSAN HEAUNDEA', 708, 'SUPERIOR'),
       (426, 'SOKCHO', 'KANGWONDO SOKCHO', 1608, 'PRESIDENTIAL_SUITE'),
       (427, 'SEOUL', 'SEOUL GANGNAM', 704, 'PREMIER_SUITE'),
       (428, 'BUSAN', 'BUSAN HEAUNDEA', 406, 'PREMIER_SUITE'),
       (429, 'SOKCHO', 'KANGWONDO SOKCHO', 1411, 'RESIDENTIAL_SUITE'),
       (430, 'SEOUL', 'SEOUL GANGNAM', 1810, 'PLAZA_SUITE'),
       (431, 'BUSAN', 'BUSAN HEAUNDEA', 901, 'PRESIDENTIAL_SUITE'),
       (432, 'SOKCHO', 'KANGWONDO SOKCHO', 1603, 'DELUXE_TWIN'),
       (433, 'SEOUL', 'SEOUL GANGNAM', 1001, 'PLAZA_SUITE'),
       (434, 'BUSAN', 'BUSAN HEAUNDEA', 501, 'EXECUTIVE_SUITE'),
       (435, 'SOKCHO', 'KANGWONDO SOKCHO', 510, 'DELUXE_TWIN'),
       (436, 'SEOUL', 'SEOUL GANGNAM', 1801, 'PLAZA_SUITE'),
       (437, 'BUSAN', 'BUSAN HEAUNDEA', 514, 'SUPERIOR'),
       (438, 'SOKCHO', 'KANGWONDO SOKCHO', 1803, 'PREMIER_SUITE'),
       (439, 'SEOUL', 'SEOUL GANGNAM', 1006, 'RESIDENTIAL_SUITE'),
       (440, 'BUSAN', 'BUSAN HEAUNDEA', 1013, 'PRESIDENTIAL_SUITE'),
       (441, 'SOKCHO', 'KANGWONDO SOKCHO', 813, 'RESIDENTIAL_SUITE'),
       (442, 'SEOUL', 'SEOUL GANGNAM', 1006, 'PRESIDENTIAL_SUITE'),
       (443, 'BUSAN', 'BUSAN HEAUNDEA', 1508, 'ROYAL_SUITE'),
       (444, 'SOKCHO', 'KANGWONDO SOKCHO', 1707, 'PRESIDENTIAL_SUITE'),
       (445, 'SEOUL', 'SEOUL GANGNAM', 1602, 'DELUXE_TWIN'),
       (446, 'BUSAN', 'BUSAN HEAUNDEA', 1504, 'SUPERIOR'),
       (447, 'SOKCHO', 'KANGWONDO SOKCHO', 912, 'RESIDENTIAL_SUITE'),
       (448, 'SEOUL', 'SEOUL GANGNAM', 1706, 'EXECUTIVE_SUITE'),
       (449, 'BUSAN', 'BUSAN HEAUNDEA', 1508, 'PLAZA_SUITE'),
       (450, 'SOKCHO', 'KANGWONDO SOKCHO', 508, 'PLAZA_SUITE'),
       (451, 'SEOUL', 'SEOUL GANGNAM', 1311, 'RESIDENTIAL_SUITE'),
       (452, 'BUSAN', 'BUSAN HEAUNDEA', 601, 'PLAZA_SUITE'),
       (453, 'SOKCHO', 'KANGWONDO SOKCHO', 614, 'PLAZA_SUITE'),
       (454, 'SEOUL', 'SEOUL GANGNAM', 1608, 'PREMIER_SUITE'),
       (455, 'BUSAN', 'BUSAN HEAUNDEA', 611, 'ROYAL_SUITE'),
       (456, 'SOKCHO', 'KANGWONDO SOKCHO', 1814, 'PRESIDENTIAL_SUITE'),
       (457, 'SEOUL', 'SEOUL GANGNAM', 602, 'ROYAL_SUITE'),
       (458, 'BUSAN', 'BUSAN HEAUNDEA', 1113, 'PLAZA_SUITE'),
       (459, 'SOKCHO', 'KANGWONDO SOKCHO', 1009, 'RESIDENTIAL_SUITE'),
       (460, 'SEOUL', 'SEOUL GANGNAM', 1003, 'ROYAL_SUITE'),
       (461, 'BUSAN', 'BUSAN HEAUNDEA', 512, 'EXECUTIVE_SUITE'),
       (462, 'SOKCHO', 'KANGWONDO SOKCHO', 1608, 'PLAZA_SUITE'),
       (463, 'SEOUL', 'SEOUL GANGNAM', 1501, 'PREMIER_SUITE'),
       (464, 'BUSAN', 'BUSAN HEAUNDEA', 1611, 'DELUXE_DOUBLE'),
       (465, 'SOKCHO', 'KANGWONDO SOKCHO', 1401, 'SUPERIOR'),
       (466, 'SEOUL', 'SEOUL GANGNAM', 1814, 'DELUXE_TWIN'),
       (467, 'BUSAN', 'BUSAN HEAUNDEA', 1009, 'DELUXE_DOUBLE'),
       (468, 'SOKCHO', 'KANGWONDO SOKCHO', 1214, 'PLAZA_SUITE'),
       (469, 'SEOUL', 'SEOUL GANGNAM', 1209, 'DELUXE_DOUBLE'),
       (470, 'BUSAN', 'BUSAN HEAUNDEA', 715, 'ROYAL_SUITE'),
       (471, 'SOKCHO', 'KANGWONDO SOKCHO', 1710, 'DELUXE_TWIN'),
       (472, 'SEOUL', 'SEOUL GANGNAM', 1704, 'PREMIER_SUITE'),
       (473, 'BUSAN', 'BUSAN HEAUNDEA', 1002, 'PREMIER_SUITE'),
       (474, 'SOKCHO', 'KANGWONDO SOKCHO', 1302, 'PRESIDENTIAL_SUITE'),
       (475, 'SEOUL', 'SEOUL GANGNAM', 1101, 'EXECUTIVE_SUITE'),
       (476, 'BUSAN', 'BUSAN HEAUNDEA', 514, 'PREMIER_SUITE'),
       (477, 'SOKCHO', 'KANGWONDO SOKCHO', 1107, 'PREMIER_SUITE'),
       (478, 'SEOUL', 'SEOUL GANGNAM', 701, 'DELUXE_DOUBLE'),
       (479, 'BUSAN', 'BUSAN HEAUNDEA', 1415, 'SUPERIOR'),
       (480, 'SOKCHO', 'KANGWONDO SOKCHO', 1513, 'PRESIDENTIAL_SUITE'),
       (481, 'SEOUL', 'SEOUL GANGNAM', 1215, 'DELUXE_DOUBLE'),
       (482, 'BUSAN', 'BUSAN HEAUNDEA', 1314, 'PREMIER_SUITE'),
       (483, 'SOKCHO', 'KANGWONDO SOKCHO', 1304, 'DELUXE_TWIN'),
       (484, 'SEOUL', 'SEOUL GANGNAM', 1309, 'ROYAL_SUITE'),
       (485, 'BUSAN', 'BUSAN HEAUNDEA', 1204, 'EXECUTIVE_SUITE'),
       (486, 'SOKCHO', 'KANGWONDO SOKCHO', 504, 'DELUXE_DOUBLE'),
       (487, 'SEOUL', 'SEOUL GANGNAM', 1610, 'DELUXE_TWIN'),
       (488, 'BUSAN', 'BUSAN HEAUNDEA', 1610, 'DELUXE_DOUBLE'),
       (489, 'SOKCHO', 'KANGWONDO SOKCHO', 509, 'PRESIDENTIAL_SUITE'),
       (490, 'SEOUL', 'SEOUL GANGNAM', 602, 'EXECUTIVE_SUITE'),
       (491, 'BUSAN', 'BUSAN HEAUNDEA', 815, 'DELUXE_DOUBLE'),
       (492, 'SOKCHO', 'KANGWONDO SOKCHO', 1706, 'PLAZA_SUITE'),
       (493, 'SEOUL', 'SEOUL GANGNAM', 707, 'RESIDENTIAL_SUITE'),
       (494, 'BUSAN', 'BUSAN HEAUNDEA', 1712, 'DELUXE_DOUBLE'),
       (495, 'SOKCHO', 'KANGWONDO SOKCHO', 706, 'EXECUTIVE_SUITE'),
       (496, 'SEOUL', 'SEOUL GANGNAM', 1615, 'DELUXE_DOUBLE'),
       (497, 'BUSAN', 'BUSAN HEAUNDEA', 702, 'PLAZA_SUITE'),
       (498, 'SOKCHO', 'KANGWONDO SOKCHO', 1805, 'DELUXE_DOUBLE'),
       (499, 'SEOUL', 'SEOUL GANGNAM', 1712, 'PRESIDENTIAL_SUITE'),
       (500, 'BUSAN', 'BUSAN HEAUNDEA', 602, 'PLAZA_SUITE'),
       (501, 'SOKCHO', 'KANGWONDO SOKCHO', 609, 'DELUXE_TWIN'),
       (502, 'SEOUL', 'SEOUL GANGNAM', 1802, 'PRESIDENTIAL_SUITE'),
       (503, 'BUSAN', 'BUSAN HEAUNDEA', 501, 'DELUXE_DOUBLE'),
       (504, 'SOKCHO', 'KANGWONDO SOKCHO', 1710, 'DELUXE_DOUBLE'),
       (505, 'SEOUL', 'SEOUL GANGNAM', 1103, 'ROYAL_SUITE'),
       (506, 'BUSAN', 'BUSAN HEAUNDEA', 1709, 'DELUXE_TWIN'),
       (507, 'SOKCHO', 'KANGWONDO SOKCHO', 808, 'EXECUTIVE_SUITE'),
       (508, 'SEOUL', 'SEOUL GANGNAM', 407, 'DELUXE_DOUBLE'),
       (509, 'BUSAN', 'BUSAN HEAUNDEA', 1313, 'SUPERIOR'),
       (510, 'SOKCHO', 'KANGWONDO SOKCHO', 1401, 'PLAZA_SUITE'),
       (511, 'SEOUL', 'SEOUL GANGNAM', 1606, 'PRESIDENTIAL_SUITE'),
       (512, 'BUSAN', 'BUSAN HEAUNDEA', 1712, 'ROYAL_SUITE'),
       (513, 'SOKCHO', 'KANGWONDO SOKCHO', 502, 'DELUXE_DOUBLE'),
       (514, 'SEOUL', 'SEOUL GANGNAM', 1401, 'DELUXE_DOUBLE'),
       (515, 'BUSAN', 'BUSAN HEAUNDEA', 704, 'EXECUTIVE_SUITE'),
       (516, 'SOKCHO', 'KANGWONDO SOKCHO', 505, 'ROYAL_SUITE'),
       (517, 'SEOUL', 'SEOUL GANGNAM', 1606, 'PLAZA_SUITE'),
       (518, 'BUSAN', 'BUSAN HEAUNDEA', 1015, 'ROYAL_SUITE'),
       (519, 'SOKCHO', 'KANGWONDO SOKCHO', 506, 'EXECUTIVE_SUITE'),
       (520, 'SEOUL', 'SEOUL GANGNAM', 508, 'PREMIER_SUITE'),
       (521, 'BUSAN', 'BUSAN HEAUNDEA', 614, 'EXECUTIVE_SUITE'),
       (522, 'SOKCHO', 'KANGWONDO SOKCHO', 901, 'PLAZA_SUITE'),
       (523, 'SEOUL', 'SEOUL GANGNAM', 612, 'PRESIDENTIAL_SUITE'),
       (524, 'BUSAN', 'BUSAN HEAUNDEA', 909, 'DELUXE_DOUBLE'),
       (525, 'SOKCHO', 'KANGWONDO SOKCHO', 1103, 'DELUXE_DOUBLE'),
       (526, 'SEOUL', 'SEOUL GANGNAM', 810, 'PLAZA_SUITE'),
       (527, 'BUSAN', 'BUSAN HEAUNDEA', 609, 'DELUXE_TWIN'),
       (528, 'SOKCHO', 'KANGWONDO SOKCHO', 602, 'ROYAL_SUITE'),
       (529, 'SEOUL', 'SEOUL GANGNAM', 1006, 'RESIDENTIAL_SUITE'),
       (530, 'BUSAN', 'BUSAN HEAUNDEA', 1206, 'DELUXE_TWIN'),
       (531, 'SOKCHO', 'KANGWONDO SOKCHO', 1302, 'ROYAL_SUITE'),
       (532, 'SEOUL', 'SEOUL GANGNAM', 1302, 'DELUXE_TWIN'),
       (533, 'BUSAN', 'BUSAN HEAUNDEA', 505, 'PRESIDENTIAL_SUITE'),
       (534, 'SOKCHO', 'KANGWONDO SOKCHO', 1602, 'DELUXE_TWIN'),
       (535, 'SEOUL', 'SEOUL GANGNAM', 908, 'PLAZA_SUITE'),
       (536, 'BUSAN', 'BUSAN HEAUNDEA', 1002, 'PRESIDENTIAL_SUITE'),
       (537, 'SOKCHO', 'KANGWONDO SOKCHO', 603, 'DELUXE_TWIN'),
       (538, 'SEOUL', 'SEOUL GANGNAM', 808, 'PREMIER_SUITE'),
       (539, 'BUSAN', 'BUSAN HEAUNDEA', 807, 'DELUXE_TWIN'),
       (540, 'SOKCHO', 'KANGWONDO SOKCHO', 1514, 'EXECUTIVE_SUITE'),
       (541, 'SEOUL', 'SEOUL GANGNAM', 1203, 'PREMIER_SUITE'),
       (542, 'BUSAN', 'BUSAN HEAUNDEA', 1312, 'EXECUTIVE_SUITE'),
       (543, 'SOKCHO', 'KANGWONDO SOKCHO', 1510, 'PREMIER_SUITE'),
       (544, 'SEOUL', 'SEOUL GANGNAM', 1401, 'ROYAL_SUITE'),
       (545, 'BUSAN', 'BUSAN HEAUNDEA', 1301, 'RESIDENTIAL_SUITE'),
       (546, 'SOKCHO', 'KANGWONDO SOKCHO', 1214, 'PLAZA_SUITE'),
       (547, 'SEOUL', 'SEOUL GANGNAM', 1615, 'ROYAL_SUITE'),
       (548, 'BUSAN', 'BUSAN HEAUNDEA', 401, 'DELUXE_DOUBLE'),
       (549, 'SOKCHO', 'KANGWONDO SOKCHO', 1810, 'EXECUTIVE_SUITE'),
       (550, 'SEOUL', 'SEOUL GANGNAM', 1311, 'DELUXE_TWIN'),
       (551, 'BUSAN', 'BUSAN HEAUNDEA', 602, 'PREMIER_SUITE'),
       (552, 'SOKCHO', 'KANGWONDO SOKCHO', 612, 'PLAZA_SUITE'),
       (553, 'SEOUL', 'SEOUL GANGNAM', 406, 'EXECUTIVE_SUITE'),
       (554, 'BUSAN', 'BUSAN HEAUNDEA', 604, 'ROYAL_SUITE'),
       (555, 'SOKCHO', 'KANGWONDO SOKCHO', 1709, 'PREMIER_SUITE'),
       (556, 'SEOUL', 'SEOUL GANGNAM', 1403, 'PLAZA_SUITE'),
       (557, 'BUSAN', 'BUSAN HEAUNDEA', 603, 'PREMIER_SUITE'),
       (558, 'SOKCHO', 'KANGWONDO SOKCHO', 615, 'PREMIER_SUITE'),
       (559, 'SEOUL', 'SEOUL GANGNAM', 611, 'PREMIER_SUITE'),
       (560, 'BUSAN', 'BUSAN HEAUNDEA', 604, 'EXECUTIVE_SUITE'),
       (561, 'SOKCHO', 'KANGWONDO SOKCHO', 501, 'EXECUTIVE_SUITE'),
       (562, 'SEOUL', 'SEOUL GANGNAM', 1213, 'PRESIDENTIAL_SUITE'),
       (563, 'BUSAN', 'BUSAN HEAUNDEA', 1302, 'SUPERIOR'),
       (564, 'SOKCHO', 'KANGWONDO SOKCHO', 910, 'PLAZA_SUITE'),
       (565, 'SEOUL', 'SEOUL GANGNAM', 810, 'DELUXE_TWIN'),
       (566, 'BUSAN', 'BUSAN HEAUNDEA', 1114, 'PLAZA_SUITE'),
       (567, 'SOKCHO', 'KANGWONDO SOKCHO', 1609, 'DELUXE_DOUBLE'),
       (568, 'SEOUL', 'SEOUL GANGNAM', 705, 'SUPERIOR'),
       (569, 'BUSAN', 'BUSAN HEAUNDEA', 1603, 'DELUXE_TWIN'),
       (570, 'SOKCHO', 'KANGWONDO SOKCHO', 601, 'EXECUTIVE_SUITE'),
       (571, 'SEOUL', 'SEOUL GANGNAM', 1410, 'PREMIER_SUITE'),
       (572, 'BUSAN', 'BUSAN HEAUNDEA', 1801, 'ROYAL_SUITE'),
       (573, 'SOKCHO', 'KANGWONDO SOKCHO', 1809, 'PLAZA_SUITE'),
       (574, 'SEOUL', 'SEOUL GANGNAM', 1115, 'PRESIDENTIAL_SUITE'),
       (575, 'BUSAN', 'BUSAN HEAUNDEA', 814, 'DELUXE_DOUBLE'),
       (576, 'SOKCHO', 'KANGWONDO SOKCHO', 1513, 'PLAZA_SUITE'),
       (577, 'SEOUL', 'SEOUL GANGNAM', 1709, 'DELUXE_TWIN'),
       (578, 'BUSAN', 'BUSAN HEAUNDEA', 1501, 'DELUXE_TWIN'),
       (579, 'SOKCHO', 'KANGWONDO SOKCHO', 1302, 'SUPERIOR'),
       (580, 'SEOUL', 'SEOUL GANGNAM', 1001, 'DELUXE_TWIN'),
       (581, 'BUSAN', 'BUSAN HEAUNDEA', 1206, 'RESIDENTIAL_SUITE'),
       (582, 'SOKCHO', 'KANGWONDO SOKCHO', 1609, 'PREMIER_SUITE'),
       (583, 'SEOUL', 'SEOUL GANGNAM', 715, 'DELUXE_DOUBLE'),
       (584, 'BUSAN', 'BUSAN HEAUNDEA', 1102, 'PLAZA_SUITE'),
       (585, 'SOKCHO', 'KANGWONDO SOKCHO', 1510, 'DELUXE_DOUBLE'),
       (586, 'SEOUL', 'SEOUL GANGNAM', 401, 'SUPERIOR'),
       (587, 'BUSAN', 'BUSAN HEAUNDEA', 913, 'ROYAL_SUITE'),
       (588, 'SOKCHO', 'KANGWONDO SOKCHO', 607, 'RESIDENTIAL_SUITE'),
       (589, 'SEOUL', 'SEOUL GANGNAM', 909, 'PREMIER_SUITE'),
       (590, 'BUSAN', 'BUSAN HEAUNDEA', 1802, 'PRESIDENTIAL_SUITE'),
       (591, 'SOKCHO', 'KANGWONDO SOKCHO', 1708, 'EXECUTIVE_SUITE'),
       (592, 'SEOUL', 'SEOUL GANGNAM', 713, 'DELUXE_DOUBLE'),
       (593, 'BUSAN', 'BUSAN HEAUNDEA', 614, 'RESIDENTIAL_SUITE'),
       (594, 'SOKCHO', 'KANGWONDO SOKCHO', 1405, 'DELUXE_TWIN'),
       (595, 'SEOUL', 'SEOUL GANGNAM', 610, 'RESIDENTIAL_SUITE'),
       (596, 'BUSAN', 'BUSAN HEAUNDEA', 414, 'ROYAL_SUITE'),
       (597, 'SOKCHO', 'KANGWONDO SOKCHO', 512, 'EXECUTIVE_SUITE'),
       (598, 'SEOUL', 'SEOUL GANGNAM', 1204, 'PREMIER_SUITE'),
       (599, 'BUSAN', 'BUSAN HEAUNDEA', 1405, 'PLAZA_SUITE'),
       (600, 'SOKCHO', 'KANGWONDO SOKCHO', 1214, 'SUPERIOR'),
       (601, 'SEOUL', 'SEOUL GANGNAM', 1510, 'PRESIDENTIAL_SUITE'),
       (602, 'BUSAN', 'BUSAN HEAUNDEA', 1807, 'RESIDENTIAL_SUITE'),
       (603, 'SOKCHO', 'KANGWONDO SOKCHO', 904, 'PRESIDENTIAL_SUITE'),
       (604, 'SEOUL', 'SEOUL GANGNAM', 1713, 'RESIDENTIAL_SUITE'),
       (605, 'BUSAN', 'BUSAN HEAUNDEA', 1715, 'PREMIER_SUITE'),
       (606, 'SOKCHO', 'KANGWONDO SOKCHO', 1405, 'PLAZA_SUITE'),
       (607, 'SEOUL', 'SEOUL GANGNAM', 506, 'SUPERIOR'),
       (608, 'BUSAN', 'BUSAN HEAUNDEA', 1801, 'RESIDENTIAL_SUITE'),
       (609, 'SOKCHO', 'KANGWONDO SOKCHO', 814, 'EXECUTIVE_SUITE'),
       (610, 'SEOUL', 'SEOUL GANGNAM', 1608, 'DELUXE_DOUBLE'),
       (611, 'BUSAN', 'BUSAN HEAUNDEA', 812, 'DELUXE_TWIN'),
       (612, 'SOKCHO', 'KANGWONDO SOKCHO', 1004, 'PRESIDENTIAL_SUITE'),
       (613, 'SEOUL', 'SEOUL GANGNAM', 1408, 'ROYAL_SUITE'),
       (614, 'BUSAN', 'BUSAN HEAUNDEA', 510, 'PRESIDENTIAL_SUITE'),
       (615, 'SOKCHO', 'KANGWONDO SOKCHO', 1506, 'ROYAL_SUITE'),
       (616, 'SEOUL', 'SEOUL GANGNAM', 509, 'PLAZA_SUITE'),
       (617, 'BUSAN', 'BUSAN HEAUNDEA', 405, 'EXECUTIVE_SUITE'),
       (618, 'SOKCHO', 'KANGWONDO SOKCHO', 1702, 'DELUXE_DOUBLE'),
       (619, 'SEOUL', 'SEOUL GANGNAM', 1309, 'EXECUTIVE_SUITE'),
       (620, 'BUSAN', 'BUSAN HEAUNDEA', 1110, 'RESIDENTIAL_SUITE'),
       (621, 'SOKCHO', 'KANGWONDO SOKCHO', 1309, 'PRESIDENTIAL_SUITE'),
       (622, 'SEOUL', 'SEOUL GANGNAM', 702, 'ROYAL_SUITE'),
       (623, 'BUSAN', 'BUSAN HEAUNDEA', 804, 'EXECUTIVE_SUITE'),
       (624, 'SOKCHO', 'KANGWONDO SOKCHO', 1501, 'DELUXE_DOUBLE'),
       (625, 'SEOUL', 'SEOUL GANGNAM', 1512, 'DELUXE_DOUBLE'),
       (626, 'BUSAN', 'BUSAN HEAUNDEA', 811, 'EXECUTIVE_SUITE'),
       (627, 'SOKCHO', 'KANGWONDO SOKCHO', 412, 'DELUXE_DOUBLE'),
       (628, 'SEOUL', 'SEOUL GANGNAM', 1710, 'DELUXE_DOUBLE'),
       (629, 'BUSAN', 'BUSAN HEAUNDEA', 804, 'PLAZA_SUITE'),
       (630, 'SOKCHO', 'KANGWONDO SOKCHO', 909, 'PRESIDENTIAL_SUITE'),
       (631, 'SEOUL', 'SEOUL GANGNAM', 1112, 'RESIDENTIAL_SUITE'),
       (632, 'BUSAN', 'BUSAN HEAUNDEA', 1403, 'DELUXE_DOUBLE'),
       (633, 'SOKCHO', 'KANGWONDO SOKCHO', 1607, 'PLAZA_SUITE'),
       (634, 'SEOUL', 'SEOUL GANGNAM', 1007, 'SUPERIOR'),
       (635, 'BUSAN', 'BUSAN HEAUNDEA', 608, 'SUPERIOR'),
       (636, 'SOKCHO', 'KANGWONDO SOKCHO', 1401, 'SUPERIOR'),
       (637, 'SEOUL', 'SEOUL GANGNAM', 1004, 'DELUXE_DOUBLE'),
       (638, 'BUSAN', 'BUSAN HEAUNDEA', 614, 'PRESIDENTIAL_SUITE'),
       (639, 'SOKCHO', 'KANGWONDO SOKCHO', 1712, 'SUPERIOR'),
       (640, 'SEOUL', 'SEOUL GANGNAM', 1809, 'SUPERIOR'),
       (641, 'BUSAN', 'BUSAN HEAUNDEA', 1614, 'PRESIDENTIAL_SUITE'),
       (642, 'SOKCHO', 'KANGWONDO SOKCHO', 1311, 'DELUXE_DOUBLE'),
       (643, 'SEOUL', 'SEOUL GANGNAM', 405, 'PLAZA_SUITE'),
       (644, 'BUSAN', 'BUSAN HEAUNDEA', 1001, 'PREMIER_SUITE'),
       (645, 'SOKCHO', 'KANGWONDO SOKCHO', 1008, 'DELUXE_DOUBLE'),
       (646, 'SEOUL', 'SEOUL GANGNAM', 1714, 'PLAZA_SUITE'),
       (647, 'BUSAN', 'BUSAN HEAUNDEA', 403, 'ROYAL_SUITE'),
       (648, 'SOKCHO', 'KANGWONDO SOKCHO', 1611, 'SUPERIOR'),
       (649, 'SEOUL', 'SEOUL GANGNAM', 1311, 'PREMIER_SUITE'),
       (650, 'BUSAN', 'BUSAN HEAUNDEA', 1615, 'PRESIDENTIAL_SUITE'),
       (651, 'SOKCHO', 'KANGWONDO SOKCHO', 1205, 'PLAZA_SUITE'),
       (652, 'SEOUL', 'SEOUL GANGNAM', 1610, 'PLAZA_SUITE'),
       (653, 'BUSAN', 'BUSAN HEAUNDEA', 1101, 'RESIDENTIAL_SUITE'),
       (654, 'SOKCHO', 'KANGWONDO SOKCHO', 702, 'ROYAL_SUITE'),
       (655, 'SEOUL', 'SEOUL GANGNAM', 1811, 'PREMIER_SUITE'),
       (656, 'BUSAN', 'BUSAN HEAUNDEA', 1511, 'PLAZA_SUITE'),
       (657, 'SOKCHO', 'KANGWONDO SOKCHO', 1601, 'PRESIDENTIAL_SUITE'),
       (658, 'SEOUL', 'SEOUL GANGNAM', 1805, 'DELUXE_DOUBLE'),
       (659, 'BUSAN', 'BUSAN HEAUNDEA', 1003, 'PRESIDENTIAL_SUITE'),
       (660, 'SOKCHO', 'KANGWONDO SOKCHO', 1711, 'PRESIDENTIAL_SUITE'),
       (661, 'SEOUL', 'SEOUL GANGNAM', 1814, 'DELUXE_DOUBLE'),
       (662, 'BUSAN', 'BUSAN HEAUNDEA', 1602, 'DELUXE_DOUBLE'),
       (663, 'SOKCHO', 'KANGWONDO SOKCHO', 1207, 'ROYAL_SUITE'),
       (664, 'SEOUL', 'SEOUL GANGNAM', 811, 'PRESIDENTIAL_SUITE'),
       (665, 'BUSAN', 'BUSAN HEAUNDEA', 802, 'DELUXE_DOUBLE'),
       (666, 'SOKCHO', 'KANGWONDO SOKCHO', 1405, 'PRESIDENTIAL_SUITE'),
       (667, 'SEOUL', 'SEOUL GANGNAM', 614, 'PREMIER_SUITE'),
       (668, 'BUSAN', 'BUSAN HEAUNDEA', 1113, 'PRESIDENTIAL_SUITE'),
       (669, 'SOKCHO', 'KANGWONDO SOKCHO', 1106, 'ROYAL_SUITE'),
       (670, 'SEOUL', 'SEOUL GANGNAM', 1303, 'ROYAL_SUITE'),
       (671, 'BUSAN', 'BUSAN HEAUNDEA', 1101, 'DELUXE_DOUBLE'),
       (672, 'SOKCHO', 'KANGWONDO SOKCHO', 606, 'PLAZA_SUITE'),
       (673, 'SEOUL', 'SEOUL GANGNAM', 904, 'DELUXE_DOUBLE'),
       (674, 'BUSAN', 'BUSAN HEAUNDEA', 1811, 'EXECUTIVE_SUITE'),
       (675, 'SOKCHO', 'KANGWONDO SOKCHO', 810, 'PREMIER_SUITE');

INSERT INTO room_reservation (id, hotel_room_id, payment_id, customer_id, reservation_date, start_date, end_date, price)
VALUES (1, 261, 293, 110, '2019-12-22 0:00:00', '2019-12-26', '2019-12-28', 939000),
       (2, 247, 74, 156, '2023-07-15 0:00:00', '2023-07-25', '2023-07-30', 729000),
       (3, 254, 441, 190, '2019-07-06 0:00:00', '2019-07-09', '2019-07-12', 746000),
       (4, 291, 980, 13, '2023-04-28 0:00:00', '2023-05-02', '2023-05-12', 594000),
       (5, 49, 254, 53, '2019-02-11 0:00:00', '2019-02-20', '2019-02-25', 212000),
       (6, 125, 269, 26, '2022-09-25 0:00:00', '2022-09-29', '2022-10-08', 629000),
       (7, 629, 807, 51, '2023-10-26 0:00:00', '2023-11-01', '2023-11-03', 370000),
       (8, 370, 856, 10, '2021-08-16 0:00:00', '2021-08-25', '2021-08-26', 146000),
       (9, 53, 133, 114, '2022-06-23 0:00:00', '2022-06-28', '2022-07-07', 789000),
       (10, 200, 223, 70, '2021-12-09 0:00:00', '2021-12-11', '2021-12-20', 397000),
       (11, 535, 912, 174, '2018-10-10 0:00:00', '2018-10-13', '2018-10-22', 750000),
       (12, 154, 172, 158, '2019-02-07 0:00:00', '2019-02-14', '2019-02-18', 462000),
       (13, 345, 325, 115, '2020-03-08 0:00:00', '2020-03-10', '2020-03-14', 60000),
       (14, 271, 380, 90, '2020-04-06 0:00:00', '2020-04-09', '2020-04-17', 214000),
       (15, 541, 790, 22, '2021-09-03 0:00:00', '2021-09-08', '2021-09-13', 998000),
       (16, 644, 987, 135, '2018-11-24 0:00:00', '2018-12-01', '2018-12-10', 548000),
       (17, 556, 483, 41, '2018-08-20 0:00:00', '2018-08-29', '2018-08-31', 1125000),
       (18, 429, 692, 117, '2023-09-14 0:00:00', '2023-09-22', '2023-09-29', 420000),
       (19, 295, 661, 152, '2021-03-12 0:00:00', '2021-03-20', '2021-03-30', 1221000),
       (20, 450, 385, 138, '2020-11-06 0:00:00', '2020-11-13', '2020-11-15', 303000),
       (21, 159, 927, 167, '2023-07-29 0:00:00', '2023-07-30', '2023-08-05', 288000),
       (22, 285, 869, 65, '2022-02-17 0:00:00', '2022-02-27', '2022-03-05', 1492000),
       (23, 577, 130, 6, '2018-10-17 0:00:00', '2018-10-24', '2018-10-27', 394000),
       (24, 343, 674, 185, '2019-10-28 0:00:00', '2019-11-07', '2019-11-08', 169000),
       (25, 615, 706, 63, '2022-03-14 0:00:00', '2022-03-18', '2022-03-24', 270000),
       (26, 97, 214, 35, '2020-09-21 0:00:00', '2020-09-26', '2020-09-28', 249000),
       (27, 162, 112, 67, '2021-07-22 0:00:00', '2021-07-30', '2021-07-31', 464000),
       (28, 43, 903, 193, '2019-04-15 0:00:00', '2019-04-22', '2019-04-27', 872000),
       (29, 396, 393, 2, '2023-11-25 0:00:00', '2023-11-26', '2023-12-02', 121000),
       (30, 411, 519, 74, '2023-01-17 0:00:00', '2023-01-19', '2023-01-24', 432000),
       (31, 55, 189, 51, '2020-07-20 0:00:00', '2020-07-29', '2020-08-08', 384000),
       (32, 213, 124, 59, '2022-02-16 0:00:00', '2022-02-17', '2022-02-27', 16000),
       (33, 533, 681, 52, '2020-01-28 0:00:00', '2020-02-02', '2020-02-08', 1494000),
       (34, 659, 46, 100, '2021-03-30 0:00:00', '2021-04-01', '2021-04-02', 51000),
       (35, 27, 346, 49, '2020-07-25 0:00:00', '2020-07-28', '2020-08-03', 20000),
       (36, 48, 841, 39, '2019-04-04 0:00:00', '2019-04-14', '2019-04-15', 1275000),
       (37, 214, 596, 36, '2021-07-24 0:00:00', '2021-07-25', '2021-07-29', 424000),
       (38, 334, 756, 136, '2023-11-12 0:00:00', '2023-11-14', '2023-11-19', 368000),
       (39, 467, 176, 132, '2024-03-26 0:00:00', '2024-03-31', '2024-04-09', 690000),
       (40, 95, 707, 128, '2020-09-24 0:00:00', '2020-09-28', '2020-10-07', 1381000),
       (41, 381, 248, 89, '2021-08-06 0:00:00', '2021-08-11', '2021-08-12', 498000),
       (42, 5, 180, 31, '2023-02-08 0:00:00', '2023-02-12', '2023-02-14', 184000),
       (43, 255, 367, 47, '2020-10-31 0:00:00', '2020-11-04', '2020-11-12', 35000),
       (44, 122, 855, 102, '2023-08-24 0:00:00', '2023-08-28', '2023-09-03', 185000),
       (45, 3, 307, 70, '2024-02-21 0:00:00', '2024-02-25', '2024-03-05', 15000),
       (46, 64, 53, 181, '2023-07-27 0:00:00', '2023-08-06', '2023-08-12', 1196000),
       (47, 355, 785, 126, '2019-12-19 0:00:00', '2019-12-29', '2020-01-05', 771000),
       (48, 519, 439, 10, '2020-02-07 0:00:00', '2020-02-09', '2020-02-16', 24000),
       (49, 599, 801, 177, '2020-01-22 0:00:00', '2020-01-28', '2020-01-29', 710000),
       (50, 488, 753, 117, '2025-02-09 0:00:00', '2025-02-13', '2025-02-15', 186000),
       (51, 344, 178, 153, '2023-02-15 0:00:00', '2023-02-22', '2023-02-26', 25000),
       (52, 215, 177, 188, '2022-12-10 0:00:00', '2022-12-14', '2022-12-17', 1265000),
       (53, 65, 810, 180, '2023-08-14 0:00:00', '2023-08-19', '2023-08-23', 80000),
       (54, 514, 908, 62, '2018-11-06 0:00:00', '2018-11-07', '2018-11-14', 563000),
       (55, 462, 777, 171, '2020-01-10 0:00:00', '2020-01-14', '2020-01-23', 128000),
       (56, 442, 849, 36, '2023-08-15 0:00:00', '2023-08-17', '2023-08-18', 362000),
       (57, 370, 482, 101, '2019-02-12 0:00:00', '2019-02-21', '2019-03-02', 246000),
       (58, 241, 511, 169, '2019-08-17 0:00:00', '2019-08-23', '2019-08-28', 249000),
       (59, 274, 834, 200, '2018-08-24 0:00:00', '2018-08-27', '2018-08-31', 465000),
       (60, 156, 774, 98, '2022-11-12 0:00:00', '2022-11-21', '2022-11-28', 188000),
       (61, 644, 586, 175, '2020-06-26 0:00:00', '2020-06-27', '2020-07-01', 1341000),
       (62, 10, 558, 22, '2020-07-02 0:00:00', '2020-07-11', '2020-07-15', 1431000),
       (63, 600, 690, 92, '2019-06-09 0:00:00', '2019-06-19', '2019-06-26', 947000),
       (64, 161, 108, 193, '2023-02-08 0:00:00', '2023-02-17', '2023-02-22', 31000),
       (65, 415, 771, 128, '2020-10-15 0:00:00', '2020-10-23', '2020-11-02', 543000),
       (66, 236, 330, 72, '2020-01-03 0:00:00', '2020-01-08', '2020-01-14', 16000),
       (67, 675, 231, 29, '2018-07-25 0:00:00', '2018-07-27', '2018-07-30', 1027000),
       (68, 674, 545, 59, '2022-07-26 0:00:00', '2022-07-29', '2022-08-08', 228000),
       (69, 67, 571, 194, '2019-07-14 0:00:00', '2019-07-23', '2019-07-28', 905000),
       (70, 198, 255, 140, '2024-12-15 0:00:00', '2024-12-18', '2024-12-26', 1125000),
       (71, 578, 166, 145, '2020-08-22 0:00:00', '2020-08-28', '2020-08-31', 1721000),
       (72, 122, 299, 17, '2019-03-12 0:00:00', '2019-03-13', '2019-03-22', 297000),
       (73, 613, 87, 50, '2022-11-03 0:00:00', '2022-11-11', '2022-11-19', 1331000),
       (74, 569, 494, 152, '2023-03-23 0:00:00', '2023-04-02', '2023-04-04', 1438000),
       (75, 70, 829, 15, '2022-11-21 0:00:00', '2022-11-22', '2022-11-27', 498000),
       (76, 667, 215, 26, '2020-10-13 0:00:00', '2020-10-17', '2020-10-21', 966000),
       (77, 61, 673, 57, '2019-03-15 0:00:00', '2019-03-20', '2019-03-22', 599000),
       (78, 519, 365, 99, '2021-08-30 0:00:00', '2021-09-09', '2021-09-10', 696000),
       (79, 294, 358, 82, '2022-12-20 0:00:00', '2022-12-27', '2022-12-28', 522000),
       (80, 586, 300, 155, '2023-07-11 0:00:00', '2023-07-20', '2023-07-24', 478000),
       (81, 292, 580, 117, '2022-11-25 0:00:00', '2022-12-05', '2022-12-10', 4000),
       (82, 413, 495, 153, '2024-04-16 0:00:00', '2024-04-19', '2024-04-23', 501000),
       (83, 580, 5, 199, '2020-08-30 0:00:00', '2020-09-01', '2020-09-08', 39000),
       (84, 44, 867, 129, '2023-07-25 0:00:00', '2023-07-26', '2023-08-05', 1286000),
       (85, 655, 574, 170, '2022-06-12 0:00:00', '2022-06-18', '2022-06-28', 884000),
       (86, 574, 714, 139, '2018-03-10 0:00:00', '2018-03-14', '2018-03-20', 176000),
       (87, 375, 491, 24, '2022-11-15 0:00:00', '2022-11-22', '2022-11-25', 208000),
       (88, 39, 158, 180, '2023-10-26 0:00:00', '2023-10-29', '2023-11-08', 345000),
       (89, 494, 331, 133, '2019-01-05 0:00:00', '2019-01-12', '2019-01-16', 565000),
       (90, 268, 846, 123, '2020-05-04 0:00:00', '2020-05-08', '2020-05-10', 203000),
       (91, 287, 311, 81, '2021-01-11 0:00:00', '2021-01-16', '2021-01-19', 7000),
       (92, 635, 739, 135, '2023-01-28 0:00:00', '2023-02-05', '2023-02-12', 974000),
       (93, 334, 699, 40, '2018-10-13 0:00:00', '2018-10-15', '2018-10-23', 225000),
       (94, 100, 174, 43, '2023-10-21 0:00:00', '2023-10-23', '2023-11-02', 499000),
       (95, 621, 138, 25, '2019-08-08 0:00:00', '2019-08-15', '2019-08-20', 82000),
       (96, 625, 802, 164, '2022-10-08 0:00:00', '2022-10-15', '2022-10-16', 62000),
       (97, 522, 320, 67, '2020-04-22 0:00:00', '2020-04-23', '2020-04-29', 1005000),
       (98, 499, 355, 169, '2024-03-23 0:00:00', '2024-03-24', '2024-04-02', 636000),
       (99, 38, 569, 69, '2022-05-21 0:00:00', '2022-05-31', '2022-06-10', 189000),
       (100, 393, 162, 35, '2021-04-20 0:00:00', '2021-04-22', '2021-04-25', 953000),
       (101, 589, 8, 167, '2018-08-04 0:00:00', '2018-08-10', '2018-08-16', 309000),
       (102, 124, 30, 162, '2024-06-14 0:00:00', '2024-06-16', '2024-06-24', 667000),
       (103, 390, 725, 90, '2024-12-07 0:00:00', '2024-12-14', '2024-12-18', 1295000),
       (104, 270, 378, 176, '2021-03-28 0:00:00', '2021-03-31', '2021-04-06', 80000),
       (105, 631, 838, 110, '2022-08-02 0:00:00', '2022-08-12', '2022-08-19', 876000),
       (106, 263, 191, 100, '2020-08-27 0:00:00', '2020-09-05', '2020-09-13', 93000),
       (107, 202, 468, 80, '2022-03-03 0:00:00', '2022-03-06', '2022-03-07', 369000),
       (108, 612, 80, 105, '2019-08-28 0:00:00', '2019-09-03', '2019-09-11', 678000),
       (109, 369, 667, 181, '2024-01-17 0:00:00', '2024-01-26', '2024-02-02', 741000),
       (110, 653, 700, 146, '2019-08-01 0:00:00', '2019-08-07', '2019-08-17', 5000),
       (111, 78, 910, 188, '2021-04-20 0:00:00', '2021-04-28', '2021-05-01', 28000),
       (112, 445, 242, 155, '2021-02-11 0:00:00', '2021-02-18', '2021-02-21', 767000),
       (113, 257, 349, 120, '2023-10-25 0:00:00', '2023-11-02', '2023-11-06', 122000),
       (114, 533, 237, 87, '2024-01-14 0:00:00', '2024-01-15', '2024-01-25', 1071000),
       (115, 639, 950, 127, '2022-02-26 0:00:00', '2022-03-05', '2022-03-15', 483000),
       (116, 227, 916, 44, '2018-08-10 0:00:00', '2018-08-17', '2018-08-20', 27000),
       (117, 619, 390, 190, '2022-10-10 0:00:00', '2022-10-17', '2022-10-26', 491000),
       (118, 226, 302, 60, '2023-07-09 0:00:00', '2023-07-19', '2023-07-28', 5000),
       (119, 607, 452, 101, '2018-10-20 0:00:00', '2018-10-29', '2018-11-01', 153000),
       (120, 405, 657, 9, '2020-10-24 0:00:00', '2020-11-02', '2020-11-11', 862000),
       (121, 324, 760, 89, '2022-04-25 0:00:00', '2022-04-27', '2022-05-05', 264000),
       (122, 435, 905, 121, '2019-12-30 0:00:00', '2020-01-01', '2020-01-02', 12000),
       (123, 116, 347, 45, '2022-10-02 0:00:00', '2022-10-05', '2022-10-08', 102000),
       (124, 121, 261, 56, '2020-10-16 0:00:00', '2020-10-21', '2020-10-23', 54000),
       (125, 30, 772, 75, '2021-04-08 0:00:00', '2021-04-09', '2021-04-10', 236000),
       (126, 123, 136, 151, '2021-10-11 0:00:00', '2021-10-15', '2021-10-19', 190000),
       (127, 240, 879, 159, '2019-12-12 0:00:00', '2019-12-14', '2019-12-17', 318000),
       (128, 446, 410, 33, '2018-07-09 0:00:00', '2018-07-14', '2018-07-17', 451000),
       (129, 146, 286, 95, '2020-03-03 0:00:00', '2020-03-06', '2020-03-08', 104000),
       (130, 671, 576, 179, '2023-05-18 0:00:00', '2023-05-28', '2023-05-30', 249000),
       (131, 132, 61, 117, '2019-07-22 0:00:00', '2019-07-26', '2019-07-30', 897000),
       (132, 389, 486, 59, '2023-06-14 0:00:00', '2023-06-21', '2023-06-29', 543000),
       (133, 575, 592, 80, '2019-12-07 0:00:00', '2019-12-08', '2019-12-16', 394000),
       (134, 295, 368, 114, '2020-04-10 0:00:00', '2020-04-14', '2020-04-16', 478000),
       (135, 550, 683, 63, '2024-01-04 0:00:00', '2024-01-09', '2024-01-16', 268000),
       (136, 144, 450, 40, '2020-09-23 0:00:00', '2020-09-29', '2020-10-05', 1149000),
       (137, 361, 587, 138, '2021-09-21 0:00:00', '2021-09-22', '2021-09-25', 1153000),
       (138, 476, 634, 187, '2019-02-12 0:00:00', '2019-02-21', '2019-03-02', 456000),
       (139, 152, 644, 162, '2024-05-07 0:00:00', '2024-05-16', '2024-05-19', 885000),
       (140, 5, 977, 156, '2023-04-27 0:00:00', '2023-05-06', '2023-05-12', 106000),
       (141, 438, 459, 46, '2020-05-28 0:00:00', '2020-06-04', '2020-06-06', 750000),
       (142, 557, 354, 148, '2022-04-17 0:00:00', '2022-04-26', '2022-05-01', 293000),
       (143, 365, 806, 164, '2020-08-20 0:00:00', '2020-08-26', '2020-09-04', 1443000),
       (144, 371, 156, 121, '2023-04-29 0:00:00', '2023-05-04', '2023-05-07', 209000),
       (145, 230, 84, 151, '2018-10-03 0:00:00', '2018-10-12', '2018-10-14', 63000),
       (146, 626, 294, 30, '2020-06-25 0:00:00', '2020-06-28', '2020-07-07', 259000),
       (147, 143, 982, 6, '2023-09-21 0:00:00', '2023-09-23', '2023-09-24', 595000),
       (148, 251, 50, 13, '2019-05-23 0:00:00', '2019-05-24', '2019-06-01', 322000),
       (149, 490, 525, 19, '2019-08-21 0:00:00', '2019-08-31', '2019-09-04', 569000),
       (150, 42, 502, 122, '2020-08-09 0:00:00', '2020-08-19', '2020-08-23', 371000),
       (151, 38, 809, 61, '2019-12-05 0:00:00', '2019-12-10', '2019-12-16', 580000),
       (152, 240, 805, 70, '2019-02-17 0:00:00', '2019-02-21', '2019-02-23', 249000),
       (153, 352, 329, 172, '2022-07-03 0:00:00', '2022-07-08', '2022-07-17', 151000),
       (154, 323, 762, 97, '2021-02-02 0:00:00', '2021-02-05', '2021-02-06', 96000),
       (155, 319, 342, 117, '2021-06-09 0:00:00', '2021-06-16', '2021-06-22', 99000),
       (156, 222, 646, 178, '2022-04-02 0:00:00', '2022-04-05', '2022-04-08', 512000),
       (157, 183, 52, 72, '2024-02-02 0:00:00', '2024-02-10', '2024-02-11', 1870000),
       (158, 56, 794, 184, '2021-07-31 0:00:00', '2021-08-04', '2021-08-05', 291000),
       (159, 194, 897, 128, '2021-04-08 0:00:00', '2021-04-17', '2021-04-26', 125000),
       (160, 379, 658, 141, '2024-06-10 0:00:00', '2024-06-13', '2024-06-23', 235000),
       (161, 242, 123, 145, '2023-10-05 0:00:00', '2023-10-15', '2023-10-24', 0),
       (162, 534, 111, 167, '2021-02-22 0:00:00', '2021-02-28', '2021-03-05', 578000),
       (163, 9, 722, 11, '2019-06-25 0:00:00', '2019-07-04', '2019-07-07', 457000),
       (164, 275, 550, 85, '2022-02-14 0:00:00', '2022-02-16', '2022-02-22', 10000),
       (165, 338, 211, 155, '2024-08-24 0:00:00', '2024-08-30', '2024-09-02', 1686000),
       (166, 430, 821, 53, '2024-05-17 0:00:00', '2024-05-27', '2024-06-06', 1287000),
       (167, 642, 392, 3, '2021-07-13 0:00:00', '2021-07-23', '2021-08-01', 283000),
       (168, 512, 914, 190, '2018-10-05 0:00:00', '2018-10-08', '2018-10-10', 807000),
       (169, 251, 537, 20, '2024-06-03 0:00:00', '2024-06-13', '2024-06-15', 977000),
       (170, 601, 465, 175, '2025-02-04 0:00:00', '2025-02-12', '2025-02-21', 553000),
       (171, 411, 734, 174, '2023-08-14 0:00:00', '2023-08-24', '2023-08-25', 995000),
       (172, 151, 813, 117, '2019-08-02 0:00:00', '2019-08-09', '2019-08-18', 365000),
       (173, 640, 383, 82, '2021-07-06 0:00:00', '2021-07-08', '2021-07-13', 603000),
       (174, 609, 566, 192, '2024-03-30 0:00:00', '2024-04-03', '2024-04-07', 47000),
       (175, 636, 90, 97, '2024-12-28 0:00:00', '2025-01-01', '2025-01-08', 741000),
       (176, 649, 965, 90, '2019-12-23 0:00:00', '2020-01-01', '2020-01-05', 238000),
       (177, 120, 524, 184, '2024-08-05 0:00:00', '2024-08-12', '2024-08-18', 505000),
       (178, 182, 729, 69, '2023-03-11 0:00:00', '2023-03-21', '2023-03-22', 683000),
       (179, 387, 19, 42, '2020-12-05 0:00:00', '2020-12-14', '2020-12-22', 264000),
       (180, 46, 995, 86, '2023-01-23 0:00:00', '2023-01-28', '2023-02-06', 113000),
       (181, 437, 9, 157, '2019-06-14 0:00:00', '2019-06-18', '2019-06-23', 940000),
       (182, 44, 102, 118, '2022-11-28 0:00:00', '2022-12-04', '2022-12-10', 1663000),
       (183, 331, 648, 167, '2019-03-31 0:00:00', '2019-04-03', '2019-04-08', 101000),
       (184, 159, 827, 141, '2021-06-01 0:00:00', '2021-06-11', '2021-06-21', 838000),
       (185, 161, 454, 22, '2023-09-05 0:00:00', '2023-09-10', '2023-09-15', 675000),
       (186, 562, 535, 67, '2021-06-18 0:00:00', '2021-06-25', '2021-06-28', 568000),
       (187, 255, 126, 43, '2023-06-10 0:00:00', '2023-06-13', '2023-06-23', 64000),
       (188, 76, 733, 176, '2020-07-12 0:00:00', '2020-07-20', '2020-07-23', 392000),
       (189, 410, 891, 88, '2024-10-13 0:00:00', '2024-10-15', '2024-10-23', 639000),
       (190, 238, 301, 73, '2024-08-08 0:00:00', '2024-08-15', '2024-08-16', 768000),
       (191, 527, 235, 91, '2021-04-18 0:00:00', '2021-04-23', '2021-05-02', 842000),
       (192, 302, 590, 38, '2023-01-24 0:00:00', '2023-02-03', '2023-02-06', 735000),
       (193, 625, 13, 13, '2022-07-17 0:00:00', '2022-07-27', '2022-08-05', 412000),
       (194, 451, 28, 115, '2024-03-05 0:00:00', '2024-03-13', '2024-03-17', 145000),
       (195, 414, 636, 25, '2022-04-09 0:00:00', '2022-04-14', '2022-04-16', 913000),
       (196, 621, 14, 87, '2023-02-22 0:00:00', '2023-03-03', '2023-03-11', 467000),
       (197, 57, 947, 125, '2023-09-28 0:00:00', '2023-10-04', '2023-10-14', 174000),
       (198, 651, 929, 152, '2023-09-10 0:00:00', '2023-09-11', '2023-09-17', 366000),
       (199, 177, 152, 10, '2022-08-17 0:00:00', '2022-08-20', '2022-08-25', 134000),
       (200, 348, 583, 89, '2022-12-13 0:00:00', '2022-12-15', '2022-12-16', 270000),
       (201, 291, 709, 69, '2022-12-22 0:00:00', '2022-12-25', '2023-01-02', 76000),
       (202, 329, 589, 163, '2020-10-05 0:00:00', '2020-10-11', '2020-10-17', 463000),
       (203, 82, 966, 153, '2023-09-19 0:00:00', '2023-09-27', '2023-09-28', 18000),
       (204, 258, 719, 113, '2020-05-14 0:00:00', '2020-05-15', '2020-05-16', 583000),
       (205, 444, 351, 144, '2021-04-02 0:00:00', '2021-04-03', '2021-04-04', 165000),
       (206, 108, 870, 14, '2023-10-09 0:00:00', '2023-10-19', '2023-10-25', 64000),
       (207, 632, 75, 4, '2022-11-14 0:00:00', '2022-11-19', '2022-11-23', 1368000),
       (208, 592, 436, 7, '2022-05-19 0:00:00', '2022-05-22', '2022-05-28', 733000),
       (209, 323, 33, 39, '2024-05-20 0:00:00', '2024-05-23', '2024-05-30', 1648000),
       (210, 300, 653, 92, '2021-05-01 0:00:00', '2021-05-10', '2021-05-14', 152000),
       (211, 524, 26, 118, '2021-06-11 0:00:00', '2021-06-12', '2021-06-17', 661000),
       (212, 6, 758, 86, '2023-05-29 0:00:00', '2023-05-31', '2023-06-10', 23000),
       (213, 203, 830, 144, '2024-03-27 0:00:00', '2024-03-28', '2024-03-31', 993000),
       (214, 197, 270, 72, '2021-04-25 0:00:00', '2021-05-02', '2021-05-04', 76000),
       (215, 501, 895, 136, '2023-06-12 0:00:00', '2023-06-14', '2023-06-17', 104000),
       (216, 180, 402, 49, '2019-10-13 0:00:00', '2019-10-17', '2019-10-22', 1033000),
       (217, 533, 137, 77, '2024-03-26 0:00:00', '2024-04-02', '2024-04-06', 1721000),
       (218, 393, 621, 190, '2020-08-14 0:00:00', '2020-08-17', '2020-08-22', 80000),
       (219, 551, 509, 123, '2022-01-16 0:00:00', '2022-01-25', '2022-02-02', 59000),
       (220, 651, 961, 193, '2021-10-25 0:00:00', '2021-11-02', '2021-11-08', 433000),
       (221, 23, 212, 78, '2018-12-16 0:00:00', '2018-12-19', '2018-12-26', 499000),
       (222, 354, 606, 34, '2020-06-10 0:00:00', '2020-06-14', '2020-06-15', 554000),
       (223, 242, 288, 94, '2023-03-01 0:00:00', '2023-03-07', '2023-03-08', 815000),
       (224, 189, 371, 164, '2021-03-05 0:00:00', '2021-03-06', '2021-03-14', 580000),
       (225, 188, 610, 147, '2024-04-19 0:00:00', '2024-04-25', '2024-04-29', 428000),
       (226, 45, 489, 62, '2021-12-07 0:00:00', '2021-12-16', '2021-12-24', 325000),
       (227, 201, 275, 16, '2024-11-07 0:00:00', '2024-11-14', '2024-11-19', 994000),
       (228, 453, 161, 60, '2019-12-29 0:00:00', '2020-01-01', '2020-01-06', 59000),
       (229, 451, 680, 176, '2024-01-12 0:00:00', '2024-01-15', '2024-01-17', 385000),
       (230, 463, 352, 188, '2024-05-24 0:00:00', '2024-06-03', '2024-06-11', 348000),
       (231, 628, 484, 75, '2020-12-02 0:00:00', '2020-12-03', '2020-12-07', 166000),
       (232, 597, 750, 28, '2021-07-08 0:00:00', '2021-07-14', '2021-07-15', 434000),
       (233, 222, 872, 148, '2023-11-25 0:00:00', '2023-11-30', '2023-12-07', 733000),
       (234, 198, 565, 183, '2020-11-11 0:00:00', '2020-11-19', '2020-11-26', 363000),
       (235, 418, 820, 113, '2024-07-16 0:00:00', '2024-07-25', '2024-08-03', 871000),
       (236, 371, 874, 4, '2022-03-20 0:00:00', '2022-03-29', '2022-04-05', 6000),
       (237, 175, 935, 112, '2018-12-17 0:00:00', '2018-12-22', '2018-12-27', 275000),
       (238, 195, 728, 72, '2019-08-28 0:00:00', '2019-09-06', '2019-09-12', 365000),
       (239, 516, 16, 32, '2019-06-29 0:00:00', '2019-07-06', '2019-07-14', 18000),
       (240, 292, 398, 160, '2018-07-24 0:00:00', '2018-07-28', '2018-07-30', 1071000),
       (241, 617, 803, 173, '2023-04-01 0:00:00', '2023-04-09', '2023-04-18', 158000),
       (242, 449, 716, 18, '2022-11-05 0:00:00', '2022-11-08', '2022-11-15', 1319000),
       (243, 479, 39, 46, '2021-11-14 0:00:00', '2021-11-24', '2021-11-27', 447000),
       (244, 493, 226, 79, '2021-07-23 0:00:00', '2021-08-01', '2021-08-03', 1117000),
       (245, 307, 593, 181, '2023-12-09 0:00:00', '2023-12-17', '2023-12-18', 97000),
       (246, 526, 374, 151, '2021-06-29 0:00:00', '2021-07-03', '2021-07-09', 332000),
       (247, 631, 147, 53, '2019-02-28 0:00:00', '2019-03-04', '2019-03-12', 1404000),
       (248, 651, 791, 31, '2020-05-31 0:00:00', '2020-06-10', '2020-06-14', 1053000),
       (249, 30, 994, 40, '2020-04-18 0:00:00', '2020-04-25', '2020-05-03', 366000),
       (250, 581, 627, 119, '2022-06-06 0:00:00', '2022-06-10', '2022-06-18', 46000),
       (251, 151, 826, 105, '2019-02-03 0:00:00', '2019-02-05', '2019-02-08', 37000),
       (252, 500, 460, 165, '2021-10-21 0:00:00', '2021-10-29', '2021-10-30', 249000),
       (253, 269, 414, 173, '2020-05-19 0:00:00', '2020-05-21', '2020-05-26', 33000),
       (254, 282, 740, 98, '2023-01-22 0:00:00', '2023-01-30', '2023-02-06', 1127000),
       (255, 453, 116, 106, '2019-12-04 0:00:00', '2019-12-05', '2019-12-11', 807000),
       (256, 654, 848, 78, '2020-09-27 0:00:00', '2020-10-02', '2020-10-05', 16000),
       (257, 105, 944, 114, '2018-11-15 0:00:00', '2018-11-23', '2018-11-29', 1161000),
       (258, 398, 507, 166, '2018-06-09 0:00:00', '2018-06-17', '2018-06-22', 768000),
       (259, 441, 395, 164, '2022-08-17 0:00:00', '2022-08-24', '2022-09-01', 1003000),
       (260, 263, 386, 55, '2022-02-25 0:00:00', '2022-03-07', '2022-03-16', 1186000),
       (261, 210, 675, 170, '2023-12-30 0:00:00', '2024-01-05', '2024-01-10', 391000),
       (262, 392, 799, 16, '2022-12-30 0:00:00', '2023-01-07', '2023-01-11', 97000),
       (263, 85, 833, 106, '2020-10-02 0:00:00', '2020-10-03', '2020-10-10', 246000),
       (264, 355, 931, 159, '2023-10-26 0:00:00', '2023-10-27', '2023-11-04', 574000),
       (265, 387, 369, 81, '2019-02-18 0:00:00', '2019-02-22', '2019-02-28', 336000),
       (266, 324, 647, 177, '2019-07-15 0:00:00', '2019-07-25', '2019-07-26', 170000),
       (267, 488, 485, 134, '2020-06-06 0:00:00', '2020-06-16', '2020-06-24', 1152000),
       (268, 457, 409, 104, '2023-01-08 0:00:00', '2023-01-18', '2023-01-25', 75000),
       (269, 497, 277, 25, '2022-04-06 0:00:00', '2022-04-10', '2022-04-12', 493000),
       (270, 254, 412, 35, '2020-12-03 0:00:00', '2020-12-10', '2020-12-14', 776000),
       (271, 367, 594, 42, '2019-03-16 0:00:00', '2019-03-26', '2019-03-28', 1159000),
       (272, 63, 520, 119, '2021-01-03 0:00:00', '2021-01-08', '2021-01-12', 148000),
       (273, 226, 469, 146, '2020-04-22 0:00:00', '2020-04-27', '2020-05-07', 744000),
       (274, 145, 473, 189, '2018-04-13 0:00:00', '2018-04-14', '2018-04-22', 1272000),
       (275, 274, 232, 93, '2020-12-20 0:00:00', '2020-12-26', '2021-01-05', 482000),
       (276, 486, 904, 172, '2023-05-06 0:00:00', '2023-05-10', '2023-05-11', 1162000),
       (277, 343, 343, 105, '2020-04-24 0:00:00', '2020-05-01', '2020-05-02', 1508000),
       (278, 342, 24, 197, '2024-01-22 0:00:00', '2024-01-28', '2024-02-07', 40000),
       (279, 387, 628, 107, '2022-05-11 0:00:00', '2022-05-13', '2022-05-18', 526000),
       (280, 595, 954, 61, '2020-03-17 0:00:00', '2020-03-21', '2020-03-27', 512000),
       (281, 415, 32, 39, '2023-03-06 0:00:00', '2023-03-11', '2023-03-19', 838000),
       (282, 555, 444, 108, '2021-02-25 0:00:00', '2021-02-28', '2021-03-06', 229000),
       (283, 422, 717, 15, '2019-01-28 0:00:00', '2019-02-04', '2019-02-07', 1236000),
       (284, 137, 941, 16, '2022-11-27 0:00:00', '2022-12-04', '2022-12-13', 393000),
       (285, 473, 691, 4, '2020-09-15 0:00:00', '2020-09-20', '2020-09-24', 225000),
       (286, 277, 21, 158, '2025-01-03 0:00:00', '2025-01-04', '2025-01-11', 616000),
       (287, 314, 844, 43, '2023-10-31 0:00:00', '2023-11-03', '2023-11-05', 1775000),
       (288, 83, 888, 47, '2024-01-12 0:00:00', '2024-01-15', '2024-01-16', 38000),
       (289, 170, 789, 7, '2021-03-11 0:00:00', '2021-03-18', '2021-03-27', 118000),
       (290, 621, 144, 180, '2024-12-06 0:00:00', '2024-12-10', '2024-12-20', 255000),
       (291, 46, 56, 94, '2019-05-04 0:00:00', '2019-05-10', '2019-05-18', 508000),
       (292, 594, 45, 160, '2019-09-16 0:00:00', '2019-09-20', '2019-09-30', 938000),
       (293, 630, 890, 156, '2018-12-06 0:00:00', '2018-12-11', '2018-12-15', 372000),
       (294, 214, 971, 164, '2018-03-03 0:00:00', '2018-03-09', '2018-03-17', 1163000),
       (295, 127, 415, 61, '2021-06-21 0:00:00', '2021-06-30', '2021-07-04', 1587000),
       (296, 251, 920, 171, '2023-03-26 0:00:00', '2023-03-27', '2023-03-30', 134000),
       (297, 411, 316, 89, '2018-10-30 0:00:00', '2018-11-07', '2018-11-14', 483000),
       (298, 189, 188, 172, '2024-01-26 0:00:00', '2024-02-02', '2024-02-06', 77000),
       (299, 375, 677, 76, '2020-11-12 0:00:00', '2020-11-13', '2020-11-23', 11000),
       (300, 367, 338, 34, '2020-01-18 0:00:00', '2020-01-21', '2020-01-29', 570000),
       (301, 471, 167, 26, '2025-02-01 0:00:00', '2025-02-07', '2025-02-08', 533000),
       (302, 361, 184, 184, '2022-03-04 0:00:00', '2022-03-05', '2022-03-11', 1447000),
       (303, 172, 572, 114, '2020-11-20 0:00:00', '2020-11-24', '2020-12-01', 1748000),
       (304, 176, 883, 178, '2018-10-10 0:00:00', '2018-10-16', '2018-10-19', 79000),
       (305, 464, 262, 39, '2020-05-13 0:00:00', '2020-05-18', '2020-05-26', 462000),
       (306, 587, 43, 29, '2024-04-23 0:00:00', '2024-04-30', '2024-05-10', 211000),
       (307, 217, 362, 32, '2021-11-03 0:00:00', '2021-11-10', '2021-11-11', 904000),
       (308, 29, 533, 43, '2020-07-03 0:00:00', '2020-07-11', '2020-07-12', 1322000),
       (309, 516, 957, 19, '2021-12-08 0:00:00', '2021-12-13', '2021-12-20', 438000),
       (310, 530, 899, 160, '2019-07-03 0:00:00', '2019-07-05', '2019-07-13', 77000),
       (311, 658, 668, 116, '2022-06-15 0:00:00', '2022-06-16', '2022-06-20', 734000),
       (312, 420, 906, 51, '2018-08-09 0:00:00', '2018-08-16', '2018-08-18', 458000),
       (313, 215, 786, 3, '2024-06-19 0:00:00', '2024-06-25', '2024-07-01', 188000),
       (314, 285, 671, 107, '2023-08-23 0:00:00', '2023-08-29', '2023-09-05', 96000),
       (315, 235, 915, 152, '2019-03-25 0:00:00', '2019-03-29', '2019-04-08', 1650000),
       (316, 386, 624, 68, '2020-05-07 0:00:00', '2020-05-16', '2020-05-18', 280000),
       (317, 382, 70, 181, '2018-07-28 0:00:00', '2018-07-29', '2018-08-04', 83000),
       (318, 402, 216, 131, '2023-08-07 0:00:00', '2023-08-14', '2023-08-23', 740000),
       (319, 158, 245, 165, '2023-01-14 0:00:00', '2023-01-24', '2023-01-30', 1030000),
       (320, 596, 314, 64, '2020-09-23 0:00:00', '2020-10-02', '2020-10-07', 158000),
       (321, 453, 249, 46, '2021-01-03 0:00:00', '2021-01-08', '2021-01-10', 161000),
       (322, 649, 811, 9, '2024-06-29 0:00:00', '2024-07-07', '2024-07-09', 355000),
       (323, 77, 163, 16, '2023-06-07 0:00:00', '2023-06-13', '2023-06-14', 552000),
       (324, 86, 187, 14, '2022-06-17 0:00:00', '2022-06-25', '2022-07-03', 762000),
       (325, 267, 148, 45, '2021-09-03 0:00:00', '2021-09-13', '2021-09-17', 101000),
       (326, 417, 942, 94, '2025-03-01 0:00:00', '2025-03-06', '2025-03-12', 228000),
       (327, 87, 637, 89, '2020-07-26 0:00:00', '2020-08-01', '2020-08-09', 183000),
       (328, 66, 115, 35, '2021-03-26 0:00:00', '2021-04-04', '2021-04-11', 34000),
       (329, 601, 755, 130, '2022-08-02 0:00:00', '2022-08-04', '2022-08-10', 1492000),
       (330, 480, 970, 96, '2023-01-20 0:00:00', '2023-01-24', '2023-01-28', 775000),
       (331, 493, 372, 200, '2018-09-29 0:00:00', '2018-10-02', '2018-10-08', 445000),
       (332, 606, 836, 79, '2024-09-25 0:00:00', '2024-10-04', '2024-10-06', 313000),
       (333, 382, 327, 178, '2019-12-17 0:00:00', '2019-12-23', '2020-01-02', 420000),
       (334, 326, 996, 161, '2020-12-11 0:00:00', '2020-12-12', '2020-12-21', 984000),
       (335, 397, 705, 143, '2018-07-15 0:00:00', '2018-07-17', '2018-07-23', 64000),
       (336, 571, 66, 26, '2023-12-07 0:00:00', '2023-12-10', '2023-12-20', 1961000),
       (337, 384, 285, 112, '2022-05-12 0:00:00', '2022-05-13', '2022-05-23', 1168000),
       (338, 197, 382, 5, '2024-02-16 0:00:00', '2024-02-17', '2024-02-26', 755000),
       (339, 614, 682, 136, '2023-04-20 0:00:00', '2023-04-27', '2023-05-07', 283000),
       (340, 565, 100, 29, '2019-05-21 0:00:00', '2019-05-24', '2019-05-31', 341000),
       (341, 466, 98, 95, '2022-11-11 0:00:00', '2022-11-15', '2022-11-22', 1541000),
       (342, 321, 207, 3, '2019-02-08 0:00:00', '2019-02-09', '2019-02-14', 53000),
       (343, 140, 387, 34, '2024-04-05 0:00:00', '2024-04-08', '2024-04-18', 881000),
       (344, 202, 643, 38, '2019-02-01 0:00:00', '2019-02-04', '2019-02-09', 99000),
       (345, 9, 429, 89, '2019-08-23 0:00:00', '2019-08-26', '2019-08-31', 1709000),
       (346, 190, 370, 94, '2019-12-24 0:00:00', '2019-12-25', '2020-01-01', 1694000),
       (347, 193, 77, 158, '2023-12-10 0:00:00', '2023-12-18', '2023-12-26', 5000),
       (348, 114, 457, 128, '2020-08-22 0:00:00', '2020-08-30', '2020-09-02', 25000),
       (349, 393, 554, 172, '2018-07-04 0:00:00', '2018-07-12', '2018-07-14', 746000),
       (350, 541, 1, 40, '2023-11-14 0:00:00', '2023-11-20', '2023-11-22', 158000),
       (351, 309, 847, 21, '2023-06-08 0:00:00', '2023-06-09', '2023-06-14', 1503000),
       (352, 501, 678, 98, '2018-10-14 0:00:00', '2018-10-21', '2018-10-26', 953000),
       (353, 256, 600, 87, '2022-03-13 0:00:00', '2022-03-17', '2022-03-19', 58000),
       (354, 153, 437, 120, '2022-12-11 0:00:00', '2022-12-19', '2022-12-29', 630000),
       (355, 74, 474, 180, '2019-10-16 0:00:00', '2019-10-19', '2019-10-28', 710000),
       (356, 202, 945, 137, '2019-05-10 0:00:00', '2019-05-11', '2019-05-12', 99000),
       (357, 525, 875, 50, '2020-03-22 0:00:00', '2020-03-29', '2020-04-06', 901000),
       (358, 163, 194, 124, '2018-09-10 0:00:00', '2018-09-16', '2018-09-20', 51000),
       (359, 592, 736, 176, '2019-03-29 0:00:00', '2019-04-02', '2019-04-08', 1123000),
       (360, 317, 958, 68, '2023-07-13 0:00:00', '2023-07-14', '2023-07-24', 140000),
       (361, 540, 217, 81, '2022-06-10 0:00:00', '2022-06-11', '2022-06-16', 825000),
       (362, 483, 775, 161, '2023-11-08 0:00:00', '2023-11-13', '2023-11-14', 250000),
       (363, 184, 660, 46, '2019-07-18 0:00:00', '2019-07-20', '2019-07-29', 891000),
       (364, 179, 695, 187, '2021-07-19 0:00:00', '2021-07-23', '2021-07-28', 1304000),
       (365, 487, 265, 197, '2023-03-12 0:00:00', '2023-03-15', '2023-03-17', 1037000),
       (366, 329, 129, 14, '2024-02-26 0:00:00', '2024-03-02', '2024-03-09', 592000),
       (367, 281, 989, 29, '2023-12-28 0:00:00', '2024-01-01', '2024-01-05', 892000),
       (368, 477, 31, 159, '2021-09-12 0:00:00', '2021-09-14', '2021-09-17', 200000),
       (369, 282, 339, 148, '2021-01-17 0:00:00', '2021-01-19', '2021-01-29', 758000),
       (370, 180, 291, 54, '2023-12-26 0:00:00', '2023-12-31', '2024-01-05', 164000),
       (371, 491, 959, 101, '2020-08-21 0:00:00', '2020-08-31', '2020-09-09', 12000),
       (372, 309, 605, 142, '2023-10-26 0:00:00', '2023-10-27', '2023-10-29', 381000),
       (373, 410, 599, 89, '2021-10-05 0:00:00', '2021-10-14', '2021-10-17', 313000),
       (374, 166, 41, 93, '2019-02-12 0:00:00', '2019-02-22', '2019-03-04', 1033000),
       (375, 366, 40, 67, '2019-12-26 0:00:00', '2019-12-29', '2020-01-02', 348000),
       (376, 630, 230, 187, '2024-03-31 0:00:00', '2024-04-08', '2024-04-15', 6000),
       (377, 418, 986, 86, '2023-08-11 0:00:00', '2023-08-16', '2023-08-23', 988000),
       (378, 445, 864, 150, '2019-01-05 0:00:00', '2019-01-13', '2019-01-21', 138000),
       (379, 146, 990, 54, '2024-05-16 0:00:00', '2024-05-22', '2024-05-27', 972000),
       (380, 561, 379, 138, '2022-11-14 0:00:00', '2022-11-24', '2022-12-02', 234000),
       (381, 3, 422, 16, '2019-04-12 0:00:00', '2019-04-14', '2019-04-22', 824000),
       (382, 601, 937, 10, '2022-04-12 0:00:00', '2022-04-15', '2022-04-17', 102000),
       (383, 1, 85, 3, '2021-02-13 0:00:00', '2021-02-15', '2021-02-23', 1561000),
       (384, 17, 723, 196, '2021-02-08 0:00:00', '2021-02-10', '2021-02-13', 173000),
       (385, 340, 544, 56, '2024-04-28 0:00:00', '2024-05-01', '2024-05-06', 528000),
       (386, 652, 973, 87, '2020-03-22 0:00:00', '2020-03-27', '2020-04-04', 203000),
       (387, 120, 10, 37, '2022-06-28 0:00:00', '2022-06-30', '2022-07-04', 84000),
       (388, 277, 763, 94, '2021-08-10 0:00:00', '2021-08-19', '2021-08-20', 424000),
       (389, 364, 926, 181, '2020-11-05 0:00:00', '2020-11-13', '2020-11-19', 4000),
       (390, 54, 67, 183, '2022-04-09 0:00:00', '2022-04-16', '2022-04-17', 433000),
       (391, 446, 195, 82, '2023-07-17 0:00:00', '2023-07-20', '2023-07-25', 240000),
       (392, 533, 333, 186, '2021-12-27 0:00:00', '2022-01-06', '2022-01-15', 715000),
       (393, 94, 664, 5, '2018-08-23 0:00:00', '2018-08-28', '2018-09-01', 341000),
       (394, 612, 523, 56, '2019-05-13 0:00:00', '2019-05-15', '2019-05-23', 542000),
       (395, 276, 283, 134, '2021-01-15 0:00:00', '2021-01-20', '2021-01-28', 1392000),
       (396, 312, 492, 26, '2018-04-17 0:00:00', '2018-04-24', '2018-04-26', 274000),
       (397, 46, 562, 58, '2022-07-31 0:00:00', '2022-08-09', '2022-08-13', 1407000),
       (398, 469, 493, 126, '2022-11-12 0:00:00', '2022-11-21', '2022-11-26', 275000),
       (399, 216, 917, 124, '2019-12-22 0:00:00', '2020-01-01', '2020-01-04', 507000),
       (400, 141, 186, 21, '2021-10-13 0:00:00', '2021-10-17', '2021-10-21', 692000),
       (401, 349, 526, 172, '2021-12-17 0:00:00', '2021-12-23', '2021-12-25', 889000),
       (402, 386, 447, 57, '2019-11-16 0:00:00', '2019-11-20', '2019-11-30', 195000),
       (403, 504, 258, 148, '2022-11-16 0:00:00', '2022-11-22', '2022-11-29', 474000),
       (404, 573, 78, 164, '2023-11-20 0:00:00', '2023-11-21', '2023-11-29', 1005000),
       (405, 148, 464, 14, '2025-04-06 0:00:00', '2025-04-12', '2025-04-18', 322000),
       (406, 435, 273, 101, '2022-12-31 0:00:00', '2023-01-09', '2023-01-17', 225000),
       (407, 362, 428, 42, '2019-05-18 0:00:00', '2019-05-25', '2019-06-03', 173000),
       (408, 627, 956, 157, '2022-03-17 0:00:00', '2022-03-22', '2022-03-31', 176000),
       (409, 41, 595, 169, '2025-01-08 0:00:00', '2025-01-18', '2025-01-27', 321000),
       (410, 400, 919, 30, '2021-05-12 0:00:00', '2021-05-21', '2021-05-31', 392000),
       (411, 48, 952, 66, '2019-06-19 0:00:00', '2019-06-26', '2019-07-01', 271000),
       (412, 627, 388, 166, '2023-11-21 0:00:00', '2023-11-27', '2023-11-28', 489000),
       (413, 417, 731, 78, '2022-01-20 0:00:00', '2022-01-30', '2022-02-03', 739000),
       (414, 111, 500, 180, '2021-12-04 0:00:00', '2021-12-11', '2021-12-16', 580000),
       (415, 162, 639, 85, '2020-04-25 0:00:00', '2020-04-29', '2020-05-06', 129000),
       (416, 146, 206, 123, '2018-06-15 0:00:00', '2018-06-21', '2018-06-22', 88000),
       (417, 347, 894, 183, '2024-10-28 0:00:00', '2024-11-05', '2024-11-15', 1160000),
       (418, 604, 12, 114, '2020-11-09 0:00:00', '2020-11-13', '2020-11-19', 1345000),
       (419, 620, 840, 17, '2021-09-04 0:00:00', '2021-09-07', '2021-09-11', 849000),
       (420, 398, 154, 118, '2021-04-30 0:00:00', '2021-05-02', '2021-05-11', 694000),
       (421, 223, 561, 137, '2022-06-04 0:00:00', '2022-06-10', '2022-06-19', 137000),
       (422, 114, 118, 17, '2023-10-11 0:00:00', '2023-10-18', '2023-10-26', 72000),
       (423, 31, 449, 81, '2020-07-15 0:00:00', '2020-07-16', '2020-07-23', 75000),
       (424, 61, 219, 95, '2023-04-26 0:00:00', '2023-05-05', '2023-05-10', 1916000),
       (425, 458, 131, 123, '2019-02-01 0:00:00', '2019-02-07', '2019-02-13', 101000),
       (426, 370, 296, 53, '2020-10-15 0:00:00', '2020-10-22', '2020-10-23', 75000),
       (427, 516, 376, 154, '2023-12-04 0:00:00', '2023-12-08', '2023-12-13', 248000),
       (428, 563, 754, 178, '2022-01-11 0:00:00', '2022-01-20', '2022-01-24', 240000),
       (429, 485, 317, 16, '2024-01-17 0:00:00', '2024-01-23', '2024-01-27', 17000),
       (430, 146, 292, 169, '2024-09-03 0:00:00', '2024-09-07', '2024-09-15', 822000),
       (431, 547, 539, 123, '2019-08-21 0:00:00', '2019-08-24', '2019-09-01', 710000),
       (432, 95, 788, 200, '2022-07-26 0:00:00', '2022-08-05', '2022-08-06', 174000),
       (433, 379, 609, 179, '2019-04-05 0:00:00', '2019-04-06', '2019-04-10', 661000),
       (434, 559, 295, 96, '2020-03-22 0:00:00', '2020-03-26', '2020-04-02', 276000),
       (435, 528, 936, 84, '2021-03-04 0:00:00', '2021-03-10', '2021-03-15', 903000),
       (436, 653, 175, 106, '2023-03-12 0:00:00', '2023-03-20', '2023-03-23', 1161000),
       (437, 667, 615, 31, '2019-04-15 0:00:00', '2019-04-25', '2019-05-05', 140000),
       (438, 517, 276, 151, '2024-10-02 0:00:00', '2024-10-03', '2024-10-07', 615000),
       (439, 157, 3, 42, '2023-10-10 0:00:00', '2023-10-20', '2023-10-25', 55000),
       (440, 130, 456, 130, '2022-05-10 0:00:00', '2022-05-16', '2022-05-25', 736000),
       (441, 193, 266, 78, '2020-07-31 0:00:00', '2020-08-08', '2020-08-15', 662000),
       (442, 635, 289, 163, '2023-06-23 0:00:00', '2023-07-01', '2023-07-08', 52000),
       (443, 178, 179, 111, '2024-05-09 0:00:00', '2024-05-10', '2024-05-19', 107000),
       (444, 13, 227, 108, '2018-07-18 0:00:00', '2018-07-19', '2018-07-26', 380000),
       (445, 508, 718, 191, '2021-03-20 0:00:00', '2021-03-29', '2021-04-08', 1537000),
       (446,225,1001,118,'2024-06-22 00:03:00','2024-06-24','2024-07-01',706000),
       (447,394,1002,107,'2024-06-11 05:44:07','2024-06-13','2024-06-23',112000),
       (448,508,1003,145,'2024-06-11 08:06:04','2024-06-14','2024-06-20',1673000),
       (449,547,1004,36,'2024-06-20 05:05:26','2024-06-28','2024-07-02',1565000),
       (450,304,1005,153,'2024-06-15 03:31:24','2024-06-23','2024-06-28',344000),
       (451,135,1006,198,'2024-06-22 23:48:40','2024-07-01','2024-07-02',594000),
       (452,556,1007,42,'2024-06-07 15:54:26','2024-06-16','2024-06-25',52000),
       (453,256,1008,123,'2024-06-29 23:22:43','2024-07-03','2024-07-11',838000),
       (454,299,1009,141,'2024-06-13 19:38:04','2024-06-20','2024-06-24',95000),
       (455,29,1010,51,'2024-06-28 11:44:23','2024-06-30','2024-07-08',102000),
       (456,248,1011,130,'2024-06-03 21:49:35','2024-06-06','2024-06-07',374000),
       (457,172,1012,47,'2024-06-21 23:45:56','2024-06-28','2024-07-05',557000),
       (458,554,1013,79,'2024-06-14 14:43:47','2024-06-24','2024-07-03',298000),
       (459,586,1014,78,'2024-06-27 17:02:23','2024-06-28','2024-07-06',564000),
       (460,2,1015,65,'2024-06-09 01:13:34','2024-06-17','2024-06-19',1070000),
       (461,550,1016,154,'2024-06-21 12:30:31','2024-06-23','2024-06-28',521000),
       (462,323,1017,59,'2024-06-20 14:49:44','2024-06-24','2024-06-29',169000),
       (463,288,1018,45,'2024-06-09 10:32:28','2024-06-10','2024-06-12',355000),
       (464,64,1019,113,'2024-06-17 15:05:49','2024-06-19','2024-06-29',143000),
       (465,578,1020,128,'2024-06-24 17:45:58','2024-06-27','2024-06-28',690000),
       (466,139,1021,34,'2024-06-12 18:03:20','2024-06-18','2024-06-25',707000),
       (467,389,1022,167,'2024-06-16 12:21:53','2024-06-19','2024-06-25',1111000),
       (468,511,1023,158,'2024-06-02 16:09:11','2024-06-03','2024-06-11',183000),
       (469,96,1024,63,'2024-06-15 10:04:29','2024-06-18','2024-06-22',89000),
       (470,391,1025,61,'2024-06-13 19:02:27','2024-06-18','2024-06-28',732000),
       (471,134,1026,85,'2024-06-05 11:51:21','2024-06-06','2024-06-11',247000),
       (472,290,1027,41,'2024-06-17 03:07:43','2024-06-27','2024-07-02',1080000),
       (473,46,1028,103,'2024-06-11 21:13:09','2024-06-12','2024-06-13',37000),
       (474,30,1029,50,'2024-06-22 13:10:30','2024-06-26','2024-07-01',1291000),
       (475,207,1030,117,'2024-06-20 23:01:58','2024-06-26','2024-07-06',1032000),
       (476,158,1031,132,'2024-06-04 19:06:34','2024-06-06','2024-06-09',589000),
       (477,196,1032,26,'2024-06-28 14:52:12','2024-07-03','2024-07-13',325000),
       (478,337,1033,121,'2024-06-06 18:30:21','2024-06-10','2024-06-14',137000),
       (479,369,1034,48,'2024-06-11 00:17:55','2024-06-21','2024-06-25',131000),
       (480,95,1035,41,'2024-06-02 03:40:21','2024-06-08','2024-06-12',477000),
       (481,349,1036,188,'2024-06-28 10:25:08','2024-07-08','2024-07-18',712000),
       (482,378,1037,56,'2024-06-02 12:18:36','2024-06-07','2024-06-14',325000),
       (483,184,1038,59,'2024-06-29 03:46:37','2024-07-04','2024-07-14',252000),
       (484,610,1039,75,'2024-06-22 14:20:27','2024-07-01','2024-07-09',162000),
       (485,472,1040,17,'2024-06-13 21:59:22','2024-06-23','2024-07-01',260000),
       (486,176,1041,61,'2024-06-26 17:01:49','2024-07-05','2024-07-06',310000),
       (487,480,1042,76,'2024-06-18 04:55:33','2024-06-22','2024-06-26',634000),
       (488,382,1043,27,'2024-06-06 02:17:09','2024-06-12','2024-06-15',192000),
       (489,473,1044,199,'2024-06-07 17:39:16','2024-06-15','2024-06-23',1129000),
       (490,253,1045,139,'2024-06-13 08:25:39','2024-06-22','2024-07-01',50000),
       (491,604,1046,9,'2024-06-12 22:51:44','2024-06-14','2024-06-21',458000),
       (492,366,1047,197,'2024-06-03 06:02:27','2024-06-07','2024-06-08',692000),
       (493,246,1048,22,'2024-06-26 10:40:27','2024-07-01','2024-07-07',399000),
       (494,170,1049,100,'2024-06-17 20:01:09','2024-06-27','2024-07-02',159000),
       (495,463,1050,86,'2024-06-28 03:07:20','2024-07-02','2024-07-05',983000),
       (496,646,1051,31,'2024-06-13 00:02:28','2024-06-18','2024-06-25',4000),
       (497,241,1052,33,'2024-06-15 01:39:10','2024-06-18','2024-06-26',379000),
       (498,388,1053,72,'2024-06-27 08:04:48','2024-07-06','2024-07-14',299000),
       (499,245,1054,177,'2024-06-24 14:09:40','2024-06-25','2024-07-04',454000),
       (500,240,1055,83,'2024-06-06 05:37:12','2024-06-12','2024-06-19',91000),
       (501,13,1056,57,'2024-06-13 06:18:32','2024-06-17','2024-06-18',406000),
       (502,564,1057,44,'2024-06-20 14:59:55','2024-06-30','2024-07-04',294000),
       (503,250,1058,170,'2024-06-09 03:17:10','2024-06-14','2024-06-22',504000),
       (504,317,1059,182,'2024-06-22 15:30:54','2024-06-27','2024-07-02',328000),
       (505,232,1060,149,'2024-06-20 00:10:03','2024-06-25','2024-06-29',897000),
       (506,483,1061,1,'2024-06-28 07:20:49','2024-07-03','2024-07-13',863000),
       (507,81,1062,32,'2024-06-29 19:01:13','2024-07-01','2024-07-07',124000),
       (508,535,1063,107,'2024-06-26 13:08:50','2024-07-02','2024-07-04',133000),
       (509,653,1064,20,'2024-06-22 22:54:04','2024-07-02','2024-07-08',743000),
       (510,355,1065,66,'2024-06-10 22:37:33','2024-06-12','2024-06-18',67000),
       (511,127,1066,86,'2024-06-21 07:26:06','2024-07-01','2024-07-02',308000),
       (512,234,1067,105,'2024-06-15 00:58:24','2024-06-20','2024-06-27',71000),
       (513,538,1068,43,'2024-06-16 00:09:41','2024-06-17','2024-06-19',57000),
       (514,223,1069,199,'2024-06-07 06:47:34','2024-06-13','2024-06-21',1333000),
       (515,253,1070,27,'2024-06-17 03:08:36','2024-06-24','2024-06-27',657000),
       (516,389,1071,1,'2024-06-01 09:56:15','2024-06-08','2024-06-15',688000),
       (517,540,1072,46,'2024-06-25 16:01:18','2024-07-04','2024-07-08',412000),
       (518,126,1073,172,'2024-06-24 14:17:10','2024-07-03','2024-07-13',12000),
       (519,621,1074,53,'2024-06-22 09:02:10','2024-06-30','2024-07-04',95000),
       (520,87,1075,7,'2024-06-22 22:40:58','2024-06-29','2024-07-07',343000),
       (521,431,1076,155,'2024-06-10 22:37:48','2024-06-16','2024-06-20',1756000),
       (522,231,1077,96,'2024-06-01 22:47:19','2024-06-03','2024-06-13',42000),
       (523,120,1078,61,'2024-06-11 05:26:29','2024-06-16','2024-06-25',91000),
       (524,218,1079,114,'2024-06-16 13:45:26','2024-06-26','2024-06-30',24000),
       (525,220,1080,135,'2024-06-22 04:24:43','2024-06-26','2024-06-29',534000),
       (526,298,1081,91,'2024-06-23 04:22:55','2024-06-24','2024-06-28',496000),
       (527,143,1082,153,'2024-06-23 19:28:55','2024-07-01','2024-07-06',966000),
       (528,458,1083,145,'2024-06-17 18:25:28','2024-06-25','2024-07-05',814000),
       (529,268,1084,177,'2024-06-14 12:29:45','2024-06-19','2024-06-21',1230000),
       (530,649,1085,159,'2024-06-06 00:14:42','2024-06-13','2024-06-17',117000),
       (531,182,1086,36,'2024-06-02 08:29:04','2024-06-11','2024-06-20',599000),
       (532,418,1087,128,'2024-06-18 15:09:40','2024-06-24','2024-06-26',1094000),
       (533,55,1088,139,'2024-06-09 18:05:37','2024-06-11','2024-06-19',9000),
       (534,81,1089,102,'2024-06-19 12:03:36','2024-06-28','2024-07-01',571000),
       (535,384,1090,148,'2024-06-28 12:09:10','2024-07-06','2024-07-14',864000),
       (536,1,1091,142,'2024-06-24 08:37:26','2024-06-30','2024-07-01',286000),
       (537,628,1092,162,'2024-06-19 23:46:45','2024-06-22','2024-06-26',693000),
       (538,202,1093,17,'2024-06-22 14:06:12','2024-06-29','2024-07-01',831000),
       (539,140,1094,194,'2024-06-09 09:54:40','2024-06-17','2024-06-19',260000),
       (540,584,1095,170,'2024-06-13 06:40:48','2024-06-17','2024-06-18',28000),
       (541,360,1096,129,'2024-06-03 18:44:55','2024-06-09','2024-06-12',20000),
       (542,490,1097,106,'2024-06-23 09:53:19','2024-07-03','2024-07-04',1384000),
       (543,168,1098,180,'2024-06-14 04:53:26','2024-06-16','2024-06-26',511000),
       (544,455,1099,38,'2024-06-17 22:15:23','2024-06-24','2024-06-30',380000),
       (545,514,1100,153,'2024-06-22 08:10:14','2024-07-02','2024-07-11',1125000),
       (546,461,1101,49,'2024-06-27 09:22:18','2024-07-01','2024-07-04',98000),
       (547,20,1102,93,'2024-06-16 05:34:46','2024-06-22','2024-06-25',726000),
       (548,532,1103,112,'2024-06-15 10:01:39','2024-06-23','2024-06-27',416000),
       (549,620,1104,83,'2024-06-25 14:06:07','2024-06-28','2024-06-30',313000),
       (550,349,1105,111,'2024-06-04 11:16:00','2024-06-12','2024-06-18',1447000),
       (551,660,1106,145,'2024-06-06 14:16:23','2024-06-10','2024-06-14',118000),
       (552,22,1107,135,'2024-06-04 07:04:56','2024-06-08','2024-06-10',658000),
       (553,241,1108,127,'2024-06-18 07:40:04','2024-06-21','2024-06-27',1253000),
       (554,518,1109,120,'2024-06-14 13:41:05','2024-06-22','2024-07-02',142000),
       (555,376,1110,32,'2024-06-07 07:40:31','2024-06-09','2024-06-10',781000),
       (556,191,1111,57,'2024-06-22 05:25:29','2024-06-28','2024-07-04',684000),
       (557,552,1112,50,'2024-06-20 04:49:03','2024-06-25','2024-06-28',590000),
       (558,434,1113,44,'2024-06-08 22:54:01','2024-06-18','2024-06-26',989000),
       (559,340,1114,197,'2024-06-11 09:02:09','2024-06-21','2024-06-22',102000),
       (560,573,1115,6,'2024-06-21 14:38:39','2024-06-30','2024-07-05',506000),
       (561,379,1116,54,'2024-06-11 03:27:42','2024-06-21','2024-06-22',5000),
       (562,199,1117,89,'2024-06-26 09:25:33','2024-07-02','2024-07-04',1633000),
       (563,54,1118,2,'2024-06-02 08:13:10','2024-06-09','2024-06-10',246000),
       (564,636,1119,13,'2024-06-13 11:35:11','2024-06-20','2024-06-21',616000),
       (565,131,1120,188,'2024-06-24 10:49:54','2024-07-02','2024-07-12',771000),
       (566,113,1121,126,'2024-06-18 15:53:29','2024-06-21','2024-06-23',1222000),
       (567,537,1122,191,'2024-06-04 15:17:35','2024-06-12','2024-06-19',158000),
       (568,201,1123,23,'2024-06-07 02:50:17','2024-06-10','2024-06-13',953000),
       (569,171,1124,17,'2024-06-07 23:38:12','2024-06-08','2024-06-15',672000),
       (570,183,1125,172,'2024-06-13 16:47:08','2024-06-16','2024-06-20',49000),
       (571,314,1126,176,'2024-06-10 17:52:17','2024-06-13','2024-06-22',779000),
       (572,80,1127,189,'2024-06-14 20:37:05','2024-06-19','2024-06-27',667000),
       (573,9,1128,20,'2024-06-17 22:17:28','2024-06-25','2024-06-30',563000),
       (574,227,1129,61,'2024-06-27 20:11:35','2024-07-01','2024-07-03',16000),
       (575,380,1130,191,'2024-06-01 02:53:02','2024-06-05','2024-06-10',338000),
       (576,258,1131,130,'2024-06-27 16:49:58','2024-07-02','2024-07-08',428000),
       (577,230,1132,82,'2024-06-19 00:04:24','2024-06-28','2024-07-02',261000),
       (578,91,1133,114,'2024-06-02 21:00:03','2024-06-11','2024-06-12',520000),
       (579,289,1134,171,'2024-06-09 06:27:13','2024-06-12','2024-06-17',373000),
       (580,155,1135,181,'2024-06-05 08:01:32','2024-06-06','2024-06-10',44000),
       (581,672,1136,117,'2024-06-25 14:43:00','2024-06-27','2024-06-29',341000),
       (582,66,1137,2,'2024-06-05 08:39:26','2024-06-07','2024-06-14',129000),
       (583,635,1138,152,'2024-06-07 07:44:18','2024-06-12','2024-06-13',315000),
       (584,355,1139,179,'2024-06-10 22:43:46','2024-06-18','2024-06-28',176000),
       (585,402,1140,129,'2024-06-03 03:33:41','2024-06-11','2024-06-15',536000),
       (586,235,1141,119,'2024-06-03 19:42:57','2024-06-13','2024-06-14',116000),
       (587,255,1142,106,'2024-06-29 21:45:51','2024-07-02','2024-07-11',300000),
       (588,349,1143,63,'2024-06-05 20:17:58','2024-06-11','2024-06-20',57000),
       (589,70,1144,170,'2024-06-06 12:19:42','2024-06-11','2024-06-16',773000),
       (590,664,1145,5,'2024-06-14 21:03:56','2024-06-23','2024-07-02',1339000),
       (591,320,1146,184,'2024-06-22 06:54:37','2024-06-26','2024-07-01',1045000),
       (592,326,1147,31,'2024-06-07 16:04:24','2024-06-13','2024-06-20',991000),
       (593,464,1148,115,'2024-06-22 09:37:12','2024-06-30','2024-07-10',90000),
       (594,541,1149,197,'2024-06-11 03:10:28','2024-06-16','2024-06-23',266000),
       (595,442,1150,132,'2024-06-12 15:23:14','2024-06-19','2024-06-24',216000),
       (596,44,1151,94,'2024-06-19 14:15:27','2024-06-29','2024-07-08',237000),
       (597,177,1152,121,'2024-06-29 23:37:54','2024-07-01','2024-07-05',233000),
       (598,218,1153,165,'2024-06-10 01:08:47','2024-06-16','2024-06-22',101000),
       (599,67,1154,84,'2024-06-01 21:59:21','2024-06-07','2024-06-17',1061000),
       (600,322,1155,87,'2024-06-04 16:45:13','2024-06-09','2024-06-11',638000),
       (601,355,1156,89,'2024-06-02 18:46:23','2024-06-04','2024-06-06',57000),
       (602,152,1157,69,'2024-06-27 17:59:32','2024-07-04','2024-07-05',249000),
       (603,225,1158,18,'2024-06-11 04:26:56','2024-06-19','2024-06-25',83000),
       (604,170,1159,178,'2024-06-08 02:27:21','2024-06-13','2024-06-21',654000),
       (605,244,1160,39,'2024-06-02 17:21:58','2024-06-11','2024-06-20',281000),
       (606,600,1161,139,'2024-06-06 14:04:27','2024-06-08','2024-06-09',931000),
       (607,673,1162,46,'2024-06-29 23:59:28','2024-07-09','2024-07-11',198000),
       (608,180,1163,138,'2024-06-28 23:48:39','2024-06-29','2024-07-08',84000),
       (609,273,1164,71,'2024-06-04 19:44:09','2024-06-13','2024-06-15',1088000),
       (610,210,1165,104,'2024-06-17 17:21:01','2024-06-19','2024-06-24',270000),
       (611,420,1166,177,'2024-06-24 14:40:05','2024-07-01','2024-07-09',43000),
       (612,25,1167,93,'2024-06-20 12:16:14','2024-06-25','2024-06-27',852000),
       (613,192,1168,108,'2024-06-23 05:42:37','2024-07-01','2024-07-04',428000),
       (614,129,1169,164,'2024-06-17 07:00:25','2024-06-23','2024-06-30',961000),
       (615,549,1170,54,'2024-06-10 21:22:41','2024-06-17','2024-06-27',650000),
       (616,162,1171,26,'2024-06-20 09:05:04','2024-06-29','2024-07-06',1313000),
       (617,274,1172,162,'2024-06-24 17:34:40','2024-07-04','2024-07-06',1176000),
       (618,444,1173,55,'2024-06-29 18:49:23','2024-07-04','2024-07-08',539000),
       (619,339,1174,193,'2024-06-28 01:23:38','2024-07-03','2024-07-05',1318000),
       (620,624,1175,78,'2024-06-08 12:10:34','2024-06-09','2024-06-19',270000),
       (621,48,1176,2,'2024-06-22 00:37:43','2024-06-26','2024-07-04',556000),
       (622,10,1177,9,'2024-06-14 11:52:34','2024-06-18','2024-06-22',534000),
       (623,286,1178,142,'2024-06-06 06:40:14','2024-06-15','2024-06-23',1644000),
       (624,79,1179,160,'2024-06-16 15:58:38','2024-06-24','2024-06-28',126000),
       (625,263,1180,174,'2024-06-21 08:57:46','2024-06-23','2024-07-02',302000),
       (626,617,1181,7,'2024-06-26 03:26:21','2024-06-29','2024-07-02',1008000),
       (627,22,1182,49,'2024-06-27 07:27:09','2024-07-07','2024-07-09',335000),
       (628,32,1183,128,'2024-06-14 04:03:22','2024-06-22','2024-07-02',753000),
       (629,346,1184,29,'2024-06-03 14:29:23','2024-06-08','2024-06-18',132000),
       (630,609,1185,68,'2024-06-07 23:56:57','2024-06-15','2024-06-24',1336000),
       (631,233,1186,59,'2024-06-02 19:49:48','2024-06-03','2024-06-04',347000),
       (632,88,1187,11,'2024-06-27 01:57:39','2024-07-05','2024-07-11',1170000),
       (633,126,1188,157,'2024-06-07 01:20:15','2024-06-16','2024-06-18',134000),
       (634,80,1189,153,'2024-06-18 01:42:11','2024-06-19','2024-06-23',0),
       (635,176,1190,132,'2024-06-03 08:16:29','2024-06-09','2024-06-14',456000),
       (636,321,1191,18,'2024-06-15 19:20:20','2024-06-24','2024-06-28',1239000),
       (637,383,1192,122,'2024-06-29 17:22:51','2024-07-03','2024-07-09',944000),
       (638,306,1193,25,'2024-06-12 13:47:42','2024-06-13','2024-06-19',16000),
       (639,217,1194,12,'2024-06-11 01:33:48','2024-06-15','2024-06-22',290000),
       (640,170,1195,186,'2024-06-14 08:08:25','2024-06-17','2024-06-19',4000),
       (641,644,1196,107,'2024-06-17 10:27:18','2024-06-27','2024-07-06',248000),
       (642,228,1197,55,'2024-06-24 21:47:53','2024-06-26','2024-07-04',345000),
       (643,670,1198,139,'2024-06-07 03:14:14','2024-06-17','2024-06-21',249000),
       (644,592,1199,87,'2024-06-09 01:09:29','2024-06-12','2024-06-16',155000),
       (645,76,1200,3,'2024-06-08 20:18:29','2024-06-09','2024-06-19',592000),
       (646,289,1201,52,'2024-06-03 09:09:46','2024-06-09','2024-06-10',457000),
       (647,514,1202,150,'2024-06-21 15:12:40','2024-06-26','2024-07-02',322000),
       (648,439,1203,14,'2024-06-01 09:10:20','2024-06-11','2024-06-13',1048000),
       (649,179,1204,85,'2024-06-06 12:00:01','2024-06-08','2024-06-13',287000),
       (650,62,1205,43,'2024-06-08 14:59:01','2024-06-16','2024-06-22',29000),
       (651,375,1206,105,'2024-06-03 08:02:50','2024-06-07','2024-06-17',1445000),
       (652,612,1207,104,'2024-06-17 03:39:41','2024-06-27','2024-07-03',828000),
       (653,349,1208,100,'2024-06-20 00:06:14','2024-06-28','2024-07-01',501000),
       (654,270,1209,26,'2024-06-07 20:07:10','2024-06-09','2024-06-19',486000),
       (655,551,1210,24,'2024-06-11 16:31:46','2024-06-18','2024-06-22',135000),
       (656,634,1211,53,'2024-06-08 14:41:40','2024-06-09','2024-06-13',935000),
       (657,446,1212,73,'2024-06-23 09:51:50','2024-06-30','2024-07-03',55000),
       (658,566,1213,32,'2024-06-18 16:07:50','2024-06-19','2024-06-20',1840000),
       (659,557,1214,51,'2024-06-06 06:29:52','2024-06-13','2024-06-19',90000),
       (660,645,1215,187,'2024-06-09 20:22:15','2024-06-15','2024-06-24',307000),
       (661,288,1216,121,'2024-06-06 16:27:40','2024-06-09','2024-06-15',413000),
       (662,245,1217,160,'2024-06-10 11:57:33','2024-06-16','2024-06-20',1530000),
       (663,400,1218,116,'2024-06-17 06:58:07','2024-06-23','2024-06-27',236000),
       (664,578,1219,97,'2024-06-08 22:57:02','2024-06-10','2024-06-11',765000),
       (665,346,1220,160,'2024-06-20 12:08:36','2024-06-29','2024-07-06',280000),
       (666,603,1221,111,'2024-06-23 00:36:39','2024-06-29','2024-07-09',532000),
       (667,380,1222,184,'2024-06-25 03:50:33','2024-06-30','2024-07-10',633000),
       (668,43,1223,119,'2024-06-03 17:38:57','2024-06-11','2024-06-13',1008000),
       (669,5,1224,72,'2024-06-28 18:47:32','2024-07-03','2024-07-07',207000),
       (670,329,1225,35,'2024-06-06 08:51:25','2024-06-12','2024-06-16',1486000),
       (671,46,1226,169,'2024-06-18 13:07:51','2024-06-22','2024-06-29',59000),
       (672,191,1227,176,'2024-06-11 06:15:09','2024-06-19','2024-06-25',860000),
       (673,173,1228,128,'2024-06-16 13:28:59','2024-06-22','2024-06-27',1036000),
       (674,305,1229,80,'2024-06-13 04:32:09','2024-06-14','2024-06-21',382000),
       (675,86,1230,63,'2024-06-05 09:04:18','2024-06-07','2024-06-11',579000),
       (676,294,1231,11,'2024-06-13 05:23:40','2024-06-21','2024-06-24',120000),
       (677,363,1232,51,'2024-06-04 16:31:49','2024-06-13','2024-06-18',5000),
       (678,2,1233,1,'2024-06-19 14:42:45','2024-06-20','2024-06-25',11000),
       (679,648,1234,66,'2024-06-04 22:36:25','2024-06-14','2024-06-23',550000),
       (680,625,1235,61,'2024-06-03 23:24:40','2024-06-06','2024-06-13',472000),
       (681,645,1236,37,'2024-06-26 19:21:29','2024-06-29','2024-07-01',424000),
       (682,18,1237,83,'2024-06-15 11:19:24','2024-06-22','2024-07-01',355000),
       (683,643,1238,73,'2024-06-04 21:46:35','2024-06-09','2024-06-12',1324000),
       (684,505,1239,96,'2024-06-08 21:49:34','2024-06-18','2024-06-26',1027000),
       (685,437,1240,127,'2024-06-18 06:04:29','2024-06-19','2024-06-22',470000),
       (686,311,1241,117,'2024-06-12 17:43:47','2024-06-21','2024-06-25',648000),
       (687,47,1242,36,'2024-06-17 15:56:52','2024-06-25','2024-06-29',131000),
       (688,89,1243,164,'2024-06-22 10:32:14','2024-07-01','2024-07-03',279000),
       (689,85,1244,171,'2024-06-14 10:19:29','2024-06-21','2024-06-27',220000),
       (690,438,1245,198,'2024-06-24 00:54:19','2024-06-27','2024-07-05',1008000),
       (691,317,1246,3,'2024-06-22 04:09:50','2024-06-30','2024-07-06',1331000),
       (692,404,1247,123,'2024-06-22 10:27:25','2024-06-23','2024-06-26',424000),
       (693,334,1248,191,'2024-06-27 04:10:01','2024-06-30','2024-07-09',78000),
       (694,300,1249,27,'2024-06-15 16:03:41','2024-06-23','2024-06-26',546000),
       (695,471,1250,56,'2024-06-21 20:37:31','2024-06-29','2024-07-06',341000),
       (696,470,1251,10,'2024-06-21 02:57:07','2024-07-01','2024-07-04',272000),
       (697,243,1252,22,'2024-06-01 12:57:18','2024-06-02','2024-06-06',1129000),
       (698,249,1253,109,'2024-06-23 22:02:53','2024-07-01','2024-07-09',655000),
       (699,473,1254,85,'2024-06-20 19:07:41','2024-06-26','2024-06-28',900000),
       (700,366,1255,176,'2024-06-04 11:32:12','2024-06-10','2024-06-16',295000),
       (701,576,1256,165,'2024-06-02 02:15:37','2024-06-07','2024-06-17',1301000),
       (702,247,1257,137,'2024-06-19 12:04:51','2024-06-21','2024-07-01',40000),
       (703,462,1258,21,'2024-06-01 08:46:23','2024-06-09','2024-06-17',315000),
       (704,543,1259,160,'2024-06-15 14:46:29','2024-06-17','2024-06-21',257000),
       (705,515,1260,68,'2024-06-12 19:15:38','2024-06-13','2024-06-21',1409000),
       (706,184,1261,39,'2024-06-24 15:41:03','2024-06-25','2024-07-04',90000),
       (707,368,1262,134,'2024-06-05 19:54:12','2024-06-06','2024-06-15',102000),
       (708,67,1263,72,'2024-06-08 23:06:21','2024-06-11','2024-06-15',165000),
       (709,405,1264,108,'2024-06-23 02:49:29','2024-06-27','2024-07-04',1207000),
       (710,53,1265,57,'2024-06-23 09:57:21','2024-06-30','2024-07-10',68000),
       (711,608,1266,24,'2024-06-04 01:21:19','2024-06-06','2024-06-14',310000),
       (712,498,1267,40,'2024-06-15 08:07:41','2024-06-18','2024-06-28',299000),
       (713,511,1268,145,'2024-06-28 02:38:37','2024-07-06','2024-07-08',51000),
       (714,234,1269,67,'2024-06-27 02:56:09','2024-07-05','2024-07-06',44000),
       (715,668,1270,9,'2024-06-18 11:22:54','2024-06-19','2024-06-23',355000),
       (716,614,1271,178,'2024-06-11 03:12:05','2024-06-15','2024-06-17',142000),
       (717,292,1272,150,'2024-06-01 23:25:37','2024-06-07','2024-06-16',429000),
       (718,210,1273,73,'2024-06-18 13:57:50','2024-06-19','2024-06-24',61000),
       (719,195,1274,142,'2024-06-02 13:46:25','2024-06-05','2024-06-10',100000),
       (720,246,1275,132,'2024-06-19 21:15:13','2024-06-24','2024-06-25',196000),
       (721,456,1276,169,'2024-06-15 06:33:42','2024-06-21','2024-07-01',699000),
       (722,469,1277,11,'2024-06-12 10:17:36','2024-06-18','2024-06-21',346000),
       (723,416,1278,77,'2024-06-13 01:06:08','2024-06-15','2024-06-19',713000),
       (724,572,1279,149,'2024-06-28 07:01:46','2024-07-08','2024-07-09',254000),
       (725,92,1280,106,'2024-06-13 18:18:44','2024-06-23','2024-06-26',157000),
       (726,426,1281,149,'2024-06-20 11:45:44','2024-06-29','2024-07-09',615000),
       (727,91,1282,94,'2024-06-10 09:17:36','2024-06-17','2024-06-18',1172000),
       (728,358,1283,6,'2024-06-22 22:13:33','2024-07-02','2024-07-07',483000),
       (729,630,1284,33,'2024-06-11 00:38:03','2024-06-20','2024-06-26',1364000),
       (730,371,1285,143,'2024-06-13 04:08:27','2024-06-18','2024-06-25',304000),
       (731,105,1286,197,'2024-06-13 08:12:42','2024-06-22','2024-07-02',922000),
       (732,351,1287,48,'2024-06-13 00:58:19','2024-06-22','2024-06-29',976000),
       (733,418,1288,148,'2024-06-29 16:10:35','2024-07-03','2024-07-06',885000),
       (734,491,1289,42,'2024-06-23 02:41:36','2024-06-30','2024-07-09',638000),
       (735,269,1290,30,'2024-06-03 15:38:08','2024-06-12','2024-06-19',324000),
       (736,169,1291,160,'2024-06-18 14:24:48','2024-06-25','2024-07-05',947000),
       (737,40,1292,17,'2024-06-19 23:48:48','2024-06-29','2024-07-01',1675000),
       (738,576,1293,133,'2024-06-24 22:45:38','2024-06-27','2024-07-03',130000),
       (739,308,1294,169,'2024-06-12 04:46:57','2024-06-21','2024-06-23',745000),
       (740,46,1295,11,'2024-06-22 04:55:23','2024-06-26','2024-07-02',179000),
       (741,150,1296,123,'2024-06-19 07:45:34','2024-06-29','2024-07-01',245000),
       (742,231,1297,55,'2024-06-15 06:49:08','2024-06-19','2024-06-22',1507000),
       (743,104,1298,157,'2024-06-13 11:37:32','2024-06-18','2024-06-22',1743000),
       (744,429,1299,117,'2024-06-21 04:33:58','2024-06-23','2024-06-27',1609000),
       (745,626,1300,161,'2024-06-05 02:35:41','2024-06-09','2024-06-19',1421000),
       (746,339,1301,54,'2024-06-23 21:38:35','2024-06-27','2024-07-05',17000),
       (747,60,1302,32,'2024-06-28 13:53:47','2024-06-29','2024-07-09',224000),
       (748,610,1303,56,'2024-06-02 07:55:50','2024-06-10','2024-06-17',111000),
       (749,460,1304,25,'2024-06-21 19:22:47','2024-06-22','2024-06-24',251000),
       (750,294,1305,36,'2024-06-14 23:27:11','2024-06-16','2024-06-17',92000),
       (751,402,1306,109,'2024-06-21 16:37:06','2024-06-28','2024-06-29',758000),
       (752,19,1307,199,'2024-06-21 02:32:16','2024-06-26','2024-07-02',326000),
       (753,243,1308,158,'2024-06-07 10:50:36','2024-06-17','2024-06-23',398000),
       (754,381,1309,47,'2024-06-02 17:06:25','2024-06-09','2024-06-10',293000),
       (755,544,1310,52,'2024-06-12 11:55:39','2024-06-16','2024-06-22',164000),
       (756,222,1311,7,'2024-06-28 15:26:56','2024-07-08','2024-07-18',427000),
       (757,450,1312,170,'2024-06-20 01:27:44','2024-06-30','2024-07-01',429000),
       (758,384,1313,33,'2024-06-01 12:55:07','2024-06-07','2024-06-15',59000),
       (759,254,1314,86,'2024-06-01 13:41:14','2024-06-09','2024-06-15',1964000),
       (760,383,1315,146,'2024-06-03 12:16:33','2024-06-06','2024-06-09',240000),
       (761,128,1316,95,'2024-06-26 03:39:54','2024-07-02','2024-07-09',164000),
       (762,314,1317,128,'2024-06-08 09:53:36','2024-06-15','2024-06-16',838000),
       (763,526,1318,105,'2024-06-03 17:26:45','2024-06-12','2024-06-16',157000),
       (764,287,1319,51,'2024-06-06 02:10:01','2024-06-15','2024-06-22',362000),
       (765,533,1320,25,'2024-06-14 16:37:46','2024-06-15','2024-06-24',218000),
       (766,655,1321,176,'2024-06-26 15:19:24','2024-07-01','2024-07-11',621000),
       (767,320,1322,165,'2024-06-01 07:36:39','2024-06-03','2024-06-09',401000),
       (768,252,1323,153,'2024-06-18 17:39:40','2024-06-20','2024-06-30',91000),
       (769,115,1324,59,'2024-06-01 11:25:17','2024-06-10','2024-06-17',695000),
       (770,245,1325,158,'2024-06-11 13:49:27','2024-06-15','2024-06-25',1690000),
       (771,582,1326,10,'2024-06-03 04:15:27','2024-06-05','2024-06-13',110000),
       (772,618,1327,104,'2024-06-12 00:40:49','2024-06-22','2024-06-28',698000),
       (773,192,1328,178,'2024-06-05 11:22:19','2024-06-15','2024-06-24',1465000),
       (774,432,1329,149,'2024-06-11 07:00:08','2024-06-15','2024-06-17',1102000),
       (775,353,1330,115,'2024-06-12 04:21:52','2024-06-22','2024-06-26',468000),
       (776,536,1331,64,'2024-06-18 12:48:40','2024-06-27','2024-07-03',301000),
       (777,194,1332,143,'2024-06-07 17:53:27','2024-06-11','2024-06-20',1097000),
       (778,445,1333,189,'2024-06-25 16:45:48','2024-07-02','2024-07-07',79000),
       (779,74,1334,75,'2024-06-18 05:56:57','2024-06-19','2024-06-20',379000),
       (780,239,1335,44,'2024-06-20 03:20:59','2024-06-30','2024-07-04',34000),
       (781,266,1336,70,'2024-06-06 22:32:20','2024-06-14','2024-06-16',246000),
       (782,398,1337,166,'2024-06-07 09:32:51','2024-06-15','2024-06-17',480000),
       (783,490,1338,154,'2024-06-16 19:31:11','2024-06-26','2024-06-27',600000),
       (784,241,1339,141,'2024-06-11 04:02:47','2024-06-13','2024-06-16',146000),
       (785,110,1340,53,'2024-06-11 14:16:10','2024-06-17','2024-06-19',973000),
       (786,88,1341,85,'2024-06-22 01:28:13','2024-06-23','2024-06-26',575000),
       (787,441,1342,12,'2024-06-24 20:57:13','2024-06-30','2024-07-09',801000),
       (788,150,1343,132,'2024-06-14 22:15:40','2024-06-20','2024-06-26',325000),
       (789,162,1344,30,'2024-06-05 21:25:46','2024-06-11','2024-06-16',111000),
       (790,211,1345,175,'2024-06-26 20:06:10','2024-07-06','2024-07-14',320000),
       (791,405,1346,123,'2024-06-18 08:28:43','2024-06-28','2024-07-08',386000),
       (792,308,1347,74,'2024-06-15 23:11:39','2024-06-24','2024-07-03',616000),
       (793,634,1348,27,'2024-06-24 21:32:56','2024-07-01','2024-07-11',674000),
       (794,99,1349,75,'2024-06-05 19:12:03','2024-06-11','2024-06-12',771000),
       (795,533,1350,38,'2024-06-15 23:17:24','2024-06-23','2024-06-27',153000),
       (796,174,1351,192,'2024-06-24 01:44:16','2024-07-01','2024-07-04',1019000),
       (797,13,1352,128,'2024-06-19 17:47:07','2024-06-26','2024-07-03',1598000),
       (798,281,1353,149,'2024-06-09 21:06:35','2024-06-10','2024-06-18',166000),
       (799,456,1354,174,'2024-06-25 01:11:35','2024-06-29','2024-07-09',1453000),
       (800,224,1355,20,'2024-06-21 10:18:50','2024-07-01','2024-07-07',124000),
       (801,48,1356,200,'2024-06-11 18:50:05','2024-06-20','2024-06-22',610000),
       (802,272,1357,83,'2024-06-22 16:48:20','2024-06-28','2024-07-08',28000),
       (803,221,1358,170,'2024-06-25 10:33:57','2024-07-04','2024-07-07',965000),
       (804,354,1359,89,'2024-06-09 06:00:46','2024-06-10','2024-06-15',293000),
       (805,286,1360,134,'2024-06-28 07:10:39','2024-07-04','2024-07-05',1029000),
       (806,8,1361,158,'2024-06-24 08:28:15','2024-06-30','2024-07-10',354000),
       (807,235,1362,15,'2024-06-06 15:10:38','2024-06-15','2024-06-22',22000),
       (808,557,1363,165,'2024-06-23 14:09:19','2024-06-29','2024-07-03',9000),
       (809,337,1364,26,'2024-06-07 11:08:42','2024-06-08','2024-06-09',263000),
       (810,332,1365,58,'2024-06-24 14:12:25','2024-06-27','2024-07-06',61000),
       (811,310,1366,41,'2024-06-06 19:08:54','2024-06-10','2024-06-14',427000),
       (812,391,1367,160,'2024-06-19 23:44:45','2024-06-29','2024-07-04',622000),
       (813,241,1368,61,'2024-06-05 09:50:36','2024-06-12','2024-06-18',593000),
       (814,564,1369,39,'2024-06-08 18:43:34','2024-06-13','2024-06-17',149000),
       (815,306,1370,69,'2024-06-02 14:44:15','2024-06-10','2024-06-17',560000),
       (816,3,1371,137,'2024-06-22 21:25:41','2024-06-28','2024-07-05',57000),
       (817,411,1372,195,'2024-06-14 14:43:20','2024-06-20','2024-06-25',65000),
       (818,536,1373,44,'2024-06-12 10:54:08','2024-06-22','2024-06-25',97000),
       (819,46,1374,140,'2024-06-03 15:22:32','2024-06-05','2024-06-06',398000),
       (820,159,1375,39,'2024-06-18 20:05:51','2024-06-20','2024-06-22',498000),
       (821,445,1376,61,'2024-06-24 06:58:50','2024-06-27','2024-06-30',408000),
       (822,246,1377,138,'2024-06-25 12:12:37','2024-06-30','2024-07-02',493000),
       (823,641,1378,19,'2024-06-24 02:51:07','2024-07-02','2024-07-11',134000),
       (824,517,1379,7,'2024-06-10 18:55:25','2024-06-19','2024-06-28',259000),
       (825,127,1380,120,'2024-06-15 20:55:18','2024-06-16','2024-06-21',257000),
       (826,501,1381,188,'2024-06-14 17:49:28','2024-06-19','2024-06-27',251000),
       (827,426,1382,82,'2024-06-05 03:35:52','2024-06-10','2024-06-13',133000),
       (828,196,1383,117,'2024-06-28 14:24:29','2024-07-07','2024-07-14',1115000),
       (829,434,1384,94,'2024-06-05 13:23:31','2024-06-09','2024-06-18',1846000),
       (830,670,1385,180,'2024-06-03 01:09:27','2024-06-10','2024-06-13',595000),
       (831,631,1386,88,'2024-06-28 02:29:17','2024-07-04','2024-07-08',433000),
       (832,340,1387,156,'2024-06-29 01:01:13','2024-07-04','2024-07-06',125000),
       (833,8,1388,74,'2024-06-03 22:14:09','2024-06-04','2024-06-07',972000),
       (834,530,1389,6,'2024-06-14 21:28:20','2024-06-21','2024-06-29',72000),
       (835,629,1390,110,'2024-06-01 07:56:36','2024-06-10','2024-06-16',1128000),
       (836,23,1391,29,'2024-06-28 22:40:51','2024-07-02','2024-07-12',68000),
       (837,329,1392,71,'2024-06-18 23:21:35','2024-06-22','2024-06-26',756000),
       (838,400,1393,36,'2024-06-28 09:23:18','2024-07-04','2024-07-09',1071000),
       (839,632,1394,37,'2024-06-18 12:36:41','2024-06-28','2024-07-08',1493000),
       (840,663,1395,100,'2024-06-12 17:16:34','2024-06-19','2024-06-22',160000),
       (841,40,1396,99,'2024-06-11 22:57:20','2024-06-20','2024-06-24',414000),
       (842,433,1397,130,'2024-06-10 00:42:00','2024-06-18','2024-06-27',196000),
       (843,377,1398,126,'2024-06-28 05:32:06','2024-07-07','2024-07-15',99000),
       (844,526,1399,64,'2024-06-13 22:44:26','2024-06-19','2024-06-28',170000),
       (845,53,1400,12,'2024-06-22 02:37:52','2024-06-25','2024-06-28',314000),
       (846,267,1401,185,'2024-06-28 01:28:55','2024-07-07','2024-07-16',1011000),
       (847,380,1402,21,'2024-06-06 15:14:10','2024-06-16','2024-06-25',106000),
       (848,153,1403,30,'2024-06-01 14:27:55','2024-06-08','2024-06-15',808000),
       (849,656,1404,152,'2024-06-24 18:07:22','2024-06-28','2024-06-30',34000),
       (850,348,1405,18,'2024-06-06 07:22:39','2024-06-14','2024-06-19',201000),
       (851,605,1406,102,'2024-06-03 21:40:08','2024-06-13','2024-06-15',244000),
       (852,448,1407,118,'2024-06-11 15:44:12','2024-06-19','2024-06-29',1376000),
       (853,231,1408,150,'2024-06-21 06:24:18','2024-06-30','2024-07-04',802000),
       (854,574,1409,30,'2024-06-14 19:52:11','2024-06-20','2024-06-23',245000),
       (855,449,1410,184,'2024-06-19 10:54:04','2024-06-20','2024-06-25',99000),
       (856,2,1411,191,'2024-06-08 18:54:22','2024-06-11','2024-06-16',157000),
       (857,454,1412,148,'2024-06-15 02:00:56','2024-06-21','2024-06-26',983000),
       (858,233,1413,153,'2024-06-29 16:28:59','2024-07-07','2024-07-09',1233000),
       (859,270,1414,85,'2024-06-18 10:57:14','2024-06-26','2024-06-27',913000),
       (860,296,1415,136,'2024-06-03 10:46:55','2024-06-10','2024-06-11',273000),
       (861,403,1416,15,'2024-06-23 04:39:41','2024-06-28','2024-07-02',345000),
       (862,133,1417,68,'2024-06-13 10:13:43','2024-06-15','2024-06-19',976000),
       (863,157,1418,52,'2024-06-26 08:52:12','2024-07-04','2024-07-06',1320000),
       (864,503,1419,82,'2024-06-02 19:03:40','2024-06-08','2024-06-14',1112000),
       (865,442,1420,89,'2024-06-11 00:44:58','2024-06-19','2024-06-21',957000),
       (866,368,1421,100,'2024-06-24 12:21:26','2024-06-30','2024-07-06',340000),
       (867,443,1422,14,'2024-06-17 23:58:33','2024-06-23','2024-06-27',424000),
       (868,583,1423,94,'2024-06-18 07:37:20','2024-06-28','2024-07-01',1386000),
       (869,32,1424,199,'2024-06-16 09:47:05','2024-06-18','2024-06-27',22000),
       (870,107,1425,144,'2024-06-05 11:40:12','2024-06-13','2024-06-17',56000),
       (871,513,1426,87,'2024-06-22 18:00:30','2024-07-01','2024-07-08',104000),
       (872,185,1427,176,'2024-06-11 15:08:10','2024-06-17','2024-06-21',166000),
       (873,285,1428,189,'2024-06-01 00:11:51','2024-06-06','2024-06-14',298000),
       (874,160,1429,74,'2024-06-15 14:51:04','2024-06-25','2024-06-26',19000),
       (875,577,1430,70,'2024-06-07 13:39:25','2024-06-09','2024-06-11',623000),
       (876,261,1431,6,'2024-06-11 07:49:42','2024-06-18','2024-06-19',242000),
       (877,390,1432,69,'2024-06-14 20:38:06','2024-06-19','2024-06-25',980000),
       (878,607,1433,46,'2024-06-14 00:00:32','2024-06-15','2024-06-21',578000),
       (879,22,1434,117,'2024-06-09 04:23:31','2024-06-19','2024-06-29',67000),
       (880,168,1435,54,'2024-06-03 12:40:53','2024-06-08','2024-06-14',155000),
       (881,551,1436,36,'2024-06-15 20:49:50','2024-06-17','2024-06-19',5000),
       (882,138,1437,142,'2024-06-03 00:19:55','2024-06-09','2024-06-13',231000),
       (883,247,1438,180,'2024-06-24 10:33:31','2024-06-27','2024-07-01',118000),
       (884,13,1439,75,'2024-06-24 02:20:10','2024-06-28','2024-07-06',649000),
       (885,606,1440,190,'2024-06-10 08:49:34','2024-06-14','2024-06-24',60000),
       (886,380,1441,85,'2024-06-05 12:29:11','2024-06-06','2024-06-07',1474000),
       (887,630,1442,86,'2024-06-20 02:10:02','2024-06-23','2024-06-30',1137000),
       (888,583,1443,193,'2024-06-22 04:36:22','2024-06-28','2024-07-03',311000),
       (889,546,1444,130,'2024-06-02 21:38:53','2024-06-09','2024-06-11',546000),
       (890,277,1445,185,'2024-06-15 07:45:28','2024-06-17','2024-06-27',699000),
       (891,254,1446,102,'2024-06-11 01:45:39','2024-06-14','2024-06-15',1139000),
       (892,387,1447,24,'2024-06-17 02:02:17','2024-06-26','2024-07-05',357000),
       (893,68,1448,111,'2024-06-07 04:38:32','2024-06-12','2024-06-16',232000),
       (894,549,1449,153,'2024-06-01 07:50:49','2024-06-05','2024-06-08',578000),
       (895,186,1450,57,'2024-06-04 07:42:25','2024-06-11','2024-06-14',119000),
       (896,633,1451,49,'2024-06-02 07:20:14','2024-06-11','2024-06-20',442000),
       (897,271,1452,159,'2024-06-06 06:49:03','2024-06-09','2024-06-13',167000),
       (898,215,1453,175,'2024-06-15 14:19:51','2024-06-19','2024-06-29',1228000),
       (899,659,1454,60,'2024-06-16 20:03:01','2024-06-24','2024-06-30',180000),
       (900,257,1455,187,'2024-06-07 17:01:18','2024-06-08','2024-06-09',225000),
       (901,149,1456,45,'2024-06-27 13:50:30','2024-07-05','2024-07-12',123000),
       (902,600,1457,25,'2024-06-10 18:03:43','2024-06-18','2024-06-27',21000),
       (903,567,1458,124,'2024-06-03 03:10:10','2024-06-04','2024-06-07',32000),
       (904,510,1459,23,'2024-06-16 02:34:08','2024-06-26','2024-07-04',362000),
       (905,441,1460,21,'2024-06-01 08:28:29','2024-06-06','2024-06-12',710000),
       (906,250,1461,66,'2024-06-27 11:18:11','2024-07-07','2024-07-17',377000),
       (907,299,1462,114,'2024-06-13 16:40:25','2024-06-22','2024-06-30',373000),
       (908,194,1463,41,'2024-06-02 03:26:14','2024-06-08','2024-06-13',456000),
       (909,644,1464,178,'2024-06-05 21:23:37','2024-06-15','2024-06-20',209000),
       (910,587,1465,141,'2024-06-06 13:49:57','2024-06-07','2024-06-09',321000),
       (911,329,1466,126,'2024-06-03 01:26:17','2024-06-10','2024-06-17',546000),
       (912,23,1467,24,'2024-06-13 18:20:59','2024-06-18','2024-06-26',1379000),
       (913,444,1468,74,'2024-06-23 23:05:03','2024-07-03','2024-07-12',605000),
       (914,471,1469,143,'2024-06-15 01:15:25','2024-06-21','2024-06-28',769000),
       (915,59,1470,142,'2024-06-05 00:17:06','2024-06-10','2024-06-19',159000),
       (916,296,1471,16,'2024-06-10 19:40:20','2024-06-16','2024-06-17',1040000),
       (917,63,1472,6,'2024-06-10 02:36:55','2024-06-14','2024-06-20',407000),
       (918,569,1473,185,'2024-06-12 04:16:48','2024-06-15','2024-06-21',194000),
       (919,249,1474,117,'2024-06-26 17:37:41','2024-06-28','2024-07-01',970000),
       (920,95,1475,135,'2024-06-04 22:40:19','2024-06-10','2024-06-20',216000),
       (921,108,1476,182,'2024-06-19 01:22:11','2024-06-26','2024-07-04',1400000),
       (922,190,1477,106,'2024-06-07 02:22:08','2024-06-08','2024-06-18',253000),
       (923,480,1478,69,'2024-06-25 21:00:53','2024-06-30','2024-07-05',530000),
       (924,574,1479,1,'2024-06-22 14:09:04','2024-06-27','2024-07-06',977000),
       (925,26,1480,83,'2024-06-17 16:57:36','2024-06-22','2024-07-02',24000),
       (926,374,1481,169,'2024-06-21 10:15:41','2024-06-28','2024-07-08',772000),
       (927,52,1482,19,'2024-06-10 23:14:52','2024-06-17','2024-06-25',483000),
       (928,355,1483,56,'2024-06-15 17:06:32','2024-06-21','2024-06-26',936000),
       (929,602,1484,21,'2024-06-17 15:55:23','2024-06-22','2024-06-26',169000),
       (930,183,1485,166,'2024-06-15 00:07:11','2024-06-22','2024-06-27',6000),
       (931,242,1486,59,'2024-06-16 18:22:01','2024-06-23','2024-06-25',128000),
       (932,484,1487,195,'2024-06-13 17:45:37','2024-06-16','2024-06-25',342000),
       (933,663,1488,163,'2024-06-02 17:21:18','2024-06-08','2024-06-13',719000),
       (934,352,1489,144,'2024-06-19 05:16:02','2024-06-23','2024-06-27',1198000),
       (935,205,1490,145,'2024-06-10 07:22:50','2024-06-14','2024-06-23',272000),
       (936,270,1491,20,'2024-06-09 12:29:36','2024-06-13','2024-06-22',728000),
       (937,489,1492,198,'2024-06-16 19:36:50','2024-06-19','2024-06-23',823000),
       (938,565,1493,13,'2024-06-22 13:28:27','2024-06-29','2024-07-07',284000),
       (939,558,1494,72,'2024-06-27 03:12:56','2024-07-01','2024-07-08',879000),
       (940,180,1495,170,'2024-06-16 10:01:28','2024-06-20','2024-06-23',83000),
       (941,564,1496,17,'2024-06-26 20:40:58','2024-07-04','2024-07-09',95000),
       (942,1,1497,42,'2024-06-28 18:20:18','2024-07-02','2024-07-05',258000),
       (943,264,1498,81,'2024-06-27 19:52:44','2024-06-29','2024-07-03',50000),
       (944,144,1499,139,'2024-06-07 16:17:49','2024-06-17','2024-06-21',269000),
       (945,23,1500,164,'2024-06-24 06:37:06','2024-07-02','2024-07-09',108000),
       (946,660,1501,153,'2024-06-18 05:36:56','2024-06-27','2024-07-07',1255000),
       (947,220,1502,11,'2024-06-04 04:35:05','2024-06-13','2024-06-20',681000),
       (948,416,1503,157,'2024-06-12 00:42:09','2024-06-14','2024-06-17',637000),
       (949,109,1504,43,'2024-06-29 01:51:20','2024-07-08','2024-07-12',277000),
       (950,481,1505,21,'2024-06-10 09:27:15','2024-06-20','2024-06-21',380000),
       (951,579,1506,90,'2024-06-29 19:01:38','2024-07-05','2024-07-08',710000),
       (952,492,1507,101,'2024-06-19 13:28:48','2024-06-22','2024-07-01',45000),
       (953,333,1508,106,'2024-06-16 11:05:28','2024-06-22','2024-06-27',230000),
       (954,106,1509,186,'2024-06-24 03:06:14','2024-06-25','2024-06-27',78000),
       (955,525,1510,132,'2024-06-09 11:34:31','2024-06-13','2024-06-21',283000),
       (956,545,1511,109,'2024-06-25 12:05:49','2024-07-02','2024-07-12',641000),
       (957,127,1512,83,'2024-06-18 01:44:16','2024-06-21','2024-06-29',67000),
       (958,353,1513,184,'2024-06-13 07:11:00','2024-06-23','2024-06-24',522000),
       (959,94,1514,200,'2024-06-22 10:59:01','2024-06-25','2024-07-01',21000),
       (960,348,1515,44,'2024-06-15 20:32:11','2024-06-17','2024-06-26',4000),
       (961,41,1516,103,'2024-06-23 12:42:48','2024-06-30','2024-07-03',600000),
       (962,673,1517,107,'2024-06-08 10:30:06','2024-06-13','2024-06-16',71000),
       (963,667,1518,152,'2024-06-06 10:24:05','2024-06-13','2024-06-15',178000),
       (964,577,1519,195,'2024-06-10 03:32:41','2024-06-15','2024-06-24',378000),
       (965,201,1520,89,'2024-06-08 10:35:13','2024-06-10','2024-06-16',187000),
       (966,367,1521,29,'2024-06-25 23:30:56','2024-06-29','2024-06-30',880000),
       (967,511,1522,19,'2024-06-18 21:10:44','2024-06-21','2024-06-22',406000),
       (968,178,1523,52,'2024-06-15 06:00:15','2024-06-23','2024-07-02',91000),
       (969,617,1524,65,'2024-06-24 06:44:50','2024-07-04','2024-07-12',255000),
       (970,46,1525,165,'2024-06-04 15:11:46','2024-06-14','2024-06-19',420000),
       (971,486,1526,50,'2024-06-22 00:06:11','2024-07-02','2024-07-07',150000),
       (972,666,1527,115,'2024-06-12 20:22:00','2024-06-18','2024-06-23',16000),
       (973,398,1528,177,'2024-06-09 21:24:45','2024-06-11','2024-06-17',169000),
       (974,665,1529,47,'2024-06-26 04:31:30','2024-06-28','2024-06-30',972000),
       (975,348,1530,191,'2024-06-09 11:51:10','2024-06-16','2024-06-22',1213000),
       (976,254,1531,79,'2024-06-06 11:09:53','2024-06-08','2024-06-13',233000),
       (977,154,1532,155,'2024-06-27 18:49:14','2024-07-01','2024-07-06',102000),
       (978,449,1533,187,'2024-06-02 12:07:32','2024-06-09','2024-06-19',227000),
       (979,501,1534,181,'2024-06-17 17:59:13','2024-06-20','2024-06-21',1697000),
       (980,560,1535,60,'2024-06-17 20:10:19','2024-06-21','2024-06-27',182000),
       (981,256,1536,189,'2024-06-16 08:38:09','2024-06-20','2024-06-30',1166000),
       (982,609,1537,156,'2024-06-18 08:34:22','2024-06-19','2024-06-23',604000),
       (983,568,1538,183,'2024-06-12 09:00:49','2024-06-16','2024-06-18',263000),
       (984,208,1539,48,'2024-06-28 05:31:39','2024-07-01','2024-07-04',78000),
       (985,543,1540,35,'2024-06-12 05:47:56','2024-06-21','2024-06-23',431000),
       (986,47,1541,135,'2024-06-08 15:45:31','2024-06-16','2024-06-21',361000),
       (987,448,1542,151,'2024-06-08 00:21:11','2024-06-11','2024-06-18',882000),
       (988,359,1543,162,'2024-06-21 19:22:41','2024-06-29','2024-07-04',13000),
       (989,180,1544,116,'2024-06-10 01:12:39','2024-06-12','2024-06-15',311000),
       (990,226,1545,139,'2024-06-01 16:11:40','2024-06-05','2024-06-07',218000),
       (991,455,1546,171,'2024-06-24 14:45:40','2024-07-04','2024-07-06',808000),
       (992,310,1547,194,'2024-06-13 09:38:02','2024-06-15','2024-06-18',209000),
       (993,29,1548,160,'2024-06-18 21:19:43','2024-06-23','2024-06-25',145000),
       (994,34,1549,148,'2024-06-24 12:57:51','2024-07-03','2024-07-09',703000),
       (995,646,1550,159,'2024-06-14 12:25:39','2024-06-18','2024-06-27',233000),
       (996,336,1551,33,'2024-06-12 22:51:10','2024-06-20','2024-06-28',416000),
       (997,512,1552,153,'2024-06-28 19:45:58','2024-07-06','2024-07-09',414000),
       (998,65,1553,163,'2024-06-02 10:28:33','2024-06-08','2024-06-10',924000),
       (999,317,1554,22,'2024-06-23 21:21:08','2024-07-03','2024-07-10',465000),
       (1000,64,1555,130,'2024-06-06 00:41:32','2024-06-16','2024-06-22',847000),
       (1001,426,1556,121,'2024-06-04 13:23:28','2024-06-07','2024-06-08',757000),
       (1002,95,1557,157,'2024-06-21 19:59:04','2024-06-30','2024-07-05',399000),
       (1003,387,1558,101,'2024-06-22 02:04:24','2024-07-02','2024-07-06',438000),
       (1004,121,1559,124,'2024-06-03 05:42:55','2024-06-05','2024-06-12',1648000),
       (1005,136,1560,200,'2024-06-17 06:17:59','2024-06-26','2024-07-01',377000),
       (1006,45,1561,176,'2024-06-27 09:30:57','2024-06-28','2024-07-02',360000),
       (1007,374,1562,161,'2024-06-28 20:04:32','2024-07-06','2024-07-08',241000),
       (1008,292,1563,57,'2024-06-08 16:59:16','2024-06-13','2024-06-17',696000),
       (1009,362,1564,97,'2024-06-04 01:08:57','2024-06-05','2024-06-08',344000),
       (1010,317,1565,77,'2024-06-09 11:23:37','2024-06-12','2024-06-15',540000),
       (1011,417,1566,113,'2024-06-29 03:44:17','2024-07-04','2024-07-11',626000),
       (1012,79,1567,79,'2024-06-22 16:25:09','2024-06-29','2024-07-01',164000),
       (1013,21,1568,122,'2024-06-25 15:48:49','2024-06-26','2024-07-05',74000),
       (1014,340,1569,163,'2024-06-06 08:54:18','2024-06-15','2024-06-18',804000),
       (1015,472,1570,164,'2024-06-04 15:28:35','2024-06-11','2024-06-14',1012000),
       (1016,330,1571,186,'2024-06-15 05:50:45','2024-06-20','2024-06-26',110000),
       (1017,386,1572,120,'2024-06-05 21:52:11','2024-06-11','2024-06-21',48000),
       (1018,530,1573,98,'2024-06-24 11:05:15','2024-06-25','2024-07-02',652000),
       (1019,661,1574,168,'2024-06-06 02:42:04','2024-06-14','2024-06-24',423000),
       (1020,194,1575,110,'2024-06-28 05:38:18','2024-06-29','2024-06-30',1098000),
       (1021,17,1576,146,'2024-06-17 19:56:50','2024-06-19','2024-06-26',1019000),
       (1022,389,1577,149,'2024-06-15 08:16:46','2024-06-24','2024-07-04',335000),
       (1023,159,1578,52,'2024-06-21 04:39:08','2024-06-23','2024-06-30',232000),
       (1024,506,1579,178,'2024-06-04 08:21:30','2024-06-12','2024-06-18',359000),
       (1025,531,1580,8,'2024-06-05 06:11:34','2024-06-09','2024-06-18',271000),
       (1026,80,1581,119,'2024-06-09 08:37:19','2024-06-18','2024-06-24',862000),
       (1027,605,1582,82,'2024-06-28 07:52:46','2024-07-07','2024-07-13',199000),
       (1028,459,1583,125,'2024-06-21 02:08:47','2024-06-24','2024-07-02',262000),
       (1029,272,1584,184,'2024-06-18 23:20:40','2024-06-24','2024-06-29',1662000),
       (1030,106,1585,103,'2024-06-20 23:49:04','2024-06-26','2024-07-03',1006000),
       (1031,234,1586,45,'2024-06-28 18:56:06','2024-07-04','2024-07-11',1261000),
       (1032,650,1587,126,'2024-06-25 05:15:02','2024-06-28','2024-07-01',206000),
       (1033,414,1588,129,'2024-06-29 18:51:29','2024-07-04','2024-07-11',149000),
       (1034,658,1589,35,'2024-06-18 17:59:04','2024-06-19','2024-06-29',850000),
       (1035,229,1590,148,'2024-06-06 09:51:29','2024-06-12','2024-06-19',190000),
       (1036,490,1591,16,'2024-06-19 21:42:11','2024-06-22','2024-06-26',476000),
       (1037,619,1592,181,'2024-06-16 11:19:30','2024-06-17','2024-06-18',38000),
       (1038,12,1593,125,'2024-06-11 20:01:05','2024-06-17','2024-06-24',1041000),
       (1039,555,1594,121,'2024-06-29 19:14:56','2024-07-08','2024-07-16',882000),
       (1040,223,1595,156,'2024-06-07 18:50:27','2024-06-10','2024-06-20',9000),
       (1041,220,1596,145,'2024-06-01 05:22:56','2024-06-07','2024-06-10',631000),
       (1042,314,1597,90,'2024-06-19 23:53:30','2024-06-21','2024-06-26',502000),
       (1043,432,1598,49,'2024-06-28 14:19:26','2024-07-01','2024-07-02',734000),
       (1044,134,1599,72,'2024-06-23 18:04:54','2024-06-28','2024-07-07',222000),
       (1045,383,1600,50,'2024-06-20 04:50:51','2024-06-25','2024-06-27',1063000),
       (1046,523,1601,31,'2024-06-21 20:54:06','2024-06-28','2024-06-29',441000),
       (1047,492,1602,188,'2024-06-25 04:50:24','2024-07-03','2024-07-13',15000),
       (1048,429,1603,179,'2024-06-23 02:59:15','2024-07-03','2024-07-07',198000),
       (1049,372,1604,164,'2024-06-13 22:11:44','2024-06-21','2024-06-25',320000),
       (1050,542,1605,24,'2024-06-02 02:20:25','2024-06-11','2024-06-12',23000),
       (1051,539,1606,95,'2024-06-14 17:22:30','2024-06-24','2024-06-28',428000),
       (1052,471,1607,22,'2024-06-25 15:31:46','2024-06-29','2024-07-06',709000),
       (1053,124,1608,77,'2024-06-07 21:29:18','2024-06-09','2024-06-11',1357000),
       (1054,455,1609,155,'2024-06-21 03:10:08','2024-06-22','2024-06-24',306000),
       (1055,548,1610,149,'2024-06-04 22:19:00','2024-06-12','2024-06-15',732000),
       (1056,536,1611,115,'2024-06-06 20:34:58','2024-06-11','2024-06-12',1370000),
       (1057,612,1612,171,'2024-06-01 15:38:47','2024-06-11','2024-06-15',96000),
       (1058,323,1613,137,'2024-06-06 10:28:33','2024-06-11','2024-06-14',62000),
       (1059,179,1614,15,'2024-06-07 08:26:10','2024-06-14','2024-06-23',378000),
       (1060,417,1615,111,'2024-06-18 17:04:39','2024-06-19','2024-06-20',432000),
       (1061,58,1616,161,'2024-06-26 08:35:11','2024-07-01','2024-07-09',1477000),
       (1062,162,1617,176,'2024-06-19 14:39:05','2024-06-23','2024-06-27',120000),
       (1063,105,1618,19,'2024-06-06 12:54:24','2024-06-12','2024-06-20',728000),
       (1064,247,1619,80,'2024-06-16 11:11:44','2024-06-25','2024-06-27',212000),
       (1065,453,1620,189,'2024-06-12 20:38:21','2024-06-17','2024-06-26',542000),
       (1066,614,1621,185,'2024-06-10 15:08:53','2024-06-17','2024-06-25',161000),
       (1067,280,1622,181,'2024-06-19 17:59:46','2024-06-28','2024-07-07',16000),
       (1068,306,1623,32,'2024-06-14 07:50:11','2024-06-15','2024-06-18',87000),
       (1069,174,1624,101,'2024-06-21 07:58:16','2024-06-24','2024-06-26',346000),
       (1070,34,1625,178,'2024-06-26 17:07:07','2024-06-29','2024-07-02',75000),
       (1071,83,1626,137,'2024-06-29 01:40:52','2024-07-05','2024-07-12',1048000),
       (1072,499,1627,9,'2024-06-14 10:26:21','2024-06-23','2024-07-03',1014000),
       (1073,377,1628,195,'2024-06-13 20:26:52','2024-06-17','2024-06-18',980000),
       (1074,7,1629,68,'2024-06-08 03:40:32','2024-06-16','2024-06-26',1382000),
       (1075,236,1630,122,'2024-06-24 08:47:14','2024-06-28','2024-06-30',155000),
       (1076,529,1631,35,'2024-06-26 08:03:41','2024-07-01','2024-07-03',719000),
       (1077,234,1632,76,'2024-06-21 17:25:04','2024-06-22','2024-06-28',892000),
       (1078,539,1633,62,'2024-06-17 05:16:58','2024-06-18','2024-06-25',325000),
       (1079,58,1634,139,'2024-06-06 08:25:30','2024-06-15','2024-06-16',260000),
       (1080,638,1635,5,'2024-06-02 17:53:24','2024-06-03','2024-06-13',1258000),
       (1081,374,1636,153,'2024-06-01 04:53:38','2024-06-08','2024-06-09',478000),
       (1082,646,1637,143,'2024-06-18 20:42:46','2024-06-19','2024-06-25',61000),
       (1083,602,1638,37,'2024-06-20 17:59:12','2024-06-21','2024-06-27',324000),
       (1084,19,1639,58,'2024-06-08 03:06:05','2024-06-16','2024-06-17',145000),
       (1085,337,1640,188,'2024-06-03 12:14:47','2024-06-13','2024-06-22',872000),
       (1086,603,1641,91,'2024-06-20 20:26:36','2024-06-22','2024-06-24',14000),
       (1087,569,1642,1,'2024-06-16 02:37:45','2024-06-24','2024-07-03',1088000),
       (1088,442,1643,54,'2024-06-19 03:50:29','2024-06-23','2024-06-29',607000),
       (1089,349,1644,197,'2024-06-24 23:48:43','2024-06-26','2024-07-05',126000),
       (1090,328,1645,182,'2024-06-06 14:21:11','2024-06-09','2024-06-18',65000),
       (1091,467,1646,13,'2024-06-07 17:20:29','2024-06-16','2024-06-23',1205000),
       (1092,383,1647,14,'2024-06-20 21:44:50','2024-06-25','2024-07-01',190000),
       (1093,570,1648,189,'2024-06-10 14:13:07','2024-06-15','2024-06-25',1005000),
       (1094,517,1649,82,'2024-06-19 23:31:47','2024-06-27','2024-07-02',481000),
       (1095,278,1650,63,'2024-06-21 13:32:01','2024-07-01','2024-07-09',1257000),
       (1096,201,1651,2,'2024-06-18 16:28:28','2024-06-26','2024-07-04',767000),
       (1097,254,1652,60,'2024-06-23 21:45:29','2024-06-30','2024-07-03',48000),
       (1098,174,1653,157,'2024-06-23 21:58:16','2024-06-25','2024-06-28',769000),
       (1099,276,1654,163,'2024-06-09 05:06:56','2024-06-19','2024-06-21',69000),
       (1100,524,1655,16,'2024-06-09 01:31:19','2024-06-17','2024-06-18',0),
       (1101,163,1656,99,'2024-06-05 05:40:10','2024-06-09','2024-06-10',1503000),
       (1102,401,1657,200,'2024-06-25 15:58:06','2024-07-01','2024-07-03',288000),
       (1103,239,1658,132,'2024-06-13 20:08:20','2024-06-16','2024-06-23',467000),
       (1104,179,1659,24,'2024-06-15 23:05:58','2024-06-17','2024-06-24',330000),
       (1105,583,1660,7,'2024-06-26 10:31:56','2024-06-30','2024-07-03',1694000),
       (1106,333,1661,145,'2024-06-20 00:34:21','2024-06-21','2024-06-30',59000),
       (1107,82,1662,195,'2024-06-23 16:45:32','2024-06-26','2024-07-03',41000),
       (1108,371,1663,46,'2024-06-28 11:43:37','2024-07-05','2024-07-13',434000),
       (1109,538,1664,154,'2024-06-12 18:20:48','2024-06-13','2024-06-14',159000),
       (1110,65,1665,83,'2024-06-26 04:18:17','2024-06-29','2024-07-04',192000),
       (1111,9,1666,37,'2024-06-13 13:41:59','2024-06-16','2024-06-22',578000),
       (1112,537,1667,38,'2024-06-27 12:58:41','2024-06-29','2024-06-30',305000),
       (1113,68,1668,11,'2024-06-27 21:17:23','2024-07-01','2024-07-09',352000),
       (1114,353,1669,8,'2024-06-24 00:47:38','2024-06-25','2024-07-02',12000),
       (1115,611,1670,64,'2024-06-27 03:15:50','2024-07-04','2024-07-05',504000),
       (1116,159,1671,57,'2024-06-02 19:13:40','2024-06-12','2024-06-14',306000),
       (1117,35,1672,120,'2024-06-21 03:34:08','2024-06-26','2024-06-30',147000),
       (1118,261,1673,51,'2024-06-23 18:05:18','2024-06-25','2024-06-29',578000),
       (1119,341,1674,30,'2024-06-07 02:36:39','2024-06-15','2024-06-19',558000),
       (1120,528,1675,63,'2024-06-22 23:46:57','2024-06-26','2024-06-27',916000),
       (1121,96,1676,190,'2024-06-28 12:56:24','2024-06-29','2024-07-02',91000),
       (1122,292,1677,177,'2024-06-16 15:53:02','2024-06-20','2024-06-24',716000),
       (1123,26,1678,189,'2024-06-06 07:06:45','2024-06-16','2024-06-23',473000),
       (1124,669,1679,116,'2024-06-24 21:51:41','2024-07-02','2024-07-04',460000),
       (1125,590,1680,68,'2024-06-22 09:44:51','2024-07-01','2024-07-02',646000),
       (1126,135,1681,106,'2024-06-10 18:33:31','2024-06-14','2024-06-21',215000),
       (1127,290,1682,5,'2024-06-09 20:35:47','2024-06-19','2024-06-28',203000),
       (1128,295,1683,17,'2024-06-20 07:03:16','2024-06-21','2024-06-29',795000),
       (1129,543,1684,131,'2024-06-23 06:01:55','2024-06-25','2024-06-28',706000),
       (1130,152,1685,97,'2024-06-24 08:09:56','2024-06-30','2024-07-08',292000),
       (1131,343,1686,167,'2024-06-22 11:10:57','2024-06-23','2024-07-03',151000),
       (1132,228,1687,153,'2024-06-22 06:26:36','2024-07-01','2024-07-07',22000),
       (1133,146,1688,159,'2024-06-05 07:50:11','2024-06-15','2024-06-24',132000),
       (1134,346,1689,174,'2024-06-08 05:03:29','2024-06-18','2024-06-21',74000),
       (1135,26,1690,193,'2024-06-29 15:13:09','2024-07-01','2024-07-09',1734000),
       (1136,416,1691,21,'2024-06-29 14:00:30','2024-07-01','2024-07-10',1389000),
       (1137,569,1692,199,'2024-06-02 13:23:17','2024-06-04','2024-06-06',353000),
       (1138,11,1693,177,'2024-06-23 08:50:55','2024-06-27','2024-07-07',573000),
       (1139,413,1694,180,'2024-06-25 14:02:19','2024-06-30','2024-07-02',835000),
       (1140,199,1695,137,'2024-06-15 02:42:47','2024-06-22','2024-07-02',619000),
       (1141,327,1696,127,'2024-06-22 01:14:42','2024-07-01','2024-07-09',1251000),
       (1142,592,1697,71,'2024-06-21 09:15:48','2024-06-22','2024-07-02',266000),
       (1143,359,1698,106,'2024-06-20 12:35:08','2024-06-26','2024-07-02',265000),
       (1144,511,1699,162,'2024-06-29 21:51:07','2024-07-02','2024-07-08',325000),
       (1145,112,1700,45,'2024-06-16 15:10:12','2024-06-21','2024-06-29',1739000),
       (1146,252,1701,124,'2024-06-11 21:39:15','2024-06-15','2024-06-22',1175000),
       (1147,517,1702,63,'2024-06-25 20:22:46','2024-06-28','2024-07-04',24000),
       (1148,42,1703,101,'2024-06-12 05:13:44','2024-06-19','2024-06-22',159000),
       (1149,105,1704,84,'2024-06-06 09:40:56','2024-06-11','2024-06-13',200000),
       (1150,254,1705,39,'2024-06-05 13:00:51','2024-06-14','2024-06-18',1556000),
       (1151,296,1706,145,'2024-06-08 02:54:51','2024-06-09','2024-06-14',708000),
       (1152,366,1707,170,'2024-06-11 21:23:37','2024-06-21','2024-07-01',52000),
       (1153,646,1708,53,'2024-06-08 11:29:40','2024-06-18','2024-06-19',249000),
       (1154,406,1709,9,'2024-06-19 07:12:00','2024-06-26','2024-07-03',170000),
       (1155,578,1710,123,'2024-06-26 19:57:22','2024-07-01','2024-07-11',257000),
       (1156,494,1711,105,'2024-06-17 17:20:51','2024-06-22','2024-06-26',133000),
       (1157,611,1712,163,'2024-06-10 03:36:35','2024-06-20','2024-06-23',616000),
       (1158,612,1713,168,'2024-06-20 01:55:08','2024-06-28','2024-07-08',66000),
       (1159,526,1714,179,'2024-06-14 03:52:54','2024-06-19','2024-06-29',60000),
       (1160,308,1715,118,'2024-06-25 16:58:18','2024-06-28','2024-07-07',266000),
       (1161,51,1716,163,'2024-06-22 02:05:51','2024-06-23','2024-06-30',125000),
       (1162,88,1717,58,'2024-06-20 19:32:08','2024-06-22','2024-07-01',224000),
       (1163,598,1718,29,'2024-06-22 02:26:27','2024-06-29','2024-07-05',1606000),
       (1164,26,1719,73,'2024-06-15 08:13:30','2024-06-19','2024-06-28',169000),
       (1165,275,1720,6,'2024-06-16 23:03:17','2024-06-26','2024-07-06',629000),
       (1166,354,1721,154,'2024-06-21 00:05:05','2024-06-22','2024-06-30',180000),
       (1167,244,1722,95,'2024-06-13 18:52:36','2024-06-16','2024-06-24',283000),
       (1168,573,1723,70,'2024-06-13 16:38:12','2024-06-16','2024-06-26',1284000),
       (1169,557,1724,125,'2024-06-18 08:09:56','2024-06-23','2024-06-25',202000),
       (1170,57,1725,79,'2024-06-22 18:32:33','2024-07-02','2024-07-04',112000),
       (1171,363,1726,191,'2024-06-23 23:38:43','2024-06-30','2024-07-01',1205000),
       (1172,93,1727,32,'2024-06-25 15:14:05','2024-06-30','2024-07-10',161000),
       (1173,377,1728,155,'2024-06-11 13:39:53','2024-06-12','2024-06-14',247000),
       (1174,154,1729,185,'2024-06-24 00:05:13','2024-07-01','2024-07-10',14000),
       (1175,220,1730,145,'2024-06-07 03:10:43','2024-06-14','2024-06-19',60000),
       (1176,512,1731,74,'2024-06-03 22:41:45','2024-06-06','2024-06-07',422000),
       (1177,368,1732,15,'2024-06-17 10:20:52','2024-06-26','2024-06-30',1132000),
       (1178,231,1733,33,'2024-06-07 14:12:59','2024-06-11','2024-06-14',11000),
       (1179,423,1734,190,'2024-06-01 16:03:52','2024-06-05','2024-06-12',111000),
       (1180,498,1735,197,'2024-06-08 12:09:05','2024-06-17','2024-06-26',694000),
       (1181,511,1736,56,'2024-06-13 23:25:24','2024-06-17','2024-06-18',491000),
       (1182,475,1737,121,'2024-06-03 03:01:47','2024-06-12','2024-06-16',531000),
       (1183,596,1738,34,'2024-06-14 02:02:41','2024-06-16','2024-06-19',285000),
       (1184,613,1739,99,'2024-06-05 19:12:05','2024-06-12','2024-06-13',786000),
       (1185,587,1740,143,'2024-06-04 17:35:26','2024-06-11','2024-06-13',9000),
       (1186,572,1741,35,'2024-06-19 04:33:16','2024-06-23','2024-06-27',490000),
       (1187,250,1742,75,'2024-06-25 11:49:59','2024-06-29','2024-07-01',1566000),
       (1188,241,1743,1,'2024-06-06 05:37:55','2024-06-10','2024-06-13',1019000),
       (1189,70,1744,134,'2024-06-18 02:12:55','2024-06-27','2024-07-06',422000),
       (1190,112,1745,65,'2024-06-03 19:06:35','2024-06-04','2024-06-14',704000),
       (1191,369,1746,103,'2024-06-20 12:48:02','2024-06-23','2024-07-02',616000),
       (1192,407,1747,181,'2024-06-05 19:41:20','2024-06-09','2024-06-10',143000),
       (1193,408,1748,161,'2024-06-07 08:25:55','2024-06-14','2024-06-21',679000),
       (1194,306,1749,120,'2024-06-21 11:20:54','2024-06-23','2024-06-25',871000),
       (1195,40,1750,48,'2024-06-29 09:31:58','2024-07-08','2024-07-16',78000),
       (1196,535,1751,15,'2024-06-24 05:59:29','2024-06-30','2024-07-01',588000),
       (1197,522,1752,177,'2024-06-20 13:18:21','2024-06-24','2024-06-28',93000),
       (1198,472,1753,146,'2024-06-26 09:21:02','2024-07-01','2024-07-05',120000),
       (1199,375,1754,19,'2024-06-27 16:07:41','2024-07-06','2024-07-16',316000),
       (1200,403,1755,22,'2024-06-23 11:23:54','2024-06-24','2024-06-26',379000),
       (1201,6,1756,139,'2024-06-11 00:18:44','2024-06-15','2024-06-18',4000),
       (1202,399,1757,111,'2024-06-15 11:43:33','2024-06-17','2024-06-22',288000),
       (1203,206,1758,118,'2024-06-17 22:59:53','2024-06-25','2024-06-30',575000),
       (1204,422,1759,162,'2024-06-09 09:56:43','2024-06-14','2024-06-24',881000),
       (1205,492,1760,182,'2024-06-21 14:15:07','2024-06-25','2024-07-02',711000),
       (1206,222,1761,101,'2024-06-03 15:06:28','2024-06-04','2024-06-08',203000),
       (1207,365,1762,167,'2024-06-02 11:24:19','2024-06-10','2024-06-17',5000),
       (1208,651,1763,199,'2024-06-13 10:39:59','2024-06-20','2024-06-24',384000),
       (1209,411,1764,115,'2024-06-12 09:45:38','2024-06-14','2024-06-24',618000),
       (1210,649,1765,82,'2024-06-21 07:28:01','2024-06-25','2024-06-30',527000),
       (1211,125,1766,34,'2024-06-21 20:00:29','2024-06-28','2024-07-03',1088000),
       (1212,11,1767,104,'2024-06-23 05:34:33','2024-07-02','2024-07-03',1167000),
       (1213,409,1768,164,'2024-06-08 21:16:59','2024-06-12','2024-06-21',735000),
       (1214,277,1769,49,'2024-06-11 06:49:17','2024-06-15','2024-06-23',776000),
       (1215,549,1770,171,'2024-06-01 02:54:06','2024-06-07','2024-06-09',218000),
       (1216,32,1771,107,'2024-06-09 03:17:07','2024-06-17','2024-06-21',192000),
       (1217,182,1772,54,'2024-06-27 09:03:23','2024-07-01','2024-07-02',766000),
       (1218,168,1773,136,'2024-06-29 21:52:54','2024-07-02','2024-07-08',499000),
       (1219,244,1774,5,'2024-06-22 05:44:14','2024-06-24','2024-06-25',1503000),
       (1220,327,1775,67,'2024-06-26 00:06:18','2024-06-29','2024-07-02',337000),
       (1221,402,1776,119,'2024-06-07 22:18:56','2024-06-08','2024-06-16',953000),
       (1222,257,1777,62,'2024-06-21 20:04:38','2024-07-01','2024-07-07',873000),
       (1223,283,1778,42,'2024-06-18 20:01:07','2024-06-28','2024-07-03',755000),
       (1224,308,1779,23,'2024-06-15 19:46:27','2024-06-25','2024-07-02',163000),
       (1225,365,1780,186,'2024-06-22 20:25:59','2024-06-28','2024-07-02',607000),
       (1226,221,1781,18,'2024-06-16 13:42:25','2024-06-17','2024-06-24',475000),
       (1227,467,1782,71,'2024-06-03 09:52:31','2024-06-06','2024-06-08',436000),
       (1228,671,1783,128,'2024-06-26 21:27:55','2024-06-29','2024-07-04',248000),
       (1229,160,1784,190,'2024-06-22 17:19:28','2024-07-01','2024-07-06',750000),
       (1230,528,1785,122,'2024-06-29 05:18:04','2024-07-06','2024-07-11',94000),
       (1231,600,1786,127,'2024-06-15 06:52:23','2024-06-24','2024-07-02',421000),
       (1232,132,1787,159,'2024-06-13 17:39:56','2024-06-22','2024-07-01',1012000),
       (1233,267,1788,191,'2024-06-29 10:13:50','2024-07-05','2024-07-12',412000),
       (1234,553,1789,108,'2024-06-25 14:33:51','2024-06-26','2024-07-02',213000),
       (1235,156,1790,200,'2024-06-22 04:05:22','2024-06-28','2024-07-05',603000),
       (1236,607,1791,94,'2024-06-13 17:17:59','2024-06-19','2024-06-26',216000),
       (1237,109,1792,150,'2024-06-22 04:48:29','2024-06-29','2024-07-05',282000),
       (1238,323,1793,115,'2024-06-22 02:36:47','2024-07-02','2024-07-06',66000),
       (1239,521,1794,142,'2024-06-04 15:34:55','2024-06-07','2024-06-14',787000),
       (1240,268,1795,59,'2024-06-11 05:09:38','2024-06-14','2024-06-20',105000),
       (1241,21,1796,96,'2024-06-26 13:57:18','2024-07-05','2024-07-11',1521000),
       (1242,583,1797,161,'2024-06-19 23:34:45','2024-06-25','2024-06-29',536000),
       (1243,496,1798,152,'2024-06-29 08:03:55','2024-06-30','2024-07-01',240000),
       (1244,472,1799,13,'2024-06-16 01:32:03','2024-06-22','2024-06-26',609000),
       (1245,34,1800,133,'2024-06-09 07:40:54','2024-06-18','2024-06-28',118000),
       (1246,602,1801,171,'2024-06-16 09:25:33','2024-06-25','2024-06-29',540000),
       (1247,55,1802,179,'2024-06-23 22:47:31','2024-06-30','2024-07-07',225000),
       (1248,563,1803,44,'2024-06-21 08:34:31','2024-06-30','2024-07-06',358000),
       (1249,662,1804,105,'2024-06-11 11:33:31','2024-06-20','2024-06-28',409000),
       (1250,307,1805,149,'2024-06-06 12:33:48','2024-06-11','2024-06-20',118000),
       (1251,187,1806,37,'2024-06-21 03:36:16','2024-06-25','2024-07-03',662000),
       (1252,214,1807,84,'2024-06-24 09:50:35','2024-06-30','2024-07-03',974000),
       (1253,389,1808,170,'2024-06-25 09:17:52','2024-07-05','2024-07-15',1676000),
       (1254,450,1809,70,'2024-06-15 16:17:15','2024-06-17','2024-06-21',132000),
       (1255,291,1810,104,'2024-06-22 06:58:53','2024-06-25','2024-07-02',30000),
       (1256,163,1811,159,'2024-06-07 05:45:51','2024-06-14','2024-06-16',662000),
       (1257,45,1812,19,'2024-06-14 20:36:31','2024-06-22','2024-06-26',607000),
       (1258,414,1813,141,'2024-06-04 09:35:07','2024-06-10','2024-06-20',336000),
       (1259,668,1814,98,'2024-06-10 14:38:27','2024-06-12','2024-06-15',969000),
       (1260,399,1815,77,'2024-06-13 08:37:32','2024-06-20','2024-06-23',1127000),
       (1261,318,1816,147,'2024-06-04 23:14:00','2024-06-12','2024-06-16',675000),
       (1262,428,1817,45,'2024-06-07 19:35:53','2024-06-17','2024-06-23',512000),
       (1263,536,1818,67,'2024-06-25 15:17:12','2024-07-02','2024-07-05',1045000),
       (1264,188,1819,153,'2024-06-06 22:55:45','2024-06-16','2024-06-25',418000),
       (1265,314,1820,28,'2024-06-13 13:34:07','2024-06-23','2024-06-25',554000),
       (1266,177,1821,9,'2024-06-10 22:00:43','2024-06-11','2024-06-16',278000),
       (1267,264,1822,87,'2024-06-26 19:04:23','2024-06-27','2024-07-06',9000),
       (1268,381,1823,192,'2024-06-22 01:17:05','2024-06-27','2024-06-28',194000),
       (1269,53,1824,83,'2024-06-06 20:39:30','2024-06-11','2024-06-17',681000),
       (1270,342,1825,185,'2024-06-20 20:33:01','2024-06-27','2024-07-06',1117000),
       (1271,24,1826,99,'2024-06-22 19:41:24','2024-06-25','2024-06-28',1490000),
       (1272,57,1827,20,'2024-06-19 01:04:27','2024-06-27','2024-06-29',850000),
       (1273,167,1828,102,'2024-06-21 10:43:17','2024-06-28','2024-07-07',1806000),
       (1274,407,1829,61,'2024-06-01 07:19:52','2024-06-06','2024-06-13',781000),
       (1275,620,1830,188,'2024-06-13 12:29:05','2024-06-18','2024-06-25',828000),
       (1276,610,1831,78,'2024-06-15 16:24:36','2024-06-16','2024-06-25',150000),
       (1277,547,1832,57,'2024-06-07 21:28:21','2024-06-10','2024-06-16',728000),
       (1278,226,1833,35,'2024-06-11 01:42:37','2024-06-12','2024-06-13',1139000),
       (1279,213,1834,109,'2024-06-10 14:08:45','2024-06-19','2024-06-29',1065000),
       (1280,474,1835,106,'2024-06-04 13:39:33','2024-06-13','2024-06-21',1356000),
       (1281,566,1836,193,'2024-06-19 05:45:54','2024-06-28','2024-06-29',1730000),
       (1282,207,1837,146,'2024-06-05 11:27:41','2024-06-10','2024-06-16',359000),
       (1283,386,1838,141,'2024-06-05 17:34:24','2024-06-07','2024-06-13',677000),
       (1284,465,1839,115,'2024-06-08 05:46:02','2024-06-17','2024-06-18',28000),
       (1285,219,1840,104,'2024-06-28 21:48:51','2024-07-01','2024-07-09',604000),
       (1286,317,1841,174,'2024-06-25 21:23:36','2024-06-26','2024-07-06',70000),
       (1287,348,1842,5,'2024-06-02 12:57:43','2024-06-11','2024-06-14',522000),
       (1288,600,1843,52,'2024-06-25 10:30:06','2024-06-28','2024-06-29',1104000),
       (1289,191,1844,87,'2024-06-01 23:18:45','2024-06-03','2024-06-07',582000),
       (1290,88,1845,131,'2024-06-09 19:06:44','2024-06-18','2024-06-26',272000),
       (1291,305,1846,82,'2024-06-20 14:04:48','2024-06-28','2024-07-07',493000),
       (1292,168,1847,117,'2024-06-28 13:29:05','2024-07-07','2024-07-10',76000),
       (1293,260,1848,200,'2024-06-11 20:45:48','2024-06-16','2024-06-23',692000),
       (1294,620,1849,78,'2024-06-13 21:57:41','2024-06-22','2024-06-29',1698000),
       (1295,340,1850,153,'2024-06-26 00:43:55','2024-07-04','2024-07-12',706000),
       (1296,93,1851,129,'2024-06-27 15:51:23','2024-07-07','2024-07-09',626000),
       (1297,487,1852,120,'2024-06-24 13:36:01','2024-06-28','2024-07-05',442000),
       (1298,337,1853,81,'2024-06-24 13:33:44','2024-06-30','2024-07-02',38000),
       (1299,64,1854,94,'2024-06-16 20:58:10','2024-06-18','2024-06-19',438000),
       (1300,453,1855,84,'2024-06-20 07:18:51','2024-06-21','2024-06-27',1481000),
       (1301,406,1856,53,'2024-06-17 10:10:02','2024-06-25','2024-06-27',63000),
       (1302,510,1857,33,'2024-06-07 15:37:06','2024-06-08','2024-06-13',1420000),
       (1303,526,1858,71,'2024-06-22 22:56:02','2024-07-02','2024-07-09',262000),
       (1304,362,1859,47,'2024-06-22 19:56:15','2024-07-01','2024-07-03',63000),
       (1305,519,1860,38,'2024-06-17 08:12:33','2024-06-20','2024-06-22',1462000),
       (1306,30,1861,93,'2024-06-04 09:37:07','2024-06-14','2024-06-21',162000),
       (1307,115,1862,111,'2024-06-04 09:21:30','2024-06-12','2024-06-20',796000),
       (1308,501,1863,85,'2024-06-18 07:16:23','2024-06-24','2024-06-28',90000),
       (1309,564,1864,91,'2024-06-05 12:05:39','2024-06-14','2024-06-21',22000),
       (1310,505,1865,161,'2024-06-06 08:40:45','2024-06-16','2024-06-18',433000),
       (1311,68,1866,112,'2024-06-05 06:10:51','2024-06-13','2024-06-19',232000),
       (1312,668,1867,156,'2024-06-24 23:33:57','2024-07-01','2024-07-07',90000),
       (1313,48,1868,73,'2024-06-26 07:07:35','2024-06-29','2024-07-03',318000),
       (1314,486,1869,54,'2024-06-20 14:52:19','2024-06-23','2024-06-30',611000),
       (1315,347,1870,107,'2024-06-15 07:46:02','2024-06-21','2024-07-01',678000),
       (1316,502,1871,84,'2024-06-03 07:11:18','2024-06-13','2024-06-18',775000),
       (1317,348,1872,17,'2024-06-07 07:00:31','2024-06-13','2024-06-18',1645000),
       (1318,113,1873,164,'2024-06-20 05:57:02','2024-06-24','2024-07-02',760000),
       (1319,298,1874,149,'2024-06-28 15:07:25','2024-07-05','2024-07-06',253000),
       (1320,313,1875,32,'2024-06-15 04:02:28','2024-06-23','2024-06-26',41000),
       (1321,134,1876,40,'2024-06-26 11:53:36','2024-07-01','2024-07-05',111000),
       (1322,487,1877,131,'2024-06-12 02:36:09','2024-06-17','2024-06-27',43000),
       (1323,40,1878,135,'2024-06-10 00:28:07','2024-06-15','2024-06-19',871000),
       (1324,210,1879,144,'2024-06-01 07:08:57','2024-06-07','2024-06-10',273000),
       (1325,421,1880,188,'2024-06-11 17:41:46','2024-06-13','2024-06-18',82000),
       (1326,554,1881,178,'2024-06-19 16:02:27','2024-06-25','2024-07-04',446000),
       (1327,73,1882,92,'2024-06-09 02:22:14','2024-06-14','2024-06-23',702000),
       (1328,663,1883,101,'2024-06-12 01:02:41','2024-06-15','2024-06-21',311000),
       (1329,563,1884,72,'2024-06-29 05:33:16','2024-07-04','2024-07-13',48000),
       (1330,631,1885,58,'2024-06-09 16:29:47','2024-06-10','2024-06-19',874000),
       (1331,506,1886,194,'2024-06-14 17:05:53','2024-06-21','2024-06-24',277000),
       (1332,670,1887,130,'2024-06-05 09:13:14','2024-06-10','2024-06-19',189000),
       (1333,257,1888,124,'2024-06-14 14:04:47','2024-06-24','2024-07-04',773000),
       (1334,261,1889,74,'2024-06-01 23:53:13','2024-06-06','2024-06-10',58000),
       (1335,450,1890,21,'2024-06-07 20:08:09','2024-06-14','2024-06-15',553000),
       (1336,627,1891,4,'2024-06-23 01:52:51','2024-06-28','2024-07-01',38000),
       (1337,364,1892,27,'2024-06-15 07:11:00','2024-06-20','2024-06-25',605000),
       (1338,381,1893,20,'2024-06-29 19:57:28','2024-07-07','2024-07-12',134000),
       (1339,570,1894,111,'2024-06-21 06:40:41','2024-06-26','2024-06-30',73000),
       (1340,47,1895,22,'2024-06-06 18:01:21','2024-06-08','2024-06-15',401000),
       (1341,384,1896,171,'2024-06-05 13:59:50','2024-06-10','2024-06-15',106000),
       (1342,556,1897,120,'2024-06-16 02:25:50','2024-06-20','2024-06-24',332000),
       (1343,79,1898,172,'2024-06-05 10:33:49','2024-06-08','2024-06-18',209000),
       (1344,386,1899,83,'2024-06-25 05:51:57','2024-06-28','2024-06-29',277000),
       (1345,314,1900,50,'2024-06-10 02:46:35','2024-06-11','2024-06-13',425000),
       (1346,452,1901,108,'2024-06-12 00:23:09','2024-06-16','2024-06-26',307000),
       (1347,436,1902,79,'2024-06-05 04:56:44','2024-06-15','2024-06-25',956000),
       (1348,473,1903,49,'2024-06-17 02:09:50','2024-06-18','2024-06-21',886000),
       (1349,381,1904,91,'2024-06-19 16:20:12','2024-06-22','2024-06-30',247000),
       (1350,205,1905,65,'2024-06-29 15:47:59','2024-07-09','2024-07-17',375000),
       (1351,322,1906,99,'2024-06-25 14:08:08','2024-07-04','2024-07-05',974000),
       (1352,230,1907,56,'2024-06-23 10:16:30','2024-06-29','2024-07-05',177000),
       (1353,332,1908,54,'2024-06-16 08:02:20','2024-06-25','2024-07-01',89000),
       (1354,428,1909,196,'2024-06-14 08:01:49','2024-06-24','2024-07-04',1488000),
       (1355,422,1910,180,'2024-06-25 16:05:43','2024-06-26','2024-07-03',325000),
       (1356,52,1911,34,'2024-06-07 22:17:16','2024-06-10','2024-06-19',1077000),
       (1357,160,1912,129,'2024-06-02 13:06:16','2024-06-11','2024-06-21',972000),
       (1358,184,1913,163,'2024-06-25 12:05:25','2024-06-26','2024-07-01',810000),
       (1359,38,1914,191,'2024-06-20 19:30:55','2024-06-27','2024-07-01',730000),
       (1360,448,1915,184,'2024-06-03 21:51:34','2024-06-06','2024-06-10',857000),
       (1361,45,1916,40,'2024-06-09 11:24:25','2024-06-13','2024-06-18',183000),
       (1362,145,1917,95,'2024-06-18 14:20:03','2024-06-20','2024-06-21',1228000),
       (1363,308,1918,111,'2024-06-18 23:05:51','2024-06-22','2024-06-29',586000),
       (1364,503,1919,68,'2024-06-23 14:51:23','2024-06-27','2024-07-03',957000),
       (1365,571,1920,89,'2024-06-24 21:56:57','2024-06-26','2024-07-03',230000),
       (1366,173,1921,154,'2024-06-10 14:50:32','2024-06-15','2024-06-24',784000),
       (1367,101,1922,150,'2024-06-04 14:29:50','2024-06-08','2024-06-11',1533000),
       (1368,64,1923,137,'2024-06-21 12:45:58','2024-07-01','2024-07-08',1336000),
       (1369,96,1924,166,'2024-06-28 08:53:40','2024-07-01','2024-07-07',1050000),
       (1370,447,1925,152,'2024-06-22 05:22:49','2024-06-23','2024-07-03',248000),
       (1371,25,1926,11,'2024-06-24 06:49:59','2024-06-27','2024-07-01',606000),
       (1372,253,1927,161,'2024-06-14 10:35:21','2024-06-17','2024-06-18',222000),
       (1373,355,1928,5,'2024-06-03 08:14:07','2024-06-05','2024-06-10',65000),
       (1374,481,1929,39,'2024-06-05 17:43:58','2024-06-11','2024-06-14',37000),
       (1375,126,1930,88,'2024-06-03 11:41:04','2024-06-06','2024-06-12',527000),
       (1376,649,1931,117,'2024-06-13 13:34:16','2024-06-17','2024-06-26',902000),
       (1377,553,1932,124,'2024-06-16 21:59:22','2024-06-17','2024-06-22',908000),
       (1378,256,1933,81,'2024-06-14 11:22:24','2024-06-16','2024-06-20',1370000),
       (1379,157,1934,45,'2024-06-06 06:30:42','2024-06-12','2024-06-21',1200000),
       (1380,116,1935,106,'2024-06-08 23:21:19','2024-06-17','2024-06-27',319000),
       (1381,565,1936,96,'2024-06-25 00:02:11','2024-06-28','2024-07-01',103000),
       (1382,463,1937,131,'2024-06-16 06:34:09','2024-06-25','2024-07-02',42000),
       (1383,338,1938,200,'2024-06-10 12:46:42','2024-06-18','2024-06-22',707000),
       (1384,559,1939,10,'2024-06-28 18:46:56','2024-07-03','2024-07-11',1031000),
       (1385,19,1940,196,'2024-06-25 04:52:40','2024-07-01','2024-07-05',23000),
       (1386,518,1941,183,'2024-06-06 22:47:08','2024-06-07','2024-06-14',429000),
       (1387,140,1942,65,'2024-06-08 19:03:02','2024-06-09','2024-06-11',230000),
       (1388,598,1943,24,'2024-06-10 07:01:58','2024-06-17','2024-06-26',150000),
       (1389,176,1944,118,'2024-06-09 00:45:38','2024-06-14','2024-06-19',392000),
       (1390,63,1945,85,'2024-06-20 19:32:56','2024-06-21','2024-06-28',1108000),
       (1391,409,1946,38,'2024-06-12 00:35:14','2024-06-15','2024-06-21',1138000),
       (1392,576,1947,109,'2024-06-17 09:54:39','2024-06-19','2024-06-28',166000),
       (1393,110,1948,154,'2024-06-29 09:21:30','2024-07-01','2024-07-10',639000),
       (1394,208,1949,181,'2024-06-20 02:11:16','2024-06-26','2024-07-03',1045000),
       (1395,273,1950,167,'2024-06-17 17:25:21','2024-06-25','2024-06-30',935000),
       (1396,550,1951,119,'2024-06-20 06:04:04','2024-06-21','2024-06-22',391000),
       (1397,315,1952,16,'2024-06-06 03:13:08','2024-06-15','2024-06-24',282000),
       (1398,459,1953,30,'2024-06-16 01:34:32','2024-06-23','2024-06-30',7000),
       (1399,201,1954,1,'2024-06-21 22:07:46','2024-06-24','2024-06-29',311000),
       (1400,194,1955,158,'2024-06-19 14:27:55','2024-06-28','2024-07-01',550000),
       (1401,295,1956,94,'2024-06-26 10:20:40','2024-06-29','2024-07-01',173000),
       (1402,66,1957,185,'2024-06-04 03:24:56','2024-06-13','2024-06-17',681000),
       (1403,81,1958,23,'2024-06-07 09:17:38','2024-06-09','2024-06-16',78000),
       (1404,442,1959,20,'2024-06-28 06:15:17','2024-07-05','2024-07-10',151000),
       (1405,337,1960,112,'2024-06-12 06:01:09','2024-06-21','2024-06-30',238000),
       (1406,469,1961,111,'2024-06-10 18:10:24','2024-06-11','2024-06-21',461000),
       (1407,198,1962,8,'2024-06-06 08:40:33','2024-06-13','2024-06-21',976000),
       (1408,307,1963,197,'2024-06-12 05:21:42','2024-06-16','2024-06-25',410000),
       (1409,12,1964,15,'2024-06-02 19:33:53','2024-06-06','2024-06-12',7000),
       (1410,28,1965,155,'2024-06-11 05:27:46','2024-06-12','2024-06-18',929000),
       (1411,481,1966,91,'2024-06-10 18:16:54','2024-06-12','2024-06-19',580000),
       (1412,383,1967,116,'2024-06-21 17:30:05','2024-06-23','2024-06-27',590000),
       (1413,346,1968,169,'2024-06-10 23:38:00','2024-06-16','2024-06-26',76000),
       (1414,626,1969,49,'2024-06-08 13:39:41','2024-06-11','2024-06-16',1254000),
       (1415,656,1970,175,'2024-06-19 15:00:28','2024-06-20','2024-06-23',147000),
       (1416,578,1971,72,'2024-06-04 11:02:27','2024-06-06','2024-06-15',518000),
       (1417,596,1972,44,'2024-06-15 10:43:31','2024-06-20','2024-06-21',204000),
       (1418,118,1973,59,'2024-06-20 23:34:12','2024-06-22','2024-07-02',1798000),
       (1419,651,1974,28,'2024-06-17 08:25:54','2024-06-27','2024-07-03',204000),
       (1420,97,1975,200,'2024-06-22 01:33:19','2024-06-27','2024-07-05',764000),
       (1421,211,1976,122,'2024-06-29 08:37:25','2024-07-08','2024-07-11',389000),
       (1422,439,1977,167,'2024-06-01 06:54:48','2024-06-04','2024-06-06',623000),
       (1423,646,1978,164,'2024-06-13 10:06:35','2024-06-17','2024-06-27',142000),
       (1424,534,1979,106,'2024-06-24 23:03:37','2024-06-25','2024-06-28',157000),
       (1425,228,1980,25,'2024-06-14 00:22:28','2024-06-18','2024-06-24',729000),
       (1426,306,1981,73,'2024-06-10 07:00:26','2024-06-11','2024-06-20',450000),
       (1427,384,1982,187,'2024-06-01 05:50:29','2024-06-10','2024-06-14',862000),
       (1428,402,1983,198,'2024-06-18 10:57:22','2024-06-28','2024-06-30',309000),
       (1429,359,1984,103,'2024-06-17 22:32:10','2024-06-23','2024-07-01',1040000),
       (1430,607,1985,145,'2024-06-28 09:08:59','2024-07-07','2024-07-14',356000),
       (1431,213,1986,7,'2024-06-19 22:28:43','2024-06-29','2024-07-03',1429000),
       (1432,443,1987,173,'2024-06-16 12:45:44','2024-06-26','2024-07-04',943000),
       (1433,218,1988,19,'2024-06-15 10:37:50','2024-06-17','2024-06-27',156000),
       (1434,548,1989,142,'2024-06-11 04:01:27','2024-06-19','2024-06-24',384000),
       (1435,579,1990,181,'2024-06-22 11:55:01','2024-07-02','2024-07-11',46000),
       (1436,86,1991,11,'2024-06-06 19:09:01','2024-06-16','2024-06-26',116000),
       (1437,212,1992,42,'2024-06-08 18:53:34','2024-06-10','2024-06-11',1221000),
       (1438,542,1993,184,'2024-06-27 09:28:37','2024-07-06','2024-07-12',618000),
       (1439,386,1994,38,'2024-06-08 05:54:39','2024-06-09','2024-06-19',79000),
       (1440,366,1995,81,'2024-06-13 11:58:40','2024-06-22','2024-06-30',1074000),
       (1441,370,1996,160,'2024-06-20 04:33:49','2024-06-21','2024-06-25',274000),
       (1442,616,1997,82,'2024-06-06 10:17:04','2024-06-10','2024-06-19',317000),
       (1443,74,1998,62,'2024-06-03 06:38:33','2024-06-08','2024-06-11',1606000),
       (1444,204,1999,1,'2024-06-25 22:48:53','2024-06-27','2024-07-04',207000);

INSERT INTO reward (id, customer_id, amount)
VALUES (1, 1, 468892),
       (2, 2, 2934987),
       (3, 3, 2656298),
       (4, 4, 2526408),
       (5, 5, 2873492),
       (6, 6, 2776472),
       (7, 7, 1162634),
       (8, 8, 930180),
       (9, 9, 1934832),
       (10, 10, 2199710),
       (11, 11, 814125),
       (12, 12, 514742),
       (13, 13, 2450186),
       (14, 14, 2171723),
       (15, 15, 2050863),
       (16, 16, 1864143),
       (17, 17, 2554056),
       (18, 18, 1441298),
       (19, 19, 1606205),
       (20, 20, 1219431),
       (21, 21, 1578972),
       (22, 22, 2411232),
       (23, 23, 2239556),
       (24, 24, 170059),
       (25, 25, 951160),
       (26, 26, 2395750),
       (27, 27, 535970),
       (28, 28, 1012378),
       (29, 29, 1263170),
       (30, 30, 1026881),
       (31, 31, 928927),
       (32, 32, 690680),
       (33, 33, 2128014),
       (34, 34, 1643922),
       (35, 35, 41208),
       (36, 36, 1917117),
       (37, 37, 1351693),
       (38, 38, 2796356),
       (39, 39, 1666056),
       (40, 40, 733544),
       (41, 41, 573488),
       (42, 42, 763104),
       (43, 43, 2675885),
       (44, 44, 550748),
       (45, 45, 1374611),
       (46, 46, 1208669),
       (47, 47, 1949545),
       (48, 48, 481704),
       (49, 49, 2926392),
       (50, 50, 1899570),
       (51, 51, 2289654),
       (52, 52, 1222958),
       (53, 53, 1773785),
       (54, 54, 664622),
       (55, 55, 1176208),
       (56, 56, 2648719),
       (57, 57, 747385),
       (58, 58, 2891682),
       (59, 59, 985040),
       (60, 60, 1811771),
       (61, 61, 2837654),
       (62, 62, 351558),
       (63, 63, 1446792),
       (64, 64, 1345491),
       (65, 65, 2795847),
       (66, 66, 338622),
       (67, 67, 2679229),
       (68, 68, 537754),
       (69, 69, 2959756),
       (70, 70, 1278416),
       (71, 71, 859203),
       (72, 72, 2400343),
       (73, 73, 735184),
       (74, 74, 1846463),
       (75, 75, 409366),
       (76, 76, 2459503),
       (77, 77, 2166810),
       (78, 78, 1154614),
       (79, 79, 132664),
       (80, 80, 1910996),
       (81, 81, 1063665),
       (82, 82, 1284738),
       (83, 83, 2747726),
       (84, 84, 1386260),
       (85, 85, 1266082),
       (86, 86, 2960623),
       (87, 87, 849781),
       (88, 88, 1891371),
       (89, 89, 2820539),
       (90, 90, 1013641),
       (91, 91, 1630856),
       (92, 92, 33376),
       (93, 93, 225261),
       (94, 94, 1787180),
       (95, 95, 619762),
       (96, 96, 1831018),
       (97, 97, 292722),
       (98, 98, 826900),
       (99, 99, 239473),
       (100, 100, 16454),
       (101, 101, 2199523),
       (102, 102, 2835971),
       (103, 103, 2504014),
       (104, 104, 2486983),
       (105, 105, 2627923),
       (106, 106, 2251535),
       (107, 107, 591509),
       (108, 108, 1711568),
       (109, 109, 702401),
       (110, 110, 2226343),
       (111, 111, 807623),
       (112, 112, 382372),
       (113, 113, 541193),
       (114, 114, 1266333),
       (115, 115, 383215),
       (116, 116, 482010),
       (117, 117, 255618),
       (118, 118, 2058551),
       (119, 119, 840324),
       (120, 120, 1520141),
       (121, 121, 591231),
       (122, 122, 2485572),
       (123, 123, 1654341),
       (124, 124, 191602),
       (125, 125, 2381399),
       (126, 126, 1167295),
       (127, 127, 493265),
       (128, 128, 2347461),
       (129, 129, 2216931),
       (130, 130, 199780),
       (131, 131, 561376),
       (132, 132, 2437440),
       (133, 133, 2881770),
       (134, 134, 1317118),
       (135, 135, 1684109),
       (136, 136, 1621309),
       (137, 137, 2097502),
       (138, 138, 2920561),
       (139, 139, 2220221),
       (140, 140, 2608344),
       (141, 141, 50831),
       (142, 142, 2502469),
       (143, 143, 1560877),
       (144, 144, 2013328),
       (145, 145, 81061),
       (146, 146, 2875171),
       (147, 147, 1952554),
       (148, 148, 2817793),
       (149, 149, 42519),
       (150, 150, 2527345),
       (151, 151, 1338873),
       (152, 152, 2601112),
       (153, 153, 2914580),
       (154, 154, 92897),
       (155, 155, 427294),
       (156, 156, 1702197),
       (157, 157, 2929989),
       (158, 158, 2000816),
       (159, 159, 1586232),
       (160, 160, 1667848),
       (161, 161, 2713523),
       (162, 162, 46243),
       (163, 163, 677128),
       (164, 164, 2798489),
       (165, 165, 2363440),
       (166, 166, 2564144),
       (167, 167, 650350),
       (168, 168, 1250915),
       (169, 169, 1104720),
       (170, 170, 758055),
       (171, 171, 1150393),
       (172, 172, 2788597),
       (173, 173, 2348772),
       (174, 174, 1108805),
       (175, 175, 2315898),
       (176, 176, 1058379),
       (177, 177, 1520904),
       (178, 178, 1036299),
       (179, 179, 2202386),
       (180, 180, 1426375),
       (181, 181, 526448),
       (182, 182, 1224653),
       (183, 183, 1231655),
       (184, 184, 2225472),
       (185, 185, 2496902),
       (186, 186, 2875644),
       (187, 187, 1151847),
       (188, 188, 2117792),
       (189, 189, 2284367),
       (190, 190, 2459215),
       (191, 191, 2973784),
       (192, 192, 1494214),
       (193, 193, 703647),
       (194, 194, 2674735),
       (195, 195, 253277),
       (196, 196, 557020),
       (197, 197, 2195830),
       (198, 198, 764026),
       (199, 199, 2335171),
       (200, 200, 953843);

INSERT INTO VOUCHER (IS_REQUESTED, AMOUNT, CREATED_DATE, CREATOR_ID, CUSTOMER_ID, END_DATE, ID, START_DATE,
                     CREATED_REASON)
VALUES (TRUE, 100000, '2024-06-25 05:13:03.088601', 22, 1, '2024-06-25 23:59:59', 1, '2024-06-03 00:00:00', '테스트욤'),
       (TRUE, 200000, '2024-06-25 05:29:01.857154', 22, 2, '2024-06-26 23:59:59', 2, '2024-06-04 00:00:00', '테스트2'),
       (TRUE, 300000, '2024-06-25 05:29:09.912444', 22, 3, '2024-06-26 23:59:59', 3, '2024-06-04 00:00:00', '테스트3'),
       (TRUE, 400000, '2024-06-25 05:29:18.105077', 22, 4, '2024-06-26 23:59:59', 4, '2024-06-04 00:00:00', '테스트4'),
       (TRUE, 400000, '2024-06-25 05:29:25.438826', 22, 5, '2024-06-26 23:59:59', 5, '2024-06-04 00:00:00', '테스트5'),
       (TRUE, 400000, '2024-06-25 05:29:30.460439', 22, 6, '2024-06-26 23:59:59', 6, '2024-06-04 00:00:00', '테스트6'),
       (TRUE, 700000, '2024-06-25 05:29:38.823699', 22, 7, '2024-06-26 23:59:59', 7, '2024-06-04 00:00:00', '테스트7'),
       (TRUE, 800000, '2024-06-25 05:29:47.581272', 22, 8, '2024-06-26 23:59:59', 8, '2024-06-04 00:00:00', '테스트8'),
       (FALSE, 900000, '2024-06-25 05:29:56.551005', 22, 9, '2024-06-26 23:59:59', 9, '2024-06-04 00:00:00', '테스트9'),
       (FALSE, 100000, '2024-06-25 05:30:06.0479', 22, 10, '2024-06-26 23:59:59', 10, '2024-06-04 00:00:00', '테스트10'),
       (TRUE, 100000, '2024-06-25 05:13:03.088601', 22, 11, '2024-06-25 23:59:59', 11, '2024-06-03 00:00:00', '테스트욤'),
       (TRUE, 200000, '2024-06-25 05:29:01.857154', 22, 22, '2024-06-26 23:59:59', 12, '2024-06-04 00:00:00', '테스트'),
       (TRUE, 300000, '2024-06-25 05:29:09.912444', 22, 33, '2024-06-26 23:59:59', 13, '2024-06-04 00:00:00', '테스트'),
       (TRUE, 400000, '2024-06-25 05:29:18.105077', 22, 44, '2024-06-26 23:59:59', 14, '2024-06-04 00:00:00', '테스트'),
       (TRUE, 400000, '2024-06-25 05:29:25.438826', 22, 55, '2024-06-26 23:59:59', 15, '2024-06-04 00:00:00', '테스트'),
       (TRUE, 400000, '2024-06-25 05:29:30.460439', 22, 66, '2024-06-26 23:59:59', 16, '2024-06-04 00:00:00', '테스트'),
       (TRUE, 700000, '2024-06-25 05:29:38.823699', 22, 77, '2024-06-26 23:59:59', 17, '2024-06-04 00:00:00', '테스트'),
       (TRUE, 800000, '2024-06-25 05:29:47.581272', 22, 88, '2024-06-26 23:59:59', 18, '2024-06-04 00:00:00', '테스트'),
       (FALSE, 900000, '2024-06-25 05:29:56.551005', 22, 99, '2024-06-26 23:59:59', 19, '2024-06-04 00:00:00', '테스트'),
       (FALSE, 100000, '2024-06-25 05:30:06.0479', 22, 20, '2024-06-26 23:59:59', 20, '2024-06-04 00:00:00', '테스트'),
       (TRUE, 100000, '2024-06-25 05:13:03.088601', 22, 21, '2024-06-25 23:59:59', 21, '2024-06-03 00:00:00', '테스트욤'),
       (TRUE, 200000, '2024-06-25 05:29:01.857154', 22, 22, '2024-06-26 23:59:59', 22, '2024-06-04 00:00:00', '테스트'),
       (TRUE, 300000, '2024-06-25 05:29:09.912444', 22, 23, '2024-06-26 23:59:59', 23, '2024-06-04 00:00:00', '테스트'),
       (TRUE, 400000, '2024-06-25 05:29:18.105077', 22, 24, '2024-06-26 23:59:59', 24, '2024-06-04 00:00:00', '테스트'),
       (TRUE, 400000, '2024-06-25 05:29:25.438826', 22, 25, '2024-06-26 23:59:59', 25, '2024-06-04 00:00:00', '테스트'),
       (TRUE, 400000, '2024-06-25 05:29:30.460439', 22, 26, '2024-06-26 23:59:59', 26, '2024-06-04 00:00:00', '테스트'),
       (TRUE, 700000, '2024-06-25 05:29:38.823699', 22, 27, '2024-06-26 23:59:59', 27, '2024-06-04 00:00:00', '테스트'),
       (TRUE, 800000, '2024-06-25 05:29:47.581272', 22, 28, '2024-06-26 23:59:59', 28, '2024-06-04 00:00:00', '테스트'),
       (FALSE, 900000, '2024-06-25 05:29:56.551005', 22, 29, '2024-06-26 23:59:59', 29, '2024-06-04 00:00:00', '테스트'),
       (FALSE, 100000, '2024-06-25 05:30:06.0479', 22, 30, '2024-06-26 23:59:59', 30, '2024-06-04 00:00:00', '테스트');
--        (8, 183, 70000, '2018-12-19 00:00:00', 'Customer Loyalty', TRUE),
--        (18, 57, 280000, '2024-08-10 00:00:00', 'Refund', FALSE),
--        (9, 18, 110000, '2019-04-24 00:00:00', 'Holiday Sale', TRUE),
--        (14, 199, 180000, '2021-10-06 00:00:00', 'Birthday Gift', FALSE),
--        (19, 85, 120000, '2020-03-21 00:00:00', 'Promotion', TRUE),
--        (7, 137, 270000, '2021-03-31 00:00:00', 'Customer Loyalty', FALSE),
--        (5, 88, 300000, '2023-10-09 00:00:00', 'Refund', TRUE),
--        (5, 155, 170000, '2021-08-22 00:00:00', 'Holiday Sale', FALSE),
--        (13, 109, 40000, '2025-02-11 00:00:00', 'Birthday Gift', TRUE),
--        (18, 62, 160000, '2021-05-08 00:00:00', 'Promotion', FALSE),
--        (12, 177, 260000, '2024-12-24 00:00:00', 'Customer Loyalty', TRUE),
--        (20, 165, 50000, '2019-06-08 00:00:00', 'Refund', FALSE),
--        (8, 54, 100000, '2019-06-23 00:00:00', 'Holiday Sale', TRUE),
--        (10, 63, 120000, '2024-09-20 00:00:00', 'Birthday Gift', FALSE),
--        (1, 23, 230000, '2022-04-10 00:00:00', 'Promotion', TRUE),
--        (3, 5, 180000, '2019-06-04 00:00:00', 'Customer Loyalty', FALSE),
--        (1, 111, 180000, '2021-09-22 00:00:00', 'Refund', TRUE),
--        (7, 182, 200000, '2024-06-24 00:00:00', 'Holiday Sale', FALSE),
--        (18, 163, 120000, '2025-06-29 00:00:00', 'Birthday Gift', TRUE),
--        (11, 56, 160000, '2023-12-13 00:00:00', 'Promotion', FALSE),
--        (4, 104, 20000, '2024-04-15 00:00:00', 'Customer Loyalty', TRUE),
--        (10, 162, 180000, '2023-07-07 00:00:00', 'Refund', FALSE),
--        (2, 191, 50000, '2021-03-27 00:00:00', 'Holiday Sale', TRUE),
--        (13, 183, 230000, '2018-12-26 00:00:00', 'Birthday Gift', FALSE),
--        (20, 51, 80000, '2022-11-25 00:00:00', 'Promotion', TRUE),
--        (17, 165, 40000, '2018-09-01 00:00:00', 'Customer Loyalty', FALSE),
--        (1, 119, 190000, '2022-01-08 00:00:00', 'Refund', TRUE),
--        (14, 86, 170000, '2024-09-12 00:00:00', 'Holiday Sale', FALSE),
--        (3, 7, 250000, '2022-04-07 00:00:00', 'Birthday Gift', TRUE),
--        (19, 84, 40000, '2021-11-15 00:00:00', 'Promotion', FALSE),
--        (2, 182, 100000, '2025-03-17 00:00:00', 'Customer Loyalty', TRUE),
--        (6, 99, 220000, '2024-05-27 00:00:00', 'Refund', FALSE),
--        (11, 143, 280000, '2024-04-08 00:00:00', 'Holiday Sale', TRUE),
--        (10, 105, 120000, '2020-03-20 00:00:00', 'Birthday Gift', FALSE),
--        (7, 102, 270000, '2024-06-12 00:00:00', 'Promotion', TRUE),
--        (20, 22, 20000, '2021-10-21 00:00:00', 'Customer Loyalty', FALSE),
--        (15, 129, 10000, '2021-08-20 00:00:00', 'Refund', TRUE),
--        (10, 46, 40000, '2019-05-11 00:00:00', 'Holiday Sale', FALSE),
--        (6, 69, 70000, '2019-05-31 00:00:00', 'Birthday Gift', TRUE),
--        (11, 54, 160000, '2019-08-19 00:00:00', 'Promotion', FALSE),
--        (2, 37, 230000, '2022-09-26 00:00:00', 'Customer Loyalty', TRUE),
--        (12, 117, 160000, '2021-12-27 00:00:00', 'Refund', FALSE),
--        (16, 190, 170000, '2021-08-25 00:00:00', 'Holiday Sale', TRUE),
--        (16, 112, 80000, '2022-01-07 00:00:00',  'Birthday Gift', FALSE),
--        (19, 33, 210000, '2019-04-13 00:00:00', 'Promotion', TRUE),
--        (2, 35, 240000, '2021-02-28 00:00:00', 'Customer Loyalty', FALSE),
--        (1, 40, 270000, '2023-06-13 00:00:00', 'Refund', TRUE),
--        (7, 58, 190000, '2021-08-19 00:00:00', 'Holiday Sale', FALSE),
--        (4, 34, 220000, '2022-07-18 00:00:00', 'Birthday Gift', TRUE),
--        (13, 148, 250000, '2018-08-24 00:00:00', 'Promotion', FALSE),
--        (17, 32, 50000, '2021-04-18 00:00:00', 'Customer Loyalty', TRUE),
--        (14, 39, 280000, '2025-06-16 00:00:00', 'Refund', FALSE),
--        (6, 48, 290000, '2025-12-29 00:00:00', 'Holiday Sale', TRUE),
--        (19, 143, 240000, '2025-06-09 00:00:00', 'Birthday Gift', FALSE),
--        (17, 191, 160000, '2020-06-15 00:00:00', 'Promotion', TRUE),
--        (4, 105, 30000, '2020-01-01 00:00:00', 'Customer Loyalty', FALSE),
--        (12, 34, 40000, '2024-02-22 00:00:00', 'Refund', TRUE),
--        (15, 69, 40000, '2020-10-26 00:00:00', 'Holiday Sale', FALSE),
--        (2, 140, 110000, '2023-03-05 00:00:00', 'Birthday Gift', TRUE),
--        (3, 103, 80000, '2024-06-20 00:00:00', 'Promotion', FALSE),
--        (5, 76, 160000, '2024-01-07 00:00:00', 'Customer Loyalty', TRUE),
--        (14, 73, 210000, '2020-06-22 00:00:00', 'Refund', FALSE),
--        (15, 137, 30000, '2020-12-17 00:00:00', 'Holiday Sale', TRUE),
--        (17, 93, 200000, '2018-09-21 00:00:00', 'Birthday Gift', FALSE),
--        (18, 192, 270000, '2025-06-29 00:00:00', 'Promotion', TRUE),
--        (8, 60, 240000, '2018-10-26 00:00:00', 'Customer Loyalty', FALSE),
--        (20, 153, 150000, '2021-08-07 00:00:00', 'Refund', TRUE),
--        (13, 187, 290000, '2024-06-14 00:00:00', 'Holiday Sale', FALSE),
--        (10, 80, 240000, '2021-02-04 00:00:00', 'Birthday Gift', TRUE),
--        (3, 33, 180000, '2018-11-30 00:00:00', 'Promotion', FALSE),
--        (7, 186, 80000, '2024-11-17 00:00:00', 'Customer Loyalty', TRUE),
--        (3, 106, 80000, '2020-12-02 00:00:00', 'Refund', FALSE),
--        (6, 69, 210000, '2020-12-31 00:00:00', 'Holiday Sale', TRUE),
--        (11, 33, 70000, '2020-03-15 00:00:00', 'Birthday Gift', FALSE),
--        (1, 6, 170000, '2021-05-18 00:00:00', 'Promotion', TRUE),
--        (16, 182, 260000, '2024-10-09 00:00:00', 'Customer Loyalty', FALSE),
--        (20, 105, 240000, '2018-07-15 00:00:00', 'Refund', TRUE),
--        (18, 102, 110000, '2025-07-16 00:00:00', 'Holiday Sale', FALSE),
--        (14, 21, 220000, '2022-09-10 00:00:00',  'Birthday Gift', TRUE),
--        (6, 127, 120000, '2021-01-04 00:00:00',  'Promotion', FALSE),
--        (20, 46, 100000, '2019-08-18 00:00:00',  'Customer Loyalty', TRUE),
--        (11, 2, 20000, '2023-05-05 00:00:00', 'Refund', FALSE),
--        (1, 9, 80000, '2022-12-07 00:00:00', 'Holiday Sale', TRUE),
--        (12, 99, 200000, '2023-07-09 00:00:00', , 'Birthday Gift', FALSE),
--        (7, 176, 230000, '2020-03-31 00:00:00', , 'Promotion', TRUE),
--        (19, 52, 240000, '2024-12-12 00:00:00', , 'Customer Loyalty', FALSE),
--        (3, 69, 140000, '2020-11-02 00:00:00', 'Refund', TRUE),
--        (5, 174, 160000, '2024-12-16 00:00:00','Holiday Sale', FALSE),
--        ( 9, 89, 120000, '2021-03-08 00:00:00', '2021-0 Gift', TRUE),
--        ( 6, 154, 70000, '2021-03-05 00:00:00', ,  'Promotion', FALSE),
--        ( 12, 150, 160000, '2022-01-25 00:00:00',  'Customer Loyalty', TRUE),
--        ( 20, 179, 40000, '2020-03-14 00:00:00',  'Refund', FALSE),
--        ( 17, 23, 80000, '2023-09-08 00:00:00',   'Holiday Sale', TRUE),
--        ( 7, 120, 290000, '2024-10-10 00:00:00',  'Birthday Gift', FALSE),
--        ( 2, 12, 130000, '2020-11-18 00:00:00',   'Promotion', TRUE),
--        ( 8, 162, 300000, '2023-10-14 00:00:00',  'Customer Loyalty', FALSE),
--        ( 11, 52, 270000, '2025-07-20 00:00:00',  'Refund', TRUE),
--        ( 13, 114, 100000, '2018-10-25 00:00:00',  'Holiday Sale', FALSE),
--        ( 6, 45, 70000, '2020-04-23 00:00:00',  'Birthday Gift', TRUE),
--        ( 19, 58, 10000, '2022-10-07 00:00:00',  'Promotion', FALSE),
--        ( 9, 195, 190000, '2026-03-07 00:00:00',  'Customer Loyalty', TRUE),
--        ( 16, 197, 10000, '2019-01-07 00:00:00',  'Refund', FALSE),
--        ( 3, 110, 200000, '2020-05-22 00:00:00',  'Holiday Sale', TRUE),
--        ( 14, 122, 150000, '2022-07-07 00:00:00',  'Birthday Gift', FALSE),
--        ( 5, 149, 180000, '2025-02-12 00:00:00',  'Promotion', TRUE),
--        ( 10, 89, 90000, '2021-09-16 00:00:00',   'Customer Loyalty', FALSE),
--        ( 12, 169, 90000, '2018-06-27 00:00:00',  'Refund', TRUE),
--        ( 7, 124, 210000, '2021-05-29 00:00:00',  'Holiday Sale', FALSE),
--        ( 17, 171, 140000, '2025-04-20 00:00:00',  'Birthday Gift', TRUE),
--        ( 3, 150, 270000, '2021-11-12 00:00:00',  'Promotion', FALSE),
--        ( 8, 42, 220000, '2025-05-09 00:00:00',   'Customer Loyalty', TRUE),
--        ( 9, 93, 110000, '2019-11-06 00:00:00',   'Refund', FALSE),
--        ( 14, 106, 210000, '2021-07-07 00:00:00',  'Holiday Sale', TRUE),
--        ( 5, 166, 180000, '2024-01-24 00:00:00',  'Birthday Gift', FALSE),
--        ( 16, 96, 30000, '2021-05-08 00:00:00',   'Promotion', TRUE),
--        ( 19, 28, 250000, '2020-12-05 00:00:00',  'Customer Loyalty', FALSE),
--        ( 18, 47, 40000, '2025-10-21 00:00:00',   'Refund', TRUE),
--        ( 17, 123, 150000, '2019-01-03 00:00:00',  'Holiday Sale', FALSE),
--        ( 13, 55, 100000, '2020-02-20 00:00:00',  'Birthday Gift', TRUE),
--        ( 6, 88, 280000, '2022-08-14 00:00:00',   'Promotion', FALSE),
--        ( 7, 36, 50000, '2024-08-22 00:00:00', 'Customer Loyalty', TRUE),
--        ( 5, 168, 200000, '2023-09-11 00:00:00',  'Refund', FALSE),
--        ( 3, 162, 240000, '2023-10-14 00:00:00',  'Holiday Sale', TRUE),
--        ( 1, 25, 110000, '2024-06-28 00:00:00',   'Birthday Gift', FALSE),
--        ( 20, 121, 150000, '2024-07-23 00:00:00'  'Promotion', TRUE),
--        ( 6, 192, 10000, '2025-01-03 00:00:00',  'Customer Loyalty', FALSE),
--        ( 17, 81, 120000, '2024-08-03 00:00:00', 'Refund', TRUE),
--        ( 9, 86, 270000, '2023-06-27 00:00:00',   'Holiday Sale', FALSE),
--        ( 8, 47, 170000, '2025-10-03 00:00:00',   'Birthday Gift', TRUE),
--        ( 1, 193, 220000, '2023-04-23 00:00:00',  'Promotion', FALSE),
--        ( 19, 143, 190000, '2023-06-13 00:00:00',  'Customer Loyalty', TRUE),
--        ( 16, 187, 120000, '2026-03-02 00:00:00',  'Refund', FALSE),
--        ( 11, 103, 150000, '2025-06-04 00:00:00',  'Holiday Sale', TRUE),
--        ( 18, 148, 40000, '2019-05-04 00:00:00',  'Birthday Gift', FALSE),
--        ( 17, 159, 270000, '2025-01-27 00:00:00',  'Promotion', TRUE),
--        ( 13, 147, 60000, '2022-02-24 00:00:00', 'Customer Loyalty', FALSE),
--        ( 19, 110, 10000, '2019-03-29 00:00:00',  'Refund', TRUE),
--        ( 10, 61, 210000, '2022-03-28 00:00:00',  'Holiday Sale', FALSE),
--        ( 20, 94, 50000, '2021-03-10 00:00:00',   'Birthday Gift', TRUE),
--        ( 15, 18, 230000, '2019-09-27 00:00:00',  'Promotion', FALSE),
--        ( 4, 93, 180000, '2018-11-21 00:00:00',   'Customer Loyalty', TRUE),
--        ( 11, 183, 270000, '2019-01-05 00:00:00',  'Refund', FALSE),
--        ( 20, 167, 130000, '2020-06-12 00:00:00',  'Holiday Sale', TRUE),
--        ( 6, 56, 120000, '2024-08-03 00:00:00',   'Birthday Gift', FALSE),
--        ( 17, 152, 260000, '2023-01-09 00:00:00',  'Promotion', TRUE),
--        ( 10, 21, 190000, '2024-02-22 00:00:00',  'Customer Loyalty', FALSE),
--        ( 18, 168, 280000, '2024-04-22 00:00:00',  'Refund', TRUE),
--        ( 13, 25, 190000, '2023-07-07 00:00:00',  'Holiday Sale', FALSE),
--        ( 7, 140, 200000, '2023-11-19 00:00:00',  'Birthday Gift', TRUE),
--        ( 9, 129, 260000, '2022-07-28 00:00:00',  'Promotion', FALSE),
--        ( 1, 51, 60000, '2024-10-14 00:00:00',   'Customer Loyalty', TRUE),
--        ( 6, 137, 70000, '2021-03-28 00:00:00',  'Refund', FALSE),
--        ( 10, 151, 250000, '2022-01-17 00:00:00',  'Holiday Sale', TRUE),
--        ( 19, 172, 140000, '2021-04-27 00:00:00',  'Birthday Gift', FALSE),
--        ( 5, 128, 60000, '2019-09-01 00:00:00', ,  'Promotion', TRUE),
--        ( 20, 190, 40000, '2020-09-28 00:00:00',  'Customer Loyalty', FALSE),
--        ( 9, 166, 150000, '2024-02-15 00:00:00',  'Refund', TRUE),
--        ( 1, 101, 180000, '2024-10-10 00:00:00',  'Holiday Sale', FALSE),
--        ( 8, 32, 210000, '2022-09-13 00:00:00',   'Birthday Gift', TRUE),
--        ( 7, 92, 100000, '2023-04-06 00:00:00',   'Promotion', FALSE),
--        ( 20, 84, 140000, '2020-06-12 00:00:00',  'Customer Loyalty', TRUE),
--        ( 13, 143, 70000, '2024-11-06 00:00:00',  'Refund', FALSE),
--        ( 4, 103, 90000, '2024-10-25 00:00:00',   'Holiday Sale', TRUE),
--        ( 16, 52, 90000, '2025-02-08 00:00:00',   'Birthday Gift', FALSE),
--        ( 10, 35, 20000, '2020-11-18 00:00:00',   'Promotion', TRUE),
--        ( 5, 83, 210000, '2021-08-24 00:00:00',   'Customer Loyalty', FALSE),
--        ( 19, 70, 260000, '2022-02-22 00:00:00',  'Refund', TRUE),
--        ( 18, 43, 250000, '2023-01-12 00:00:00',  'Holiday Sale', FALSE),
--        ( 3, 62, 90000, '2019-06-25 00:00:00',  'Birthday Gift', TRUE),
--        ( 16, 90, 260000, '2024-04-18 00:00:00',  'Promotion', FALSE),
--        ( 17, 8, 250000, '2025-01-04 00:00:00',  'Customer Loyalty', TRUE),
--        ( 11, 100, 210000, '2024-01-25 00:00:00',  'Refund', FALSE),
--        ( 2, 66, 60000, '2020-04-20 00:00:00',  'Holiday Sale', TRUE),
--        ( 18, 153, 90000, '2021-09-13 00:00:00',  'Birthday Gift', FALSE),
--        ( 3, 99, 250000, '2024-11-27 00:00:00',  'Promotion', TRUE),
--        ( 12, 172, 280000, '2022-06-22 00:00:00',  'Customer Loyalty', FALSE),
--        ( 9, 184, 120000, '2024-08-25 00:00:00',  'Refund', TRUE),
--        ( 14, 135, 160000, '2020-08-22 00:00:00',  'Holiday Sale', FALSE),
--        ( 16, 104, 120000, '2022-12-12 00:00:00',  'Birthday Gift', TRUE),
--        ( 1, 11, 280000, '2022-04-19 00:00:00',  'Promotion', FALSE),
--        ( 9, 71, 40000, '2020-10-16 00:00:00',  'Customer Loyalty', TRUE),
--        ( 4, 73, 50000, '2020-08-19 00:00:00',  'Refund', FALSE),
--        ( 17, 121, 90000, '2023-04-11 00:00:00',  'Holiday Sale', TRUE),
--        ( 13, 24, 130000, '2024-06-30 00:00:00',  'Birthday Gift', FALSE),
--        ( 6, 116, 110000, '2024-10-31 00:00:00',  'Promotion', TRUE),
--        ( 7, 106, 100000, '2022-07-02 00:00:00',  'Customer Loyalty', FALSE),
--        ( 2, 19, 120000, '2023-01-23 00:00:00',   'Refund', TRUE),
--        ( 10, 64, 290000, '2022-10-19 00:00:00',  'Holiday Sale', FALSE),
--        ( 8, 76, 200000, '2024-01-25 00:00:00',   'Birthday Gift', TRUE),
--        ( 6, 6, 270000, '2020-04-09 00:00:00',  'Promotion', FALSE),
--        ( 3, 44, 20000, '2022-10-16 00:00:00',   'Customer Loyalty', TRUE),
--        ( 7, 175, 240000, '2020-06-29 00:00:00',  'Refund', FALSE),
--        ( 17, 116, 180000, '2023-08-24 00:00:00',  'Holiday Sale', TRUE),
--        ( 5, 43, 80000, '2023-10-06 00:00:00', 'Birthday Gift', FALSE),
--        ( 12, 60, 130000, '2020-02-08 00:00:00',  'Promotion', TRUE),
--        ( 19, 199, 270000, '2020-09-28 00:00:00',  'Customer Loyalty', FALSE),
--        ( 12, 21, 90000, '2024-03-04 00:00:00',  'Refund', TRUE),
--        ( 2, 189, 70000, '2026-04-14 00:00:00',  'Holiday Sale', FALSE),
--        ( 3, 97, 120000, '2021-11-02 00:00:00',  'Birthday Gift', TRUE),
--        ( 19, 187, 210000, '2025-04-03 00:00:00',  'Promotion', FALSE),
--        ( 11, 161, 30000, '2020-05-10 00:00:00',  'Customer Loyalty', TRUE),
--        ( 7, 132, 300000, '2021-06-12 00:00:00',  'Refund', FALSE),
--        ( 1, 52, 210000, '2025-04-26 00:00:00',   'Holiday Sale', TRUE),
--        ( 20, 178, 200000, '2022-01-05 00:00:00',  'Birthday Gift', FALSE),
--        ( 9, 93, 20000, '2018-04-30 00:00:00', 'Promotion', TRUE),
--        ( 15, 73, 290000, '2020-06-12 00:00:00', 'Customer Loyalty', FALSE),
--        ( 16, 183, 170000, '2019-10-30 00:00:00',  'Refund', TRUE),
--        ( 7, 142, 210000, '2023-01-11 00:00:00',  'Holiday Sale', FALSE),
--        ( 5, 88, 120000, '2023-01-18 00:00:00',   'Birthday Gift', TRUE),
--        ( 20, 63, 50000, '2023-02-09 00:00:00',   'Promotion', FALSE),
--        ( 2, 36, 220000, '2025-03-02 00:00:00',   'Customer Loyalty', TRUE),
--        ( 8, 186, 140000, '2023-09-02 00:00:00',  'Refund', FALSE),
--        ( 13, 134, 30000, '2023-12-30 00:00:00',  'Holiday Sale', TRUE),
--        ( 10, 143, 90000, '2024-06-22 00:00:00',  'Birthday Gift', FALSE),
--        ( 4, 176, 110000, '2019-07-09 00:00:00',  'Promotion', TRUE),
--        ( 16, 195, 70000, '2024-08-07 00:00:00',  'Customer Loyalty', FALSE),
--        ( 18, 34, 50000, '2023-05-09 00:00:00',   'Refund', TRUE),
--        ( 17, 41, 180000, '2021-11-21 00:00:00',  'Holiday Sale', FALSE),
--        ( 11, 134, 270000, '2022-12-28 00:00:00',  'Birthday Gift', TRUE),
--        ( 19, 38, 170000, '2019-09-08 00:00:00',  'Promotion', FALSE),
--        ( 8, 26, 30000, '2025-05-20 00:00:00', 'Customer Loyalty', TRUE),
--        ( 13, 97, 100000, '2020-07-17 00:00:00',  'Refund', FALSE),
--        ( 12, 69, 290000, '2019-07-06 00:00:00',  'Holiday Sale', TRUE),
--        ( 2, 159, 20000, '2024-05-09 00:00:00',   'Birthday Gift', FALSE),
--        ( 5, 107, 200000, '2022-01-08 00:00:00',  'Promotion', TRUE),
--        ( 20, 145, 40000, '2021-09-24 00:00:00',  'Customer Loyalty', FALSE),
--        ( 15, 135, 220000, '2021-03-15 00:00:00',  'Refund', TRUE),
--        ( 19, 178, 30000, '2023-08-09 00:00:00',  'Holiday Sale', FALSE),
--        ( 17, 147, 100000, '2022-03-26 00:00:00',  'Birthday Gift', TRUE),
--        ( 1, 123, 60000, '2019-09-16 00:00:00',  'Promotion', FALSE),
--        ( 7, 111, 120000, '2020-11-14 00:00:00',  'Customer Loyalty', TRUE),
--        ( 6, 78, 150000, '2022-12-12 00:00:00',  'Refund', FALSE),
--        ( 8, 116, 120000, '2025-04-18 00:00:00',  'Holiday Sale', TRUE),
--        ( 5, 178, 90000, '2023-09-16 00:00:00',  'Birthday Gift', FALSE),
--        ( 17, 30, 50000, '2023-07-15 00:00:00',  'Promotion', TRUE),
--        ( 18, 11, 190000, '2021-10-22 00:00:00',  'Customer Loyalty', FALSE),
--        ( 12, 67, 20000, '2021-09-26 00:00:00',  'Refund', TRUE),
--        ( 20, 41, 230000, '2023-02-08 00:00:00',  'Holiday Sale', FALSE),
--        ( 6, 197, 190000, '2019-12-17 00:00:00',  'Birthday Gift', TRUE),
--        ( 1, 160, 50000, '2025-07-29 00:00:00',  'Promotion', FALSE),
--        ( 15, 28, 20000, '2020-06-28 00:00:00',  'Customer Loyalty', TRUE),
--        ( 8, 191, 280000, '2019-10-31 00:00:00',  'Refund', FALSE),
--        ( 5, 188, 290000, '2024-08-16 00:00:00',  'Holiday Sale', TRUE),
--        ( 20, 156, 230000, '2023-05-30 00:00:00',  'Birthday Gift', FALSE),
--        ( 13, 4, 190000, '2023-12-23 00:00:00', 'Promotion', TRUE),
--        ( 16, 125, 140000, '2022-01-05 00:00:00',  'Customer Loyalty', FALSE),
--        ( 10, 197, 140000, '2020-03-25 00:00:00',  'Refund', TRUE),
--        ( 11, 143, 230000, '2024-08-03 00:00:00',  'Holiday Sale', FALSE),
--        ( 7, 176, 150000, '2020-09-04 00:00:00',  'Birthday Gift', TRUE),
--        ( 18, 46, 90000, '2018-11-02 00:00:00',  'Promotion', FALSE),
--        ( 11, 175, 120000, '2019-01-31 00:00:00',  'Customer Loyalty', TRUE),
--        ( 9, 17, 130000, '2025-08-25 00:00:00',  'Refund', FALSE),
--        ( 3, 50, 120000, '2022-12-14 00:00:00',  'Holiday Sale', TRUE),
--        ( 20, 68, 100000, '2024-02-23 00:00:00',  'Birthday Gift', FALSE),
--        ( 8, 122, 240000, '2022-05-26 00:00:00',  'Promotion', TRUE),
--        ( 7, 30, 270000, '2023-12-07 00:00:00',  'Customer Loyalty', FALSE),
--        ( 13, 59, 130000, '2021-08-05 00:00:00',  'Refund', TRUE),
--        ( 18, 172, 270000, '2021-10-26 00:00:00',  'Holiday Sale', FALSE),
--        ( 14, 65, 170000, '2020-02-02 00:00:00',  'Birthday Gift', TRUE),
--        ( 10, 40, 240000, '2022-02-11 00:00:00',  'Promotion', FALSE),
--        ( 15, 76, 290000, '2022-07-30 00:00:00',  'Customer Loyalty', TRUE),
--        ( 19, 136, 180000, '2021-03-24 00:00:00',  'Refund', FALSE),
--        ( 12, 57, 180000, '2024-06-01 00:00:00',  'Holiday Sale', TRUE),
--        ( 4, 17, 210000, '2025-04-14 00:00:00',  'Birthday Gift', FALSE),
--        ( 8, 162, 230000, '2022-07-18 00:00:00',  'Promotion', TRUE),
--        ( 6, 159, 20000, '2025-05-26 00:00:00',  'Customer Loyalty', FALSE),
--        ( 3, 51, 220000, '2023-01-25 00:00:00',  'Refund', TRUE),
--        ( 5, 12, 110000, '2021-03-23 00:00:00',  'Holiday Sale', FALSE),
--        ( 6, 61, 190000, '2023-08-28 00:00:00',  'Birthday Gift', TRUE),
--        ( 2, 23, 280000, '2023-07-07 00:00:00',  'Promotion', FALSE),
--        ( 5, 173, 230000, '2019-06-29 00:00:00',  'Customer Loyalty', TRUE),
--        ( 9, 91, 290000, '2021-12-31 00:00:00',  'Refund', FALSE),
--        ( 7, 125, 180000, '2023-01-08 00:00:00',  'Holiday Sale', TRUE),
--        ( 19, 53, 130000, '2021-12-24 00:00:00',  'Birthday Gift', FALSE),
--        ( 14, 122, 220000, '2022-08-05 00:00:00',  'Promotion', TRUE),
--        ( 3, 75, 200000, '2023-01-29 00:00:00',  'Customer Loyalty', FALSE),
--        ( 12, 26, 90000, '2025-03-12 00:00:00',  'Refund', TRUE),
--        ( 16, 159, 270000, '2024-04-26 00:00:00',  'Holiday Sale', FALSE),
--        ( 17, 168, 40000, '2023-07-03 00:00:00',  'Birthday Gift', TRUE),
--        ( 15, 164, 200000, '2025-09-18 00:00:00',  'Promotion', FALSE),
--        ( 4, 195, 290000, '2026-03-15 00:00:00',  'Customer Loyalty', TRUE),
--        ( 8, 109, 60000, '2024-12-21 00:00:00',  'Refund', FALSE),
--        ( 18, 133, 70000, '2021-01-12 00:00:00',  'Holiday Sale', TRUE),
--        ( 1, 117, 40000, '2021-08-26 00:00:00',  'Birthday Gift', FALSE),
--        ( 13, 114, 70000, '2019-09-27 00:00:00',  'Promotion', TRUE),
--        ( 20, 72, 190000, '2021-06-02 00:00:00',  'Customer Loyalty', FALSE),
--        ( 10, 1, 280000, '2022-08-04 00:00:00',  'Refund', TRUE),
--        ( 11, 129, 70000, '2023-01-26 00:00:00',  'Holiday Sale', FALSE),
--        ( 13, 15, 10000, '2022-05-29 00:00:00',  'Birthday Gift', TRUE);

-- Inserting data into the voucher_history table
-- data.sql

INSERT INTO VOUCHER_HISTORY (CONFIRMED_DATE, CONVERTED_DATE, CUSTOMER_ID, ID, ISSUE_OR_CANCEL_DATE, MANAGER_ID,
                             REQUESTED_DATE, STAFF_ID, VOUCHER_ID, REJECTED_REASON, STATUS, VOUCHER_CODE)
VALUES ('2024-06-25 05:31:06.630283', null, 1, 1, '2024-06-25 05:41:38.673364', 21, '2024-06-25 05:28:34.036755', 22, 1,
        null, 'SENDED', 'R8C5RFUB2MP4KH85'),
       ('2024-06-25 05:31:21.682376', null, 2, 2, '2024-06-25 05:42:18.657958', 21, '2024-06-25 05:30:31.277209', 22, 2,
        null, 'CANCELED', 'A71VHRG1E7FP0YVZ'),
       ('2024-06-25 05:31:27.516033', null, 3, 3, null, 21, '2024-06-25 05:30:34.123014', 22, 3, '안됩니다!', 'REJECTED',
        null),
       ('2024-06-25 05:31:33.311061', null, 4, 4, null, 21, '2024-06-25 05:30:35.639014', 22, 4, '안돼요~', 'REJECTED',
        null),
       ('2024-06-25 05:31:40.645225', null, 5, 5, '2024-06-25 05:42:41.047766', 21, '2024-06-25 05:30:37.453276', 22, 5,
        null, 'SENDED', 'E0KSUDQS8WWIFGXC'),
       ('2024-06-25 05:43:00.38289', null, 6, 6, null, 21, '2024-06-25 05:30:38.312024', 22, 6, null, 'APPROVED',
        'E3ASDFG2HEK7RWFY'),
       (null, null, 7, 7, null, null, '2024-06-25 05:30:39.788877', 22, 7, null, 'REQUESTED', null),
       (null, null, 8, 8, null, null, '2024-06-25 05:33:16.224452', 22, 8, null, 'REQUESTED', null),
       ('2024-06-25 05:31:06.630283', null, 11, 9, '2024-06-25 05:41:38.673364', 21, '2024-06-25 05:28:34.036755', 22,
        11, null, 'CONVERTED', 'R8C5RFUB2MP4KH85'),
       ('2024-06-25 05:31:21.682376', null, 12, 10, '2024-06-25 05:42:18.657958', 21, '2024-06-25 05:30:31.277209', 22,
        12, null, 'CANCELED', 'A71VHRG1E7FP0YVZ'),
       ('2024-06-25 05:31:27.516033', null, 13, 11, null, 21, '2024-06-25 05:30:34.123014', 22, 13, '안됩니다!', 'REJECTED',
        null),
       ('2024-06-25 05:31:33.311061', null, 14, 12, null, 21, '2024-06-25 05:30:35.639014', 22, 14, '안돼요~', 'REJECTED',
        null),
       ('2024-06-25 05:31:40.645225', null, 15, 13, '2024-06-25 05:42:41.047766', 21, '2024-06-25 05:30:37.453276', 22,
        15, null, 'SENDED', 'E0KSUDQS8WWIFGXC'),
       ('2024-06-25 05:43:00.38289', null, 16, 14, null, 21, '2024-06-25 05:30:38.312024', 22, 16, null, 'APPROVED',
        'Y8TM0RE45K7RWFYD'),
       (null, null, 17, 15, null, null, '2024-06-25 05:30:39.788877', 22, 17, null, 'REQUESTED', null),
       (null, null, 18, 16, null, null, '2024-06-25 05:33:16.224452', 22, 18, null, 'REQUESTED', null),
       ('2024-06-25 05:31:06.630283', null, 21, 17, '2024-06-25 05:41:38.673364', 21, '2024-06-25 05:28:34.036755', 22,
        21, null, 'CONVERTED', 'R8C5RFUB2MP4KH85'),
       ('2024-06-25 05:31:21.682376', null, 22, 18, '2024-06-25 05:42:18.657958', 21, '2024-06-25 05:30:31.277209', 22,
        22, null, 'CANCELED', 'A71VHRG1E7FP0YVZ'),
       ('2024-06-25 05:31:27.516033', null, 23, 19, null, 21, '2024-06-25 05:30:34.123014', 22, 23, '안됩니다!', 'REJECTED',
        null),
       ('2024-06-25 05:31:33.311061', null, 24, 20, null, 21, '2024-06-25 05:30:35.639014', 22, 24, '안돼요~', 'REJECTED',
        null),
       ('2024-06-25 05:31:40.645225', null, 25, 21, '2024-06-25 05:42:41.047766', 21, '2024-06-25 05:30:37.453276', 22,
        25, null, 'SENDED', 'E0KSUDQS8WWIFGXC'),
       ('2024-06-25 05:43:00.38289', null, 26, 22, null, 21, '2024-06-25 05:30:38.312024', 22, 26, null, 'APPROVED',
        'Q8TM0ZU2HEK7RWFY'),
       (null, null, 27, 23, null, null, '2024-06-25 05:30:39.788877', 22, 27, null, 'REQUESTED', null),
       (null, null, 28, 24, null, null, '2024-06-25 05:33:16.224452', 22, 28, null, 'REQUESTED', null);
--        (11, 11, 3, 5, 1, '2019-01-15 00:00:00', '2019-01-18 00:00:00', TRUE, TRUE, '2019-01-23 00:00:00'),
--        (12, 12, 2, 13, 88, '2018-12-09 00:00:00', '2018-12-12 00:00:00', TRUE, TRUE, '2018-12-17 00:00:00'),
--        (13, 13, 2, 10, 175, '2024-07-31 00:00:00', '2024-08-03 00:00:00', TRUE, TRUE, '2024-08-08 00:00:00'),
--        (14, 14, 2, 20, 155, '2019-04-14 00:00:00', '2019-04-17 00:00:00', TRUE, TRUE, '2019-04-22 00:00:00'),
--        (15, 15, 3, 14, 110, '2021-09-26 00:00:00', '2021-09-29 00:00:00', TRUE, TRUE, '2021-10-04 00:00:00'),
--        (16, 16, 1, 6, 97, '2020-03-11 00:00:00', '2020-03-14 00:00:00', TRUE, TRUE, '2020-03-19 00:00:00'),
--        (17, 17, 2, 20, 50, '2021-03-21 00:00:00', '2021-03-24 00:00:00', TRUE, TRUE, '2021-03-29 00:00:00'),
--        (18, 18, 3, 9, 160, '2023-09-29 00:00:00', '2023-10-02 00:00:00', TRUE, TRUE, '2023-10-07 00:00:00'),
--        (19, 19, 3, 5, 5, '2021-08-12 00:00:00', '2021-08-15 00:00:00', TRUE, TRUE, '2021-08-20 00:00:00'),
--        (20, 20, 2, 20, 184, '2025-02-01 00:00:00', '2025-02-04 00:00:00', TRUE, TRUE, '2025-02-09 00:00:00'),
--        (21, 21, 3, 20, 157, '2021-04-28 00:00:00', '2021-05-01 00:00:00', TRUE, TRUE, '2021-05-06 00:00:00'),
--        (22, 22, 2, 12, 107, '2024-12-14 00:00:00', '2024-12-17 00:00:00', TRUE, TRUE, '2024-12-22 00:00:00'),
--        (23, 23, 1, 20, 20, '2019-05-29 00:00:00', '2019-06-01 00:00:00', TRUE, TRUE, '2019-06-06 00:00:00'),
--        (24, 24, 2, 16, 165, '2019-06-13 00:00:00', '2019-06-16 00:00:00', TRUE, TRUE, '2019-06-21 00:00:00'),
--        (25, 25, 3, 15, 77, '2024-09-10 00:00:00', '2024-09-13 00:00:00', TRUE, TRUE, '2024-09-18 00:00:00'),
--        (26, 26, 2, 17, 124, '2022-03-31 00:00:00', '2022-04-03 00:00:00', TRUE, TRUE, '2022-04-08 00:00:00'),
--        (27, 27, 2, 6, 112, '2019-05-25 00:00:00', '2019-05-28 00:00:00', TRUE, TRUE, '2019-06-02 00:00:00'),
--        (28, 28, 2, 9, 177, '2021-09-12 00:00:00', '2021-09-15 00:00:00', TRUE, TRUE, '2021-09-20 00:00:00'),
--        (29, 29, 2, 11, 84, '2024-06-14 00:00:00', '2024-06-17 00:00:00', TRUE, TRUE, '2024-06-22 00:00:00'),
--        (30, 30, 1, 19, 19, '2025-06-19 00:00:00', '2025-06-22 00:00:00', TRUE, TRUE, '2025-06-27 00:00:00'),
--        (31, 31, 3, 14, 65, '2023-12-03 00:00:00', '2023-12-06 00:00:00', TRUE, TRUE, '2023-12-11 00:00:00'),
--        (32, 32, 2, 14, 12, '2024-04-05 00:00:00', '2024-04-08 00:00:00', TRUE, TRUE, '2024-04-13 00:00:00'),
--        (33, 33, 1, 12, 160, '2023-06-27 00:00:00', '2023-06-30 00:00:00', TRUE, TRUE, '2023-07-05 00:00:00'),
--        (34, 34, 3, 16, 150, '2021-03-17 00:00:00', '2021-03-20 00:00:00', TRUE, TRUE, '2021-03-25 00:00:00'),
--        (35, 35, 2, 11, 34, '2018-12-16 00:00:00', '2018-12-19 00:00:00', TRUE, TRUE, '2018-12-24 00:00:00'),
--        (36, 36, 1, 17, 111, '2022-11-15 00:00:00', '2022-11-18 00:00:00', TRUE, TRUE, '2022-11-23 00:00:00'),
--        (37, 37, 1, 13, 60, '2018-08-22 00:00:00', '2018-08-25 00:00:00', TRUE, TRUE, '2018-08-30 00:00:00'),
--        (38, 38, 1, 4, 158, '2021-12-29 00:00:00', '2022-01-01 00:00:00', TRUE, TRUE, '2022-01-06 00:00:00'),
--        (39, 39, 2, 14, 153, '2024-09-02 00:00:00', '2024-09-05 00:00:00', TRUE, TRUE, '2024-09-10 00:00:00'),
--        (40, 40, 3, 10, 69, '2022-03-28 00:00:00', '2022-03-31 00:00:00', TRUE, TRUE, '2022-04-05 00:00:00'),
--        (41, 41, 1, 19, 49, '2021-11-05 00:00:00', '2021-11-08 00:00:00', TRUE, TRUE, '2021-11-13 00:00:00'),
--        (42, 42, 3, 11, 175, '2025-03-07 00:00:00', '2025-03-10 00:00:00', TRUE, TRUE, '2025-03-15 00:00:00'),
--        (43, 43, 1, 19, 171, '2024-05-17 00:00:00', '2024-05-20 00:00:00', TRUE, TRUE, '2024-05-25 00:00:00'),
--        (44, 44, 3, 13, 147, '2024-03-29 00:00:00', '2024-04-01 00:00:00', TRUE, TRUE, '2024-04-06 00:00:00'),
--        (45, 45, 3, 8, 3, '2020-03-10 00:00:00', '2020-03-13 00:00:00', TRUE, TRUE, '2020-03-18 00:00:00'),
--        (46, 46, 2, 10, 40, '2024-06-02 00:00:00', '2024-06-05 00:00:00', TRUE, TRUE, '2024-06-10 00:00:00'),
--        (47, 47, 3, 16, 164, '2021-10-11 00:00:00', '2021-10-14 00:00:00', TRUE, TRUE, '2021-10-19 00:00:00'),
--        (48, 48, 1, 18, 181, '2021-08-10 00:00:00', '2021-08-13 00:00:00', TRUE, TRUE, '2021-08-18 00:00:00'),
--        (49, 49, 1, 11, 182, '2019-05-01 00:00:00', '2019-05-04 00:00:00', TRUE, TRUE, '2019-05-09 00:00:00'),
--        (50, 50, 3, 12, 2, '2019-05-21 00:00:00', '2019-05-24 00:00:00', TRUE, TRUE, '2019-05-29 00:00:00'),
--        (51, 51, 2, 17, 178, '2019-08-09 00:00:00', '2019-08-12 00:00:00', TRUE, TRUE, '2019-08-17 00:00:00'),
--        (52, 52, 3, 6, 162, '2022-09-16 00:00:00', '2022-09-19 00:00:00', TRUE, TRUE, '2022-09-24 00:00:00'),
--        (53, 53, 1, 16, 92, '2021-12-17 00:00:00', '2021-12-20 00:00:00', TRUE, TRUE, '2021-12-25 00:00:00'),
--        (54, 54, 2, 5, 170, '2021-08-15 00:00:00', '2021-08-18 00:00:00', TRUE, TRUE, '2021-08-23 00:00:00'),
--        (55, 55, 1, 4, 104, '2021-12-28 00:00:00', '2021-12-31 00:00:00', TRUE, TRUE, '2022-01-05 00:00:00'),
--        (56, 56, 2, 5, 135, '2019-04-03 00:00:00', '2019-04-06 00:00:00', TRUE, TRUE, '2019-04-11 00:00:00'),
--        (57, 57, 3, 18, 179, '2021-02-18 00:00:00', '2021-02-21 00:00:00', TRUE, TRUE, '2021-02-26 00:00:00'),
--        (58, 58, 2, 15, 143, '2023-06-03 00:00:00', '2023-06-06 00:00:00', TRUE, TRUE, '2023-06-11 00:00:00'),
--        (59, 59, 3, 20, 70, '2021-08-09 00:00:00', '2021-08-12 00:00:00', TRUE, TRUE, '2021-08-17 00:00:00'),
--        (60, 60, 1, 9, 74, '2022-07-08 00:00:00', '2022-07-11 00:00:00', TRUE, TRUE, '2022-07-16 00:00:00'),
--        (61, 61, 2, 16, 15, '2018-08-14 00:00:00', '2018-08-17 00:00:00', TRUE, TRUE, '2018-08-22 00:00:00'),
--        (62, 62, 2, 5, 14, '2021-04-08 00:00:00', '2021-04-11 00:00:00', TRUE, TRUE, '2021-04-16 00:00:00'),
--        (63, 63, 1, 16, 128, '2025-06-06 00:00:00', '2025-06-09 00:00:00', TRUE, TRUE, '2025-06-14 00:00:00'),
--        (64, 64, 3, 12, 69, '2025-12-19 00:00:00', '2025-12-22 00:00:00', TRUE, TRUE, '2025-12-27 00:00:00'),
--        (65, 65, 3, 20, 36, '2025-05-30 00:00:00', '2025-06-02 00:00:00', TRUE, TRUE, '2025-06-07 00:00:00'),
--        (66, 66, 2, 7, 186, '2020-06-05 00:00:00', '2020-06-08 00:00:00', TRUE, TRUE, '2020-06-13 00:00:00'),
--        (67, 67, 1, 6, 153, '2019-12-22 00:00:00', '2019-12-25 00:00:00', TRUE, TRUE, '2019-12-30 00:00:00'),
--        (68, 68, 2, 4, 45, '2024-02-12 00:00:00', '2024-02-15 00:00:00', TRUE, TRUE, '2024-02-20 00:00:00'),
--        (69, 69, 3, 12, 116, '2020-10-16 00:00:00', '2020-10-19 00:00:00', TRUE, TRUE, '2020-10-24 00:00:00'),
--        (70, 70, 3, 15, 125, '2023-02-23 00:00:00', '2023-02-26 00:00:00', TRUE, TRUE, '2023-03-03 00:00:00'),
--        (71, 71, 3, 4, 127, '2024-06-10 00:00:00', '2024-06-13 00:00:00', TRUE, TRUE, '2024-06-18 00:00:00'),
--        (72, 72, 2, 20, 83, '2023-12-28 00:00:00', '2023-12-31 00:00:00', TRUE, TRUE, '2024-01-05 00:00:00'),
--        (73, 73, 1, 5, 104, '2020-06-12 00:00:00', '2020-06-15 00:00:00', TRUE, TRUE, '2020-06-20 00:00:00'),
--        (74, 74, 1, 9, 7, '2020-12-07 00:00:00', '2020-12-10 00:00:00', TRUE, TRUE, '2020-12-15 00:00:00'),
--        (75, 75, 1, 7, 19, '2018-09-11 00:00:00', '2018-09-14 00:00:00', TRUE, TRUE, '2018-09-19 00:00:00'),
--        (76, 76, 1, 10, 53, '2025-06-19 00:00:00', '2025-06-22 00:00:00', TRUE, TRUE, '2025-06-27 00:00:00'),
--        (77, 77, 1, 4, 106, '2018-10-16 00:00:00', '2018-10-19 00:00:00', TRUE, TRUE, '2018-10-24 00:00:00'),
--        (78, 78, 2, 5, 50, '2021-07-28 00:00:00', '2021-07-31 00:00:00', TRUE, TRUE, '2021-08-05 00:00:00'),
--        (79, 79, 1, 9, 125, '2024-06-04 00:00:00', '2024-06-07 00:00:00', TRUE, TRUE, '2024-06-12 00:00:00'),
--        (80, 80, 2, 6, 170, '2021-01-25 00:00:00', '2021-01-28 00:00:00', TRUE, TRUE, '2021-02-02 00:00:00'),
--        (81, 81, 2, 19, 187, '2018-11-20 00:00:00', '2018-11-23 00:00:00', TRUE, TRUE, '2018-11-28 00:00:00'),
--        (82, 82, 3, 7, 66, '2024-11-07 00:00:00', '2024-11-10 00:00:00', TRUE, TRUE, '2024-11-15 00:00:00'),
--        (83, 83, 3, 6, 126, '2020-11-22 00:00:00', '2020-11-25 00:00:00', TRUE, TRUE, '2020-11-30 00:00:00'),
--        (84, 84, 3, 12, 15, '2020-12-21 00:00:00', '2020-12-24 00:00:00', TRUE, TRUE, '2020-12-29 00:00:00'),
--        (85, 85, 2, 15, 93, '2020-03-05 00:00:00', '2020-03-08 00:00:00', TRUE, TRUE, '2020-03-13 00:00:00'),
--        (86, 86, 3, 10, 138, '2021-05-08 00:00:00', '2021-05-11 00:00:00', TRUE, TRUE, '2021-05-16 00:00:00'),
--        (87, 87, 1, 16, 97, '2024-09-29 00:00:00', '2024-10-02 00:00:00', TRUE, TRUE, '2024-10-07 00:00:00'),
--        (88, 88, 2, 14, 110, '2018-07-05 00:00:00', '2018-07-08 00:00:00', TRUE, TRUE, '2018-07-13 00:00:00'),
--        (89, 89, 1, 8, 51, '2025-07-06 00:00:00', '2025-07-09 00:00:00', TRUE, TRUE, '2025-07-14 00:00:00'),
--        (90, 90, 1, 17, 171, '2022-08-31 00:00:00', '2022-09-03 00:00:00', TRUE, TRUE, '2022-09-08 00:00:00'),
--        (91, 91, 3, 10, 185, '2020-12-25 00:00:00', '2020-12-28 00:00:00', TRUE, TRUE, '2021-01-02 00:00:00'),
--        (92, 92, 2, 7, 28, '2019-08-08 00:00:00', '2019-08-11 00:00:00', TRUE, TRUE, '2019-08-16 00:00:00'),
--        (93, 93, 2, 17, 4, '2023-04-25 00:00:00', '2023-04-28 00:00:00', TRUE, TRUE, '2023-05-03 00:00:00'),
--        (94, 94, 2, 13, 171, '2022-11-27 00:00:00', '2022-11-30 00:00:00', TRUE, TRUE, '2022-12-05 00:00:00'),
--        (95, 95, 3, 11, 66, '2023-06-29 00:00:00', '2023-07-02 00:00:00', TRUE, TRUE, '2023-07-07 00:00:00'),
--        (96, 96, 3, 17, 190, '2020-03-21 00:00:00', '2020-03-24 00:00:00', TRUE, TRUE, '2020-03-29 00:00:00'),
--        (97, 97, 2, 14, 147, '2024-12-02 00:00:00', '2024-12-05 00:00:00', TRUE, TRUE, '2024-12-10 00:00:00'),
--        (98, 98, 2, 15, 117, '2020-10-23 00:00:00', '2020-10-26 00:00:00', TRUE, TRUE, '2020-10-31 00:00:00'),
--        (99, 99, 2, 9, 50, '2024-12-06 00:00:00', '2024-12-09 00:00:00', TRUE, TRUE, '2024-12-14 00:00:00'),
--        (100, 100, 3, 15, 36, '2021-02-26 00:00:00', '2021-03-01 00:00:00', TRUE, TRUE, '2021-03-06 00:00:00'),
--        (101, 101, 2, 7, 81, '2021-02-23 00:00:00', '2021-02-26 00:00:00', TRUE, TRUE, '2021-03-03 00:00:00'),
--        (102, 102, 3, 8, 10, '2022-01-15 00:00:00', '2022-01-18 00:00:00', TRUE, TRUE, '2022-01-23 00:00:00'),
--        (103, 103, 1, 8, 177, '2020-03-04 00:00:00', '2020-03-07 00:00:00', TRUE, TRUE, '2020-03-12 00:00:00'),
--        (104, 104, 3, 16, 95, '2023-08-29 00:00:00', '2023-09-01 00:00:00', TRUE, TRUE, '2023-09-06 00:00:00'),
--        (105, 105, 2, 19, 143, '2024-09-30 00:00:00', '2024-10-03 00:00:00', TRUE, TRUE, '2024-10-08 00:00:00'),
--        (106, 106, 1, 6, 98, '2020-11-08 00:00:00', '2020-11-11 00:00:00', TRUE, TRUE, '2020-11-16 00:00:00'),
--        (107, 107, 1, 13, 178, '2023-10-04 00:00:00', '2023-10-07 00:00:00', TRUE, TRUE, '2023-10-12 00:00:00'),
--        (108, 108, 2, 6, 111, '2025-07-10 00:00:00', '2025-07-13 00:00:00', TRUE, TRUE, '2025-07-18 00:00:00'),
--        (109, 109, 1, 13, 170, '2018-10-15 00:00:00', '2018-10-18 00:00:00', TRUE, TRUE, '2018-10-23 00:00:00'),
--        (110, 110, 3, 5, 38, '2020-04-13 00:00:00', '2020-04-16 00:00:00', TRUE, TRUE, '2020-04-21 00:00:00'),
--        (111, 111, 1, 10, 49, '2022-09-27 00:00:00', '2022-09-30 00:00:00', TRUE, TRUE, '2022-10-05 00:00:00'),
--        (112, 112, 2, 17, 20, '2026-02-25 00:00:00', '2026-02-28 00:00:00', TRUE, TRUE, '2026-03-05 00:00:00'),
--        (113, 113, 3, 10, 160, '2018-12-28 00:00:00', '2018-12-31 00:00:00', TRUE, TRUE, '2019-01-05 00:00:00'),
--        (114, 114, 3, 13, 67, '2020-05-12 00:00:00', '2020-05-15 00:00:00', TRUE, TRUE, '2020-05-20 00:00:00'),
--        (115, 115, 1, 4, 104, '2022-06-27 00:00:00', '2022-06-30 00:00:00', TRUE, TRUE, '2022-07-05 00:00:00'),
--        (116, 116, 3, 16, 130, '2025-02-02 00:00:00', '2025-02-05 00:00:00', TRUE, TRUE, '2025-02-10 00:00:00'),
--        (117, 117, 3, 19, 14, '2021-09-06 00:00:00', '2021-09-09 00:00:00', TRUE, TRUE, '2021-09-14 00:00:00'),
--        (118, 118, 2, 8, 128, '2018-06-17 00:00:00', '2018-06-20 00:00:00', TRUE, TRUE, '2018-06-25 00:00:00'),
--        (119, 119, 3, 17, 123, '2021-05-19 00:00:00', '2021-05-22 00:00:00', TRUE, TRUE, '2021-05-27 00:00:00'),
--        (120, 120, 3, 19, 97, '2025-04-10 00:00:00', '2025-04-13 00:00:00', TRUE, TRUE, '2025-04-18 00:00:00'),
--        (121, 121, 3, 7, 165, '2021-11-02 00:00:00', '2021-11-05 00:00:00', TRUE, TRUE, '2021-11-10 00:00:00'),
--        (122, 122, 2, 4, 78, '2025-04-29 00:00:00', '2025-05-02 00:00:00', TRUE, TRUE, '2025-05-07 00:00:00'),
--        (123, 123, 2, 4, 121, '2019-10-27 00:00:00', '2019-10-30 00:00:00', TRUE, TRUE, '2019-11-04 00:00:00'),
--        (124, 124, 1, 9, 41, '2021-06-27 00:00:00', '2021-06-30 00:00:00', TRUE, TRUE, '2021-07-05 00:00:00'),
--        (125, 125, 2, 5, 189, '2024-01-14 00:00:00', '2024-01-17 00:00:00', TRUE, TRUE, '2024-01-22 00:00:00'),
--        (126, 126, 3, 16, 72, '2021-04-28 00:00:00', '2021-05-01 00:00:00', TRUE, TRUE, '2021-05-06 00:00:00'),
--        (127, 127, 2, 7, 184, '2020-11-25 00:00:00', '2020-11-28 00:00:00', TRUE, TRUE, '2020-12-03 00:00:00'),
--        (128, 128, 2, 10, 170, '2025-10-11 00:00:00', '2025-10-14 00:00:00', TRUE, TRUE, '2025-10-19 00:00:00'),
--        (129, 129, 3, 5, 72, '2018-12-24 00:00:00', '2018-12-27 00:00:00', TRUE, TRUE, '2019-01-01 00:00:00'),
--        (130, 130, 2, 12, 120, '2020-02-10 00:00:00', '2020-02-13 00:00:00', TRUE, TRUE, '2020-02-18 00:00:00'),
--        (131, 131, 1, 12, 20, '2022-08-04 00:00:00', '2022-08-07 00:00:00', TRUE, TRUE, '2022-08-12 00:00:00'),
--        (132, 132, 3, 20, 110, '2024-08-12 00:00:00', '2024-08-15 00:00:00', TRUE, TRUE, '2024-08-20 00:00:00'),
--        (133, 133, 1, 8, 60, '2023-09-01 00:00:00', '2023-09-04 00:00:00', TRUE, TRUE, '2023-09-09 00:00:00'),
--        (134, 134, 1, 6, 175, '2023-10-04 00:00:00', '2023-10-07 00:00:00', TRUE, TRUE, '2023-10-12 00:00:00'),
--        (135, 135, 3, 18, 173, '2024-06-18 00:00:00', '2024-06-21 00:00:00', TRUE, TRUE, '2024-06-26 00:00:00'),
--        (136, 136, 3, 12, 58, '2024-07-13 00:00:00', '2024-07-16 00:00:00', TRUE, TRUE, '2024-07-21 00:00:00'),
--        (137, 137, 1, 13, 107, '2024-12-24 00:00:00', '2024-12-27 00:00:00', TRUE, TRUE, '2025-01-01 00:00:00'),
--        (138, 138, 1, 12, 183, '2024-07-24 00:00:00', '2024-07-27 00:00:00', TRUE, TRUE, '2024-08-01 00:00:00'),
--        (139, 139, 3, 13, 23, '2023-06-17 00:00:00', '2023-06-20 00:00:00', TRUE, TRUE, '2023-06-25 00:00:00'),
--        (140, 140, 1, 7, 149, '2025-09-23 00:00:00', '2025-09-26 00:00:00', TRUE, TRUE, '2025-10-01 00:00:00'),
--        (141, 141, 3, 11, 109, '2023-04-13 00:00:00', '2023-04-16 00:00:00', TRUE, TRUE, '2023-04-21 00:00:00'),
--        (142, 142, 3, 9, 59, '2023-06-03 00:00:00', '2023-06-06 00:00:00', TRUE, TRUE, '2023-06-11 00:00:00'),
--        (143, 143, 2, 13, 194, '2026-02-20 00:00:00', '2026-02-23 00:00:00', TRUE, TRUE, '2026-02-28 00:00:00'),
--        (144, 144, 3, 10, 129, '2025-05-25 00:00:00', '2025-05-28 00:00:00', TRUE, TRUE, '2025-06-02 00:00:00'),
--        (145, 145, 3, 11, 28, '2019-04-24 00:00:00', '2019-04-27 00:00:00', TRUE, TRUE, '2019-05-02 00:00:00'),
--        (146, 146, 3, 20, 94, '2025-01-17 00:00:00', '2025-01-20 00:00:00', TRUE, TRUE, '2025-01-25 00:00:00'),
--        (147, 147, 2, 8, 46, '2022-02-14 00:00:00', '2022-02-17 00:00:00', TRUE, TRUE, '2022-02-22 00:00:00'),
--        (148, 148, 3, 18, 91, '2019-03-19 00:00:00', '2019-03-22 00:00:00', TRUE, TRUE, '2019-03-27 00:00:00'),
--        (149, 149, 1, 14, 14, '2022-03-18 00:00:00', '2022-03-21 00:00:00', TRUE, TRUE, '2022-03-26 00:00:00'),
--        (150, 150, 2, 14, 123, '2021-02-28 00:00:00', '2021-03-03 00:00:00', TRUE, TRUE, '2021-03-08 00:00:00'),
--        (151, 151, 1, 20, 95, '2019-09-17 00:00:00', '2019-09-20 00:00:00', TRUE, TRUE, '2019-09-25 00:00:00'),
--        (152, 152, 3, 12, 69, '2018-11-11 00:00:00', '2018-11-14 00:00:00', TRUE, TRUE, '2018-11-19 00:00:00'),
--        (153, 153, 3, 9, 50, '2018-12-26 00:00:00', '2018-12-29 00:00:00', TRUE, TRUE, '2019-01-03 00:00:00'),
--        (154, 154, 1, 20, 173, '2020-06-02 00:00:00', '2020-06-05 00:00:00', TRUE, TRUE, '2020-06-10 00:00:00'),
--        (155, 155, 1, 10, 142, '2024-07-24 00:00:00', '2024-07-27 00:00:00', TRUE, TRUE, '2024-08-01 00:00:00'),
--        (156, 156, 3, 19, 189, '2022-12-30 00:00:00', '2023-01-02 00:00:00', TRUE, TRUE, '2023-01-07 00:00:00'),
--        (157, 157, 1, 11, 11, '2024-02-12 00:00:00', '2024-02-15 00:00:00', TRUE, TRUE, '2024-02-20 00:00:00'),
--        (158, 158, 1, 6, 23, '2024-04-12 00:00:00', '2024-04-15 00:00:00', TRUE, TRUE, '2024-04-20 00:00:00'),
--        (159, 159, 3, 19, 89, '2023-06-27 00:00:00', '2023-06-30 00:00:00', TRUE, TRUE, '2023-07-05 00:00:00'),
--        (160, 160, 3, 9, 27, '2023-11-09 00:00:00', '2023-11-12 00:00:00', TRUE, TRUE, '2023-11-17 00:00:00'),
--        (161, 161, 1, 17, 137, '2022-07-18 00:00:00', '2022-07-21 00:00:00', TRUE, TRUE, '2022-07-26 00:00:00'),
--        (162, 162, 2, 8, 15, '2024-10-04 00:00:00', '2024-10-07 00:00:00', TRUE, TRUE, '2024-10-12 00:00:00'),
--        (163, 163, 2, 17, 94, '2021-03-18 00:00:00', '2021-03-21 00:00:00', TRUE, TRUE, '2021-03-26 00:00:00'),
--        (164, 164, 1, 10, 184, '2022-01-07 00:00:00', '2022-01-10 00:00:00', TRUE, TRUE, '2022-01-15 00:00:00'),
--        (165, 165, 3, 18, 173, '2021-04-17 00:00:00', '2021-04-20 00:00:00', TRUE, TRUE, '2021-04-25 00:00:00'),
--        (166, 166, 1, 16, 140, '2019-08-22 00:00:00', '2019-08-25 00:00:00', TRUE, TRUE, '2019-08-30 00:00:00'),
--        (167, 167, 1, 13, 42, '2020-09-18 00:00:00', '2020-09-21 00:00:00', TRUE, TRUE, '2020-09-26 00:00:00'),
--        (168, 168, 2, 12, 158, '2024-02-05 00:00:00', '2024-02-08 00:00:00', TRUE, TRUE, '2024-02-13 00:00:00'),
--        (169, 169, 1, 17, 152, '2024-09-30 00:00:00', '2024-10-03 00:00:00', TRUE, TRUE, '2024-10-08 00:00:00'),
--        (170, 170, 2, 6, 197, '2022-09-03 00:00:00', '2022-09-06 00:00:00', TRUE, TRUE, '2022-09-11 00:00:00'),
--        (171, 171, 2, 16, 139, '2023-03-27 00:00:00', '2023-03-30 00:00:00', TRUE, TRUE, '2023-04-04 00:00:00'),
--        (172, 172, 2, 10, 142, '2020-06-02 00:00:00', '2020-06-05 00:00:00', TRUE, TRUE, '2020-06-10 00:00:00'),
--        (173, 173, 1, 14, 190, '2024-10-27 00:00:00', '2024-10-30 00:00:00', TRUE, TRUE, '2024-11-04 00:00:00'),
--        (174, 174, 3, 20, 32, '2024-10-15 00:00:00', '2024-10-18 00:00:00', TRUE, TRUE, '2024-10-23 00:00:00'),
--        (175, 175, 3, 10, 199, '2025-01-29 00:00:00', '2025-02-01 00:00:00', TRUE, TRUE, '2025-02-06 00:00:00'),
--        (176, 176, 2, 13, 8, '2020-11-08 00:00:00', '2020-11-11 00:00:00', TRUE, TRUE, '2020-11-16 00:00:00'),
--        (177, 177, 3, 19, 149, '2021-08-14 00:00:00', '2021-08-17 00:00:00', TRUE, TRUE, '2021-08-22 00:00:00'),
--        (178, 178, 1, 8, 86, '2022-02-12 00:00:00', '2022-02-15 00:00:00', TRUE, TRUE, '2022-02-20 00:00:00'),
--        (179, 179, 2, 11, 194, '2023-01-02 00:00:00', '2023-01-05 00:00:00', TRUE, TRUE, '2023-01-10 00:00:00'),
--        (180, 180, 2, 10, 176, '2019-06-15 00:00:00', '2019-06-18 00:00:00', TRUE, TRUE, '2019-06-23 00:00:00'),
--        (181, 181, 2, 4, 191, '2024-04-08 00:00:00', '2024-04-11 00:00:00', TRUE, TRUE, '2024-04-16 00:00:00'),
--        (182, 182, 1, 14, 96, '2024-12-25 00:00:00', '2024-12-28 00:00:00', TRUE, TRUE, '2025-01-02 00:00:00'),
--        (183, 183, 3, 19, 155, '2024-01-15 00:00:00', '2024-01-18 00:00:00', TRUE, TRUE, '2024-01-23 00:00:00'),
--        (184, 184, 2, 19, 30, '2020-04-10 00:00:00', '2020-04-13 00:00:00', TRUE, TRUE, '2020-04-18 00:00:00'),
--        (185, 185, 1, 15, 108, '2021-09-03 00:00:00', '2021-09-06 00:00:00', TRUE, TRUE, '2021-09-11 00:00:00'),
--        (186, 186, 1, 16, 34, '2024-11-17 00:00:00', '2024-11-20 00:00:00', TRUE, TRUE, '2024-11-25 00:00:00'),
--        (187, 187, 3, 14, 83, '2022-06-12 00:00:00', '2022-06-15 00:00:00', TRUE, TRUE, '2022-06-20 00:00:00'),
--        (188, 188, 3, 11, 20, '2024-08-15 00:00:00', '2024-08-18 00:00:00', TRUE, TRUE, '2024-08-23 00:00:00'),
--        (189, 189, 3, 10, 159, '2020-08-12 00:00:00', '2020-08-15 00:00:00', TRUE, TRUE, '2020-08-20 00:00:00'),
--        (190, 190, 1, 14, 97, '2022-12-02 00:00:00', '2022-12-05 00:00:00', TRUE, TRUE, '2022-12-10 00:00:00'),
--        (191, 191, 2, 17, 171, '2022-04-09 00:00:00', '2022-04-12 00:00:00', TRUE, TRUE, '2022-04-17 00:00:00'),
--        (192, 192, 3, 12, 134, '2020-10-06 00:00:00', '2020-10-09 00:00:00', TRUE, TRUE, '2020-10-14 00:00:00'),
--        (193, 193, 1, 5, 200, '2020-08-09 00:00:00', '2020-08-12 00:00:00', TRUE, TRUE, '2020-08-17 00:00:00'),
--        (194, 194, 1, 16, 122, '2023-04-01 00:00:00', '2023-04-04 00:00:00', TRUE, TRUE, '2023-04-09 00:00:00'),
--        (195, 195, 1, 13, 13, '2024-06-20 00:00:00', '2024-06-23 00:00:00', TRUE, TRUE, '2024-06-28 00:00:00'),
--        (196, 196, 1, 5, 6, '2024-10-21 00:00:00', '2024-10-24 00:00:00', TRUE, TRUE, '2024-10-29 00:00:00'),
--        (197, 197, 2, 10, 112, '2022-06-22 00:00:00', '2022-06-25 00:00:00', TRUE, TRUE, '2022-06-30 00:00:00'),
--        (198, 198, 1, 15, 104, '2023-01-13 00:00:00', '2023-01-16 00:00:00', TRUE, TRUE, '2023-01-21 00:00:00'),
--        (199, 199, 1, 9, 77, '2022-10-09 00:00:00', '2022-10-12 00:00:00', TRUE, TRUE, '2022-10-17 00:00:00'),
--        (200, 200, 2, 15, 86, '2024-01-15 00:00:00', '2024-01-18 00:00:00', TRUE, TRUE, '2024-01-23 00:00:00'),
--        (201, 201, 3, 9, 8, '2020-03-30 00:00:00', '2020-04-02 00:00:00', TRUE, TRUE, '2020-04-07 00:00:00'),
--        (202, 202, 1, 9, 28, '2022-10-06 00:00:00', '2022-10-09 00:00:00', TRUE, TRUE, '2022-10-14 00:00:00'),
--        (203, 203, 3, 12, 100, '2020-06-19 00:00:00', '2020-06-22 00:00:00', TRUE, TRUE, '2020-06-27 00:00:00'),
--        (204, 204, 2, 7, 174, '2023-08-14 00:00:00', '2023-08-17 00:00:00', TRUE, TRUE, '2023-08-22 00:00:00'),
--        (205, 205, 2, 8, 197, '2023-09-26 00:00:00', '2023-09-29 00:00:00', TRUE, TRUE, '2023-10-04 00:00:00'),
--        (206, 206, 2, 4, 88, '2020-01-29 00:00:00', '2020-02-01 00:00:00', TRUE, TRUE, '2020-02-06 00:00:00'),
--        (207, 207, 2, 18, 130, '2020-09-18 00:00:00', '2020-09-21 00:00:00', TRUE, TRUE, '2020-09-26 00:00:00'),
--        (208, 208, 1, 19, 175, '2024-02-23 00:00:00', '2024-02-26 00:00:00', TRUE, TRUE, '2024-03-02 00:00:00'),
--        (209, 209, 2, 14, 97, '2026-04-04 00:00:00', '2026-04-07 00:00:00', TRUE, TRUE, '2026-04-12 00:00:00'),
--        (210, 210, 2, 6, 198, '2021-10-23 00:00:00', '2021-10-26 00:00:00', TRUE, TRUE, '2021-10-31 00:00:00'),
--        (211, 211, 3, 15, 68, '2025-03-24 00:00:00', '2025-03-27 00:00:00', TRUE, TRUE, '2025-04-01 00:00:00'),
--        (212, 212, 1, 19, 47, '2020-04-30 00:00:00', '2020-05-03 00:00:00', TRUE, TRUE, '2020-05-08 00:00:00'),
--        (213, 213, 1, 5, 45, '2021-06-02 00:00:00', '2021-06-05 00:00:00', TRUE, TRUE, '2021-06-10 00:00:00'),
--        (214, 214, 1, 9, 189, '2025-04-16 00:00:00', '2025-04-19 00:00:00', TRUE, TRUE, '2025-04-24 00:00:00'),
--        (215, 215, 1, 13, 122, '2021-12-26 00:00:00', '2021-12-29 00:00:00', TRUE, TRUE, '2022-01-03 00:00:00'),
--        (216, 216, 2, 20, 165, '2018-04-20 00:00:00', '2018-04-23 00:00:00', TRUE, TRUE, '2018-04-28 00:00:00'),
--        (217, 217, 2, 9, 7, '2020-06-02 00:00:00', '2020-06-05 00:00:00', TRUE, TRUE, '2020-06-10 00:00:00'),
--        (218, 218, 3, 7, 84, '2019-10-20 00:00:00', '2019-10-23 00:00:00', TRUE, TRUE, '2019-10-28 00:00:00'),
--        (219, 219, 3, 18, 170, '2023-01-01 00:00:00', '2023-01-04 00:00:00', TRUE, TRUE, '2023-01-09 00:00:00'),
--        (220, 220, 1, 9, 189, '2023-01-08 00:00:00', '2023-01-11 00:00:00', TRUE, TRUE, '2023-01-16 00:00:00'),
--        (221, 221, 1, 9, 123, '2023-01-30 00:00:00', '2023-02-02 00:00:00', TRUE, TRUE, '2023-02-07 00:00:00'),
--        (222, 222, 1, 13, 122, '2025-02-20 00:00:00', '2025-02-23 00:00:00', TRUE, TRUE, '2025-02-28 00:00:00'),
--        (223, 223, 1, 12, 147, '2023-08-23 00:00:00', '2023-08-26 00:00:00', TRUE, TRUE, '2023-08-31 00:00:00'),
--        (224, 224, 2, 15, 37, '2023-12-20 00:00:00', '2023-12-23 00:00:00', TRUE, TRUE, '2023-12-28 00:00:00'),
--        (225, 225, 1, 12, 66, '2024-06-12 00:00:00', '2024-06-15 00:00:00', TRUE, TRUE, '2024-06-20 00:00:00'),
--        (226, 226, 3, 5, 110, '2019-06-29 00:00:00', '2019-07-02 00:00:00', TRUE, TRUE, '2019-07-07 00:00:00'),
--        (227, 227, 2, 19, 127, '2024-07-28 00:00:00', '2024-07-31 00:00:00', TRUE, TRUE, '2024-08-05 00:00:00'),
--        (228, 228, 3, 16, 147, '2023-04-29 00:00:00', '2023-05-02 00:00:00', TRUE, TRUE, '2023-05-07 00:00:00'),
--        (229, 229, 3, 16, 143, '2021-11-11 00:00:00', '2021-11-14 00:00:00', TRUE, TRUE, '2021-11-19 00:00:00'),
--        (230, 230, 3, 11, 65, '2022-12-18 00:00:00', '2022-12-21 00:00:00', TRUE, TRUE, '2022-12-26 00:00:00'),
--        (231, 231, 2, 15, 130, '2019-08-29 00:00:00', '2019-09-01 00:00:00', TRUE, TRUE, '2019-09-06 00:00:00'),
--        (232, 232, 2, 5, 128, '2025-05-10 00:00:00', '2025-05-13 00:00:00', TRUE, TRUE, '2025-05-18 00:00:00'),
--        (233, 233, 1, 18, 72, '2020-07-07 00:00:00', '2020-07-10 00:00:00', TRUE, TRUE, '2020-07-15 00:00:00'),
--        (234, 234, 1, 6, 133, '2019-06-26 00:00:00', '2019-06-29 00:00:00', TRUE, TRUE, '2019-07-04 00:00:00'),
--        (235, 235, 3, 8, 136, '2024-04-29 00:00:00', '2024-05-02 00:00:00', TRUE, TRUE, '2024-05-07 00:00:00'),
--        (236, 236, 1, 8, 51, '2021-12-29 00:00:00', '2022-01-01 00:00:00', TRUE, TRUE, '2022-01-06 00:00:00'),
--        (237, 237, 3, 17, 18, '2021-09-14 00:00:00', '2021-09-17 00:00:00', TRUE, TRUE, '2021-09-22 00:00:00'),
--        (238, 238, 2, 17, 19, '2021-03-05 00:00:00', '2021-03-08 00:00:00', TRUE, TRUE, '2021-03-13 00:00:00'),
--        (239, 239, 3, 12, 32, '2023-07-30 00:00:00', '2023-08-02 00:00:00', TRUE, TRUE, '2023-08-07 00:00:00'),
--        (240, 240, 3, 7, 112, '2022-03-16 00:00:00', '2022-03-19 00:00:00', TRUE, TRUE, '2022-03-24 00:00:00'),
--        (241, 241, 2, 13, 49, '2019-09-06 00:00:00', '2019-09-09 00:00:00', TRUE, TRUE, '2019-09-14 00:00:00'),
--        (242, 242, 1, 19, 164, '2020-11-04 00:00:00', '2020-11-07 00:00:00', TRUE, TRUE, '2020-11-12 00:00:00'),
--        (243, 243, 2, 9, 30, '2022-12-02 00:00:00', '2022-12-05 00:00:00', TRUE, TRUE, '2022-12-10 00:00:00'),
--        (244, 244, 2, 11, 1, '2025-04-08 00:00:00', '2025-04-11 00:00:00', TRUE, TRUE, '2025-04-16 00:00:00'),
--        (245, 245, 2, 9, 43, '2023-09-06 00:00:00', '2023-09-09 00:00:00', TRUE, TRUE, '2023-09-14 00:00:00'),
--        (246, 246, 2, 13, 113, '2023-07-05 00:00:00', '2023-07-08 00:00:00', TRUE, TRUE, '2023-07-13 00:00:00'),
--        (247, 247, 2, 20, 134, '2021-10-12 00:00:00', '2021-10-15 00:00:00', TRUE, TRUE, '2021-10-20 00:00:00'),
--        (248, 248, 1, 15, 146, '2021-09-16 00:00:00', '2021-09-19 00:00:00', TRUE, TRUE, '2021-09-24 00:00:00'),
--        (249, 249, 1, 6, 56, '2023-01-29 00:00:00', '2023-02-01 00:00:00', TRUE, TRUE, '2023-02-06 00:00:00'),
--        (250, 250, 1, 14, 40, '2019-12-07 00:00:00', '2019-12-10 00:00:00', TRUE, TRUE, '2019-12-15 00:00:00'),
--        (251, 251, 1, 5, 77, '2025-07-19 00:00:00', '2025-07-22 00:00:00', TRUE, TRUE, '2025-07-27 00:00:00'),
--        (252, 252, 2, 10, 153, '2020-06-18 00:00:00', '2020-06-21 00:00:00', TRUE, TRUE, '2020-06-26 00:00:00'),
--        (253, 253, 1, 14, 72, '2019-10-21 00:00:00', '2019-10-24 00:00:00', TRUE, TRUE, '2019-10-29 00:00:00'),
--        (254, 254, 3, 10, 139, '2024-08-06 00:00:00', '2024-08-09 00:00:00', TRUE, TRUE, '2024-08-14 00:00:00'),
--        (255, 255, 2, 8, 163, '2023-05-20 00:00:00', '2023-05-23 00:00:00', TRUE, TRUE, '2023-05-28 00:00:00'),
--        (256, 256, 3, 4, 89, '2023-12-13 00:00:00', '2023-12-16 00:00:00', TRUE, TRUE, '2023-12-21 00:00:00'),
--        (257, 257, 3, 9, 30, '2021-12-26 00:00:00', '2021-12-29 00:00:00', TRUE, TRUE, '2022-01-03 00:00:00'),
--        (258, 258, 1, 5, 185, '2020-03-15 00:00:00', '2020-03-18 00:00:00', TRUE, TRUE, '2020-03-23 00:00:00'),
--        (259, 259, 2, 19, 104, '2024-07-24 00:00:00', '2024-07-27 00:00:00', TRUE, TRUE, '2024-08-01 00:00:00'),
--        (260, 260, 1, 10, 25, '2020-08-25 00:00:00', '2020-08-28 00:00:00', TRUE, TRUE, '2020-09-02 00:00:00'),
--        (261, 261, 3, 19, 183, '2018-10-23 00:00:00', '2018-10-26 00:00:00', TRUE, TRUE, '2018-10-31 00:00:00'),
--        (262, 262, 1, 13, 121, '2019-01-21 00:00:00', '2019-01-24 00:00:00', TRUE, TRUE, '2019-01-29 00:00:00'),
--        (263, 263, 3, 16, 51, '2025-08-15 00:00:00', '2025-08-18 00:00:00', TRUE, TRUE, '2025-08-23 00:00:00'),
--        (264, 264, 3, 10, 120, '2022-12-04 00:00:00', '2022-12-07 00:00:00', TRUE, TRUE, '2022-12-12 00:00:00'),
--        (265, 265, 1, 19, 60, '2024-02-13 00:00:00', '2024-02-16 00:00:00', TRUE, TRUE, '2024-02-21 00:00:00'),
--        (266, 266, 3, 8, 101, '2022-05-16 00:00:00', '2022-05-19 00:00:00', TRUE, TRUE, '2022-05-24 00:00:00'),
--        (267, 267, 1, 8, 43, '2023-11-27 00:00:00', '2023-11-30 00:00:00', TRUE, TRUE, '2023-12-05 00:00:00'),
--        (268, 268, 1, 11, 35, '2021-07-26 00:00:00', '2021-07-29 00:00:00', TRUE, TRUE, '2021-08-03 00:00:00'),
--        (269, 269, 3, 9, 26, '2021-10-16 00:00:00', '2021-10-19 00:00:00', TRUE, TRUE, '2021-10-24 00:00:00'),
--        (270, 270, 2, 18, 77, '2020-01-23 00:00:00', '2020-01-26 00:00:00', TRUE, TRUE, '2020-01-31 00:00:00'),
--        (271, 271, 2, 18, 93, '2022-02-01 00:00:00', '2022-02-04 00:00:00', TRUE, TRUE, '2022-02-09 00:00:00'),
--        (272, 272, 1, 5, 180, '2022-07-20 00:00:00', '2022-07-23 00:00:00', TRUE, TRUE, '2022-07-28 00:00:00'),
--        (273, 273, 1, 5, 13, '2021-03-14 00:00:00', '2021-03-17 00:00:00', TRUE, TRUE, '2021-03-22 00:00:00'),
--        (274, 274, 3, 11, 167, '2024-05-22 00:00:00', '2024-05-25 00:00:00', TRUE, TRUE, '2024-05-30 00:00:00'),
--        (275, 275, 1, 20, 96, '2025-04-04 00:00:00', '2025-04-07 00:00:00', TRUE, TRUE, '2025-04-12 00:00:00'),
--        (276, 276, 3, 12, 53, '2022-07-08 00:00:00', '2022-07-11 00:00:00', TRUE, TRUE, '2022-07-16 00:00:00'),
--        (277, 277, 1, 17, 101, '2025-05-16 00:00:00', '2025-05-19 00:00:00', TRUE, TRUE, '2025-05-24 00:00:00'),
--        (278, 278, 2, 14, 156, '2023-01-15 00:00:00', '2023-01-18 00:00:00', TRUE, TRUE, '2023-01-23 00:00:00'),
--        (279, 279, 2, 15, 108, '2021-03-13 00:00:00', '2021-03-16 00:00:00', TRUE, TRUE, '2021-03-21 00:00:00'),
--        (280, 280, 3, 9, 151, '2023-08-18 00:00:00', '2023-08-21 00:00:00', TRUE, TRUE, '2023-08-26 00:00:00'),
--        (281, 281, 3, 7, 190, '2023-06-27 00:00:00', '2023-06-30 00:00:00', TRUE, TRUE, '2023-07-05 00:00:00'),
--        (282, 282, 2, 18, 50, '2019-06-19 00:00:00', '2019-06-22 00:00:00', TRUE, TRUE, '2019-06-27 00:00:00'),
--        (283, 283, 1, 4, 194, '2021-12-21 00:00:00', '2021-12-24 00:00:00', TRUE, TRUE, '2021-12-29 00:00:00'),
--        (284, 284, 3, 5, 144, '2022-12-29 00:00:00', '2023-01-01 00:00:00', TRUE, TRUE, '2023-01-06 00:00:00'),
--        (285, 285, 1, 17, 73, '2021-12-14 00:00:00', '2021-12-17 00:00:00', TRUE, TRUE, '2021-12-22 00:00:00'),
--        (286, 286, 2, 6, 198, '2022-07-26 00:00:00', '2022-07-29 00:00:00', TRUE, TRUE, '2022-08-03 00:00:00'),
--        (287, 287, 1, 9, 21, '2023-01-19 00:00:00', '2023-01-22 00:00:00', TRUE, TRUE, '2023-01-27 00:00:00'),
--        (288, 288, 2, 20, 1, '2025-03-02 00:00:00', '2025-03-05 00:00:00', TRUE, TRUE, '2025-03-10 00:00:00'),
--        (289, 289, 2, 11, 26, '2024-04-16 00:00:00', '2024-04-19 00:00:00', TRUE, TRUE, '2024-04-24 00:00:00'),
--        (290, 290, 1, 12, 135, '2023-06-23 00:00:00', '2023-06-26 00:00:00', TRUE, TRUE, '2023-07-01 00:00:00'),
--        (291, 291, 2, 13, 149, '2025-09-08 00:00:00', '2025-09-11 00:00:00', TRUE, TRUE, '2025-09-16 00:00:00'),
--        (292, 292, 3, 5, 35, '2026-03-05 00:00:00', '2026-03-08 00:00:00', TRUE, TRUE, '2026-03-13 00:00:00'),
--        (293, 293, 2, 11, 150, '2024-12-11 00:00:00', '2024-12-14 00:00:00', TRUE, TRUE, '2024-12-19 00:00:00'),
--        (294, 294, 3, 5, 118, '2021-01-02 00:00:00', '2021-01-05 00:00:00', TRUE, TRUE, '2021-01-10 00:00:00'),
--        (295, 295, 3, 6, 195, '2021-08-16 00:00:00', '2021-08-19 00:00:00', TRUE, TRUE, '2021-08-24 00:00:00'),
--        (296, 296, 3, 7, 186, '2019-09-17 00:00:00', '2019-09-20 00:00:00', TRUE, TRUE, '2019-09-25 00:00:00'),
--        (297, 297, 3, 8, 42, '2021-05-23 00:00:00', '2021-05-26 00:00:00', TRUE, TRUE, '2021-05-31 00:00:00'),
--        (298, 298, 1, 12, 67, '2022-07-25 00:00:00', '2022-07-28 00:00:00', TRUE, TRUE, '2022-08-02 00:00:00'),
--        (299, 299, 2, 5, 109, '2023-01-16 00:00:00', '2023-01-19 00:00:00', TRUE, TRUE, '2023-01-24 00:00:00'),
--        (300, 300, 3, 15, 86, '2022-05-19 00:00:00', '2022-05-22 00:00:00', TRUE, TRUE, '2022-05-27 00:00:00');

-- INSERT INTO reward_history (reward_id, payment_id, voucher_id, type, amount, reason, date)
-- VALUES
--     (6, 418, 1, 'USED', 281000, 'USED', '2022-07-14 00:00:00'),
-- --     (1, 775, 2, 'USED', 4000, 'USED', '2023-11-08 00:00:00'),
--     (2, 424, 3, 'USED', 323000, 'USED', '2019-07-10 00:00:00'),
-- --     (3, NULL, 4, 'CHARGED', 60000, 'EVENT', '2022-03-26 00:00:00'),
--     (4, 688, 5, 'USED', 1339000, 'USED', '2023-10-26 00:00:00'),
--     (5, 208, 6, 'USED', 198000, 'USED', '2019-04-24 00:00:00');
--        (7, 12, 104, NULL, 'USED', 332000, 'USED', '2021-08-21 0:00:00'),
--        (8, 104, 350, NULL, 'USED', 1519000, 'USED', '2021-07-04 0:00:00');
--        (9, 99, 304, NULL, 'USED', 404000, 'USED', '2022-08-17 0:00:00'),
--        (10, 200, 858, NULL, 'USED', 362000, 'USED', '2018-11-28 0:00:00'),
--        (11, NULL, 671, NULL, 'USED', 96000, 'USED', '2023-08-23 0:00:00'),
--        (12, 13, 57, NULL, 'USED', 372000, 'USED', '2024-01-12 0:00:00'),
--        (13, 15, 1, NULL, 'USED', 1155000, 'USED', '2023-11-14 0:00:00'),
--        (14, 46, 139, NULL, 'USED', 34000, 'USED', '2021-07-11 0:00:00'),
--        (15, 134, 507, NULL, 'USED', 967000, 'USED', '2018-06-09 0:00:00'),
--        (16, 102, 318, NULL, 'USED', 99000, 'USED', '2021-12-21 0:00:00'),
--        (17, 137, 674, NULL, 'USED', 567000, 'USED', '2019-10-28 0:00:00'),
--        (18, 195, NULL, 149, 'CHARGED', 210000, 'BUY', '2022-04-27 0:00:00'),
--        (19, 91, NULL, 292, 'CHARGED', 290000, 'BUY', '2026-04-14 0:00:00'),
--        (20, 117, 827, NULL, 'USED', 796000, 'USED', '2021-06-01 0:00:00'),
--        (21, 161, 444, NULL, 'USED', 197000, 'USED', '2021-02-25 0:00:00'),
--        (22, 17, 756, NULL, 'USED', 115000, 'USED', '2023-11-12 0:00:00'),
--        (23, 147, 922, NULL, 'USED', 282000, 'USED', '2024-04-25 0:00:00'),
--        (24, 167, 928, NULL, 'USED', 751000, 'USED', '2022-03-20 0:00:00'),
--        (25, 44, 103, NULL, 'USED', 633000, 'USED', '2021-10-15 0:00:00'),
--        (26, 41, 810, NULL, 'USED', 1051000, 'USED', '2023-08-14 0:00:00'),
--        (27, NULL, 527, NULL, 'USED', 936000, 'USED', '2021-10-02 0:00:00'),
--        (28, 144, 429, NULL, 'USED', 248000, 'USED', '2019-08-23 0:00:00'),
--        (29, 173, 452, NULL, 'USED', 196000, 'USED', '2018-10-20 0:00:00'),
--        (30, 61, 971, NULL, 'USED', 833000, 'USED', '2018-03-03 0:00:00'),
--        (31, 8, NULL, 163, 'CHARGED', 70000, 'BUY', '2021-04-27 0:00:00'),
--        (32, NULL, NULL, 134, 'CHARGED', 240000, 'EVENT', '2023-11-13 0:00:00'),
--        (33, 64, 787, NULL, 'USED', 59000, 'USED', '2018-08-20 0:00:00'),
--        (34, NULL, 988, NULL, 'USED', 1215000, 'USED', '2020-06-13 0:00:00'),
--        (35, 94, 963, NULL, 'USED', 178000, 'USED', '2024-09-03 0:00:00'),
--        (36, 152, 11, NULL, 'USED', 737000, 'USED', '2024-06-13 0:00:00'),
--        (37, 140, 393, NULL, 'USED', 579000, 'USED', '2023-11-25 0:00:00'),
--        (38, 183, 297, NULL, 'USED', 977000, 'USED', '2020-10-19 0:00:00'),
--        (39, 68, 270, NULL, 'USED', 33000, 'USED', '2021-04-25 0:00:00'),
--        (40, 3, 221, NULL, 'USED', 742000, 'USED', '2020-08-17 0:00:00'),
--        (41, 136, 168, NULL, 'USED', 1729000, 'USED', '2021-10-29 0:00:00'),
--        (42, 67, 687, NULL, 'USED', 320000, 'USED', '2018-06-15 0:00:00'),
--        (43, 200, 691, NULL, 'USED', 1441000, 'USED', '2020-09-15 0:00:00'),
--        (44, 18, 274, NULL, 'USED', 928000, 'USED', '2020-03-22 0:00:00'),
--        (45, 4, NULL, 195, 'CHARGED', 130000, 'EVENT', '2024-07-30 0:00:00'),
--        (46, 42, NULL, 288, 'CHARGED', 90000, 'BUY', '2025-04-11 0:00:00'),
--        (48, 22, NULL, 47, 'CHARGED', 20000, 'EVENT', '2021-11-20 0:00:00'),
--        (49, 25, 56, NULL, 'USED', 20000, 'USED', '2019-05-04 0:00:00'),
--        (50, 24, 646, NULL, 'USED', 916000, 'USED', '2022-04-02 0:00:00'),
--        (51, 72, 778, NULL, 'USED', 132000, 'USED', '2019-10-31 0:00:00'),
--        (52, 103, 114, NULL, 'USED', 1602000, 'USED', '2022-07-21 0:00:00'),
--        (53, 187, 359, NULL, 'USED', 644000, 'USED', '2022-12-14 0:00:00'),
--        (54, 178, 288, NULL, 'USED', 412000, 'USED', '2023-03-01 0:00:00'),
--        (55, 181, NULL, 271, 'CHARGED', 240000, 'BUY', '2022-03-13 0:00:00'),
--        (56, 111, 779, NULL, 'USED', 87000, 'USED', '2023-11-01 0:00:00'),
--        (57, 1, 273, NULL, 'USED', 317000, 'USED', '2022-12-31 0:00:00'),
--        (58, 37, 798, NULL, 'USED', 177000, 'USED', '2019-01-31 0:00:00'),
--        (59, 95, 137, NULL, 'USED', 47000, 'USED', '2024-03-26 0:00:00'),
--        (60, 87, 189, NULL, 'USED', 57000, 'USED', '2020-07-20 0:00:00'),
--        (61, 90, NULL, 111, 'CHARGED', 10000, 'BUY', '2022-11-06 0:00:00'),
--        (62, 57, 236, NULL, 'USED', 925000, 'USED', '2023-02-20 0:00:00'),
--        (63, 153, 404, NULL, 'USED', 989000, 'USED', '2022-08-19 0:00:00'),
--        (64, 121, NULL, 83, 'CHARGED', 80000, 'BUY', '2021-01-01 0:00:00'),
--        (65, NULL, 742, NULL, 'USED', 266000, 'USED', '2018-12-23 0:00:00'),
--        (66, 140, 585, NULL, 'USED', 884000, 'USED', '2020-07-17 0:00:00'),
--        (67, 35, 521, NULL, 'USED', 151000, 'USED', '2018-09-30 0:00:00'),
--        (68, 68, 312, NULL, 'USED', 85000, 'USED', '2022-01-12 0:00:00'),
--        (69, 180, 584, NULL, 'USED', 874000, 'USED', '2018-12-27 0:00:00'),
--        (70, 134, 289, NULL, 'USED', 211000, 'USED', '2023-06-23 0:00:00'),
--        (71, 126, NULL, 212, 'CHARGED', 30000, 'EVENT', '2020-06-09 0:00:00'),
--        (72, 122, 314, NULL, 'USED', 72000, 'USED', '2020-09-23 0:00:00'),
--        (73, 99, 319, NULL, 'USED', 34000, 'USED', '2021-03-06 0:00:00'),
--        (74, NULL, 888, NULL, 'USED', 1338000, 'USED', '2024-01-12 0:00:00'),
--        (75, 82, NULL, 136, 'CHARGED', 150000, 'BUY', '2024-08-22 0:00:00'),
--        (76, NULL, 876, NULL, 'USED', 78000, 'USED', '2021-05-21 0:00:00'),
--        (77, 124, 511, NULL, 'USED', 509000, 'USED', '2019-08-17 0:00:00'),
--        (78, 139, NULL, 249, 'CHARGED', 230000, 'EVENT', '2023-03-10 0:00:00'),
--        (79, 75, 723, NULL, 'USED', 1544000, 'USED', '2021-02-08 0:00:00'),
--        (80, 98, 199, NULL, 'USED', 1030000, 'USED', '2022-06-10 0:00:00'),
--        (81, 144, 616, NULL, 'USED', 216000, 'USED', '2021-10-03 0:00:00'),
--        (82, 165, 714, NULL, 'USED', 463000, 'USED', '2018-03-10 0:00:00'),
--        (83, 73, 960, NULL, 'USED', 256000, 'USED', '2021-04-11 0:00:00'),
--        (84, 52, 804, NULL, 'USED', 23000, 'USED', '2019-03-31 0:00:00'),
--        (85, 39, NULL, 26, 'CHARGED', 230000, 'EVENT', '2022-05-10 0:00:00'),
--        (86, 151, 678, NULL, 'USED', 680000, 'USED', '2018-10-14 0:00:00'),
--        (87, NULL, 825, NULL, 'USED', 1119000, 'USED', '2023-09-06 0:00:00'),
--        (88, 197, 980, NULL, 'USED', 533000, 'USED', '2023-04-28 0:00:00'),
--        (89, 7, 892, NULL, 'USED', 346000, 'USED', '2020-01-16 0:00:00'),
--        (90, NULL, 619, NULL, 'USED', 508000, 'USED', '2021-02-25 0:00:00'),
--        (91, 167, NULL, 1, 'CHARGED', 240000, 'BUY', '2019-08-22 0:00:00'),
--        (92, NULL, 498, NULL, 'USED', 26000, 'USED', '2020-07-09 0:00:00'),
--        (93, 189, 899, NULL, 'USED', 181000, 'USED', '2019-07-03 0:00:00'),
--        (94, 70, 655, NULL, 'USED', 780000, 'USED', '2022-08-04 0:00:00'),
--        (95, 78, 870, NULL, 'USED', 345000, 'USED', '2023-10-09 0:00:00'),
--        (96, 130, 799, NULL, 'USED', 12000, 'USED', '2022-12-30 0:00:00'),
--        (97, NULL, 987, NULL, 'USED', 927000, 'USED', '2018-11-24 0:00:00'),
--        (98, 85, 218, NULL, 'USED', 408000, 'USED', '2019-07-03 0:00:00'),
--        (99, 10, 338, NULL, 'USED', 1230000, 'USED', '2020-01-18 0:00:00'),
--        (100, 69, NULL, 236, 'CHARGED', 200000, 'EVENT', '2022-02-07 0:00:00'),
--        (101, 131, NULL, 274, 'CHARGED', 180000, 'EVENT', '2024-07-01 0:00:00'),
--        (102, 15, 843, NULL, 'USED', 34000, 'USED', '2023-06-22 0:00:00'),
--        (103, 133, 468, NULL, 'USED', 945000, 'USED', '2022-03-03 0:00:00'),
--        (104, 11, 322, NULL, 'USED', 54000, 'USED', '2022-11-28 0:00:00'),
--        (105, 168, 578, NULL, 'USED', 924000, 'USED', '2020-08-17 0:00:00'),
--        (106, 111, 235, NULL, 'USED', 99000, 'USED', '2021-04-18 0:00:00'),
--        (107, 147, NULL, 289, 'CHARGED', 270000, 'EVENT', '2024-05-26 0:00:00'),
--        (108, NULL, 689, NULL, 'USED', 567000, 'USED', '2024-11-12 0:00:00'),
--        (109, 36, 656, NULL, 'USED', 575000, 'USED', '2020-06-25 0:00:00'),
--        (111, 109, 809, NULL, 'USED', 1318000, 'USED', '2019-12-05 0:00:00'),
--        (112, 39, NULL, 255, 'CHARGED', 230000, 'EVENT', '2023-06-29 0:00:00'),
--        (113, 164, NULL, 142, 'CHARGED', 190000, 'EVENT', '2023-07-13 0:00:00'),
--        (114, 5, 733, NULL, 'USED', 397000, 'USED', '2020-07-12 0:00:00'),
--        (115, 24, 158, NULL, 'USED', 924000, 'USED', '2023-10-26 0:00:00'),
--        (116, 189, 515, NULL, 'USED', 148000, 'USED', '2022-08-21 0:00:00'),
--        (117, 45, 24, NULL, 'USED', 1205000, 'USED', '2024-01-22 0:00:00'),
--        (118, 49, 683, NULL, 'USED', 289000, 'USED', '2024-01-04 0:00:00'),
--        (119, NULL, 721, NULL, 'USED', 819000, 'USED', '2018-08-27 0:00:00'),
--        (120, 172, NULL, 3, 'CHARGED', 10000, 'BUY', '2022-06-28 0:00:00'),
--        (121, 94, 379, NULL, 'USED', 2000, 'USED', '2022-11-14 0:00:00'),
--        (122, 134, 269, NULL, 'USED', 62000, 'USED', '2022-09-25 0:00:00'),
--        (123, 141, 32, NULL, 'USED', 190000, 'USED', '2023-03-06 0:00:00'),
--        (124, NULL, 800, NULL, 'USED', 9000, 'USED', '2019-02-01 0:00:00'),
--        (125, 5, 28, NULL, 'USED', 350000, 'USED', '2024-03-05 0:00:00'),
--        (126, 135, NULL, 17, 'CHARGED', 300000, 'BUY', '2023-11-13 0:00:00'),
--        (127, NULL, NULL, 242, 'CHARGED', 120000, 'EVENT', '2020-12-14 0:00:00'),
--        (129, 45, 750, NULL, 'USED', 1401000, 'USED', '2021-07-08 0:00:00'),
--        (130, 184, 90, NULL, 'USED', 353000, 'USED', '2024-12-28 0:00:00'),
--        (131, 96, NULL, 35, 'CHARGED', 230000, 'BUY', '2019-01-25 0:00:00'),
--        (132, 179, 708, NULL, 'USED', 956000, 'USED', '2024-03-02 0:00:00'),
--        (133, 142, NULL, 23, 'CHARGED', 240000, 'BUY', '2020-07-29 0:00:00'),
--        (134, 121, 51, NULL, 'USED', 167000, 'USED', '2022-03-04 0:00:00'),
--        (135, 46, 485, NULL, 'USED', 488000, 'USED', '2020-06-06 0:00:00'),
--        (136, 47, 265, NULL, 'USED', 311000, 'USED', '2023-03-12 0:00:00'),
--        (137, 138, 447, NULL, 'USED', 333000, 'USED', '2019-11-16 0:00:00'),
--        (138, 172, 342, NULL, 'USED', 1831000, 'USED', '2021-06-09 0:00:00'),
--        (139, 127, 556, NULL, 'USED', 48000, 'USED', '2019-04-02 0:00:00'),
--        (140, 76, NULL, 125, 'CHARGED', 180000, 'BUY', '2024-02-23 0:00:00'),
--        (141, 63, 906, NULL, 'USED', 260000, 'USED', '2018-08-09 0:00:00'),
--        (142, 167, 451, NULL, 'USED', 35000, 'USED', '2023-03-10 0:00:00'),
--        (143, 104, NULL, 279, 'CHARGED', 110000, 'BUY', '2021-04-22 0:00:00'),
--        (144, 88, NULL, 156, 'CHARGED', 260000, 'EVENT', '2023-02-08 0:00:00'),
--        (145, 146, 880, NULL, 'USED', 178000, 'USED', '2022-02-17 0:00:00'),
--        (146, 82, 150, NULL, 'USED', 1348000, 'USED', '2025-01-25 0:00:00'),
--        (148, 92, 692, NULL, 'USED', 1144000, 'USED', '2023-09-14 0:00:00'),
--        (149, 134, 334, NULL, 'USED', 1603000, 'USED', '2021-02-23 0:00:00'),
--        (150, 36, 609, NULL, 'USED', 245000, 'USED', '2019-04-05 0:00:00'),
--        (151, 60, 979, NULL, 'USED', 140000, 'USED', '2022-09-23 0:00:00'),
--        (152, 133, NULL, 224, 'CHARGED', 30000, 'EVENT', '2024-01-29 0:00:00'),
--        (153, 31, 239, NULL, 'USED', 438000, 'USED', '2024-03-23 0:00:00'),
--        (154, 123, 562, NULL, 'USED', 528000, 'USED', '2022-07-31 0:00:00'),
--        (155, 188, 659, NULL, 'USED', 1102000, 'USED', '2020-07-31 0:00:00'),
--        (156, 159, NULL, 36, 'CHARGED', 80000, 'BUY', '2022-12-25 0:00:00'),
--        (158, 43, NULL, 98, 'CHARGED', 140000, 'EVENT', '2020-12-02 0:00:00'),
--        (159, 22, 855, NULL, 'USED', 59000, 'USED', '2023-08-24 0:00:00'),
--        (161, 189, NULL, 273, 'CHARGED', 180000, 'EVENT', '2021-04-23 0:00:00'),
--        (163, 177, 908, NULL, 'USED', 3000, 'USED', '2018-11-06 0:00:00'),
--        (164, 143, 934, NULL, 'USED', 468000, 'USED', '2019-11-18 0:00:00'),
--        (165, 179, NULL, 254, 'CHARGED', 290000, 'EVENT', '2024-09-15 0:00:00'),
--        (166, 95, 883, NULL, 'USED', 85000, 'USED', '2018-10-10 0:00:00'),
--        (167, 100, 814, NULL, 'USED', 435000, 'USED', '2021-12-28 0:00:00'),
--        (168, NULL, 889, NULL, 'USED', 895000, 'USED', '2021-01-24 0:00:00'),
--        (169, 120, 923, NULL, 'USED', 28000, 'USED', '2023-02-22 0:00:00'),
--        (170, 36, 831, NULL, 'USED', 233000, 'USED', '2024-02-23 0:00:00'),
--        (171, 4, 377, NULL, 'USED', 807000, 'USED', '2023-04-29 0:00:00'),
--        (172, 138, 36, NULL, 'USED', 884000, 'USED', '2023-01-19 0:00:00'),
--        (173, 193, 410, NULL, 'USED', 381000, 'USED', '2018-07-09 0:00:00'),
--        (174, 192, 341, NULL, 'USED', 265000, 'USED', '2018-11-02 0:00:00'),
--        (177, 89, 916, NULL, 'USED', 464000, 'USED', '2018-08-10 0:00:00'),
--        (178, 101, 123, NULL, 'USED', 621000, 'USED', '2023-10-05 0:00:00'),
--        (179, 160, 211, NULL, 'USED', 166000, 'USED', '2024-08-24 0:00:00'),
--        (180, 93, NULL, 234, 'CHARGED', 290000, 'EVENT', '2019-08-05 0:00:00'),
--        (181, 119, 534, NULL, 'USED', 816000, 'USED', '2024-02-24 0:00:00'),
--        (182, 169, NULL, 267, 'CHARGED', 270000, 'EVENT', '2024-01-06 0:00:00'),
--        (183, 40, 327, NULL, 'USED', 604000, 'USED', '2019-12-17 0:00:00'),
--        (184, 141, 639, NULL, 'USED', 854000, 'USED', '2020-04-25 0:00:00'),
--        (185, 171, 770, NULL, 'USED', 88000, 'USED', '2020-12-30 0:00:00'),
--        (186, NULL, 642, NULL, 'USED', 2000, 'USED', '2025-01-03 0:00:00'),
--        (187, 22, 820, NULL, 'USED', 145000, 'USED', '2024-07-16 0:00:00'),
--        (188, 179, 127, NULL, 'USED', 504000, 'USED', '2019-03-03 0:00:00'),
--        (189, 157, 152, NULL, 'USED', 996000, 'USED', '2022-08-17 0:00:00'),
--        (191, NULL, 436, NULL, 'USED', 852000, 'USED', '2022-05-19 0:00:00'),
--        (192, 172, 937, NULL, 'USED', 154000, 'USED', '2022-04-12 0:00:00'),
--        (193, 155, 956, NULL, 'USED', 390000, 'USED', '2022-03-17 0:00:00'),
--        (194, 193, NULL, 298, 'CHARGED', 280000, 'BUY', '2022-09-03 0:00:00'),
--        (195, 8, NULL, 189, 'CHARGED', 160000, 'BUY', '2020-09-21 0:00:00'),
--        (196, 31, 986, NULL, 'USED', 40000, 'USED', '2023-08-11 0:00:00'),
--        (197, NULL, 160, NULL, 'USED', 1226000, 'USED', '2023-01-05 0:00:00'),
--        (198, 171, 805, NULL, 'USED', 193000, 'USED', '2019-02-17 0:00:00'),
--        (199, NULL, 540, NULL, 'USED', 170000, 'USED', '2020-09-14 0:00:00'),
--        (200, 91, NULL, 176, 'CHARGED', 20000, 'EVENT', '2020-12-18 0:00:00'),
--        (201, 113, 486, NULL, 'USED', 59000, 'USED', '2023-06-14 0:00:00'),
--        (202, NULL, 157, NULL, 'USED', 539000, 'USED', '2023-05-29 0:00:00'),
--        (204, 68, 321, NULL, 'USED', 35000, 'USED', '2021-04-23 0:00:00'),
--        (205, NULL, 85, NULL, 'USED', 151000, 'USED', '2021-02-13 0:00:00'),
--        (206, 154, 784, NULL, 'USED', 347000, 'USED', '2021-03-20 0:00:00'),
--        (207, 52, 124, NULL, 'USED', 1489000, 'USED', '2022-02-16 0:00:00'),
--        (208, 174, 33, NULL, 'USED', 141000, 'USED', '2024-05-20 0:00:00'),
--        (209, 34, 668, NULL, 'USED', 764000, 'USED', '2022-06-15 0:00:00'),
--        (210, 175, 433, NULL, 'USED', 192000, 'USED', '2023-07-21 0:00:00'),
--        (211, 147, 952, NULL, 'USED', 905000, 'USED', '2019-06-19 0:00:00'),
--        (212, 123, 897, NULL, 'USED', 1734000, 'USED', '2021-04-08 0:00:00'),
--        (215, 163, 1000, NULL, 'USED', 6000, 'USED', '2024-03-08 0:00:00'),
--        (216, 109, 118, NULL, 'USED', 107000, 'USED', '2023-10-11 0:00:00'),
--        (217, 26, 490, NULL, 'USED', 128000, 'USED', '2020-09-26 0:00:00'),
--        (218, 84, NULL, 122, 'CHARGED', 220000, 'BUY', '2025-06-08 0:00:00'),
--        (221, 39, 782, NULL, 'USED', 10000, 'USED', '2020-12-21 0:00:00'),
--        (222, 169, 43, NULL, 'USED', 1033000, 'USED', '2024-04-23 0:00:00'),
--        (223, 76, 881, NULL, 'USED', 162000, 'USED', '2021-12-04 0:00:00'),
--        (224, 22, 423, NULL, 'USED', 236000, 'USED', '2023-12-29 0:00:00'),
--        (225, 69, 965, NULL, 'USED', 336000, 'USED', '2019-12-23 0:00:00'),
--        (227, 6, 116, NULL, 'USED', 921000, 'USED', '2019-12-04 0:00:00'),
--        (228, 130, 147, NULL, 'USED', 552000, 'USED', '2019-02-28 0:00:00'),
--        (229, 110, 856, NULL, 'USED', 44000, 'USED', '2021-08-16 0:00:00'),
--        (230, 164, NULL, 41, 'CHARGED', 40000, 'EVENT', '2021-12-15 0:00:00'),
--        (231, 71, 982, NULL, 'USED', 38000, 'USED', '2023-09-21 0:00:00'),
--        (232, 91, 581, NULL, 'USED', 1630000, 'USED', '2023-07-16 0:00:00'),
--        (233, 153, NULL, 85, 'CHARGED', 70000, 'EVENT', '2020-04-14 0:00:00'),
--        (234, 200, 893, NULL, 'USED', 98000, 'USED', '2018-10-07 0:00:00'),
--        (235, 105, NULL, 243, 'CHARGED', 150000, 'EVENT', '2023-01-11 0:00:00'),
--        (236, 106, NULL, 43, 'CHARGED', 220000, 'BUY', '2024-06-26 0:00:00'),
--        (237, NULL, 284, NULL, 'USED', 414000, 'USED', '2023-08-10 0:00:00'),
--        (239, 181, 174, NULL, 'USED', 26000, 'USED', '2023-10-21 0:00:00'),
--        (240, 124, 806, NULL, 'USED', 101000, 'USED', '2020-08-20 0:00:00'),
--        (241, 2, NULL, 131, 'CHARGED', 280000, 'EVENT', '2022-09-13 0:00:00'),
--        (242, 187, 190, NULL, 'USED', 15000, 'USED', '2021-04-10 0:00:00'),
--        (243, 191, NULL, 146, 'CHARGED', 270000, 'EVENT', '2025-02-26 0:00:00'),
--        (245, 74, 959, NULL, 'USED', 358000, 'USED', '2020-08-21 0:00:00'),
--        (246, 184, 356, NULL, 'USED', 424000, 'USED', '2018-07-17 0:00:00'),
--        (247, 152, 499, NULL, 'USED', 12000, 'USED', '2021-02-16 0:00:00'),
--        (248, 77, NULL, 121, 'CHARGED', 270000, 'EVENT', '2021-12-12 0:00:00'),
--        (249, 173, 785, NULL, 'USED', 37000, 'USED', '2019-12-19 0:00:00'),
--        (250, 76, 380, NULL, 'USED', 3000, 'USED', '2020-04-06 0:00:00'),
--        (251, 152, 129, NULL, 'USED', 137000, 'USED', '2024-02-26 0:00:00'),
--        (252, 149, 141, NULL, 'USED', 259000, 'USED', '2023-07-02 0:00:00'),
--        (254, 125, 526, NULL, 'USED', 584000, 'USED', '2021-12-17 0:00:00'),
--        (256, 12, 225, NULL, 'USED', 248000, 'USED', '2022-02-20 0:00:00'),
--        (258, 47, 622, NULL, 'USED', 817000, 'USED', '2020-02-02 0:00:00'),
--        (259, NULL, 332, NULL, 'USED', 87000, 'USED', '2022-11-18 0:00:00'),
--        (260, 139, 657, NULL, 'USED', 24000, 'USED', '2020-10-24 0:00:00'),
--        (261, 95, 78, NULL, 'USED', 77000, 'USED', '2023-11-20 0:00:00'),
--        (262, 15, NULL, 29, 'CHARGED', 40000, 'BUY', '2023-08-02 0:00:00'),
--        (263, 108, 849, NULL, 'USED', 89000, 'USED', '2023-08-15 0:00:00'),
--        (264, NULL, NULL, 25, 'CHARGED', 120000, 'EVENT', '2024-10-20 0:00:00'),
--        (265, 50, 419, NULL, 'USED', 1043000, 'USED', '2024-01-01 0:00:00'),
--        (267, 190, 512, NULL, 'USED', 767000, 'USED', '2018-06-30 0:00:00'),
--        (268, 159, 370, NULL, 'USED', 169000, 'USED', '2019-12-24 0:00:00'),
--        (269, NULL, NULL, 81, 'CHARGED', 180000, 'BUY', '2018-12-30 0:00:00'),
--        (270, 194, 47, NULL, 'USED', 737000, 'USED', '2024-10-17 0:00:00'),
--        (271, 171, 430, NULL, 'USED', 141000, 'USED', '2022-12-06 0:00:00'),
--        (272, 17, NULL, 239, 'CHARGED', 30000, 'EVENT', '2023-09-08 0:00:00'),
--        (273, 101, 650, NULL, 'USED', 1132000, 'USED', '2024-05-16 0:00:00'),
--        (274, 43, 829, NULL, 'USED', 728000, 'USED', '2022-11-21 0:00:00'),
--        (276, 99, 555, NULL, 'USED', 55000, 'USED', '2018-10-05 0:00:00'),
--        (277, NULL, 27, NULL, 'USED', 871000, 'USED', '2020-06-12 0:00:00'),
--        (278, 126, 217, NULL, 'USED', 584000, 'USED', '2022-06-10 0:00:00'),
--        (280, 4, 894, NULL, 'USED', 762000, 'USED', '2024-10-28 0:00:00'),
--        (281, 53, NULL, 225, 'CHARGED', 90000, 'EVENT', '2024-07-22 0:00:00'),
--        (282, 111, NULL, 178, 'CHARGED', 260000, 'EVENT', '2022-03-24 0:00:00'),
--        (283, 48, 559, NULL, 'USED', 462000, 'USED', '2023-11-29 0:00:00'),
--        (284, 99, 962, NULL, 'USED', 715000, 'USED', '2024-11-05 0:00:00'),
--        (285, NULL, 120, NULL, 'USED', 10000, 'USED', '2018-10-25 0:00:00'),
--        (286, 118, 449, NULL, 'USED', 375000, 'USED', '2020-07-15 0:00:00'),
--        (287, 200, NULL, 299, 'CHARGED', 70000, 'BUY', '2023-02-25 0:00:00'),
--        (288, 134, 317, NULL, 'USED', 84000, 'USED', '2024-01-17 0:00:00'),
--        (289, NULL, 704, NULL, 'USED', 358000, 'USED', '2019-09-25 0:00:00'),
--        (290, NULL, 748, NULL, 'USED', 426000, 'USED', '2020-04-20 0:00:00'),
--        (292, 56, 53, NULL, 'USED', 71000, 'USED', '2023-07-27 0:00:00'),
--        (293, 26, 308, NULL, 'USED', 1454000, 'USED', '2019-05-22 0:00:00'),
--        (295, 45, NULL, 63, 'CHARGED', 280000, 'EVENT', '2025-07-16 0:00:00'),
--        (296, 104, 948, NULL, 'USED', 57000, 'USED', '2022-05-15 0:00:00'),
--        (297, 147, 891, NULL, 'USED', 453000, 'USED', '2024-10-13 0:00:00'),
--        (298, 72, 66, NULL, 'USED', 9000, 'USED', '2023-12-07 0:00:00'),
--        (299, 144, 219, NULL, 'USED', 62000, 'USED', '2023-04-26 0:00:00'),
--        (300, NULL, 992, NULL, 'USED', 685000, 'USED', '2020-11-25 0:00:00'),
--        (302, 66, 635, NULL, 'USED', 339000, 'USED', '2021-08-08 0:00:00'),
--        (303, 21, 909, NULL, 'USED', 320000, 'USED', '2023-03-29 0:00:00'),
--        (304, 160, NULL, 129, 'CHARGED', 150000, 'BUY', '2019-02-02 0:00:00'),
--        (305, 125, 45, NULL, 'USED', 954000, 'USED', '2019-09-16 0:00:00'),
--        (306, NULL, NULL, 233, 'CHARGED', 100000, 'EVENT', '2020-08-16 0:00:00'),
--        (307, 167, 164, NULL, 'USED', 1164000, 'USED', '2019-06-07 0:00:00'),
--        (308, 180, NULL, 84, 'CHARGED', 210000, 'BUY', '2021-01-30 0:00:00'),
--        (309, 15, NULL, 15, 'CHARGED', 290000, 'BUY', '2024-11-09 0:00:00'),
--        (311, 143, 23, NULL, 'USED', 251000, 'USED', '2021-12-31 0:00:00'),
--        (312, 29, 861, NULL, 'USED', 804000, 'USED', '2022-04-26 0:00:00'),
--        (314, 83, 715, NULL, 'USED', 232000, 'USED', '2019-06-04 0:00:00'),
--        (317, NULL, 844, NULL, 'USED', 202000, 'USED', '2023-10-31 0:00:00'),
--        (318, 108, 170, NULL, 'USED', 428000, 'USED', '2018-05-12 0:00:00'),
--        (319, 175, 903, NULL, 'USED', 338000, 'USED', '2019-04-15 0:00:00'),
--        (320, 22, 726, NULL, 'USED', 76000, 'USED', '2019-01-04 0:00:00'),
--        (321, 116, 142, NULL, 'USED', 98000, 'USED', '2023-06-17 0:00:00'),
--        (323, 93, NULL, 117, 'CHARGED', 90000, 'EVENT', '2021-10-16 0:00:00'),
--        (327, 166, 278, NULL, 'USED', 1672000, 'USED', '2022-12-05 0:00:00'),
--        (328, 95, NULL, 177, 'CHARGED', 210000, 'EVENT', '2021-09-23 0:00:00'),
--        (329, 53, 524, NULL, 'USED', 1454000, 'USED', '2024-08-05 0:00:00'),
--        (330, 62, NULL, 118, 'CHARGED', 90000, 'BUY', '2018-07-27 0:00:00'),
--        (331, 70, NULL, 269, 'CHARGED', 270000, 'EVENT', '2021-11-25 0:00:00'),
--        (332, 52, 502, NULL, 'USED', 125000, 'USED', '2020-08-09 0:00:00'),
--        (333, 182, 186, NULL, 'USED', 793000, 'USED', '2021-10-13 0:00:00'),
--        (334, 127, 349, NULL, 'USED', 609000, 'USED', '2023-10-25 0:00:00'),
--        (337, 149, NULL, 151, 'CHARGED', 230000, 'BUY', '2019-10-27 0:00:00'),
--        (338, 21, 483, NULL, 'USED', 444000, 'USED', '2018-08-20 0:00:00'),
--        (339, 109, 287, NULL, 'USED', 100000, 'USED', '2021-03-03 0:00:00'),
--        (340, 139, 223, NULL, 'USED', 1324000, 'USED', '2021-12-09 0:00:00'),
--        (341, 51, 776, NULL, 'USED', 137000, 'USED', '2021-01-24 0:00:00'),
--        (342, 96, 851, NULL, 'USED', 400000, 'USED', '2018-09-16 0:00:00'),
--        (343, 126, 732, NULL, 'USED', 909000, 'USED', '2019-01-25 0:00:00'),
--        (344, 135, 340, NULL, 'USED', 441000, 'USED', '2023-06-16 0:00:00'),
--        (345, 6, 409, NULL, 'USED', 558000, 'USED', '2023-01-08 0:00:00'),
--        (346, 192, 196, NULL, 'USED', 78000, 'USED', '2022-12-29 0:00:00'),
--        (347, NULL, 232, NULL, 'USED', 208000, 'USED', '2020-12-20 0:00:00'),
--        (348, 127, 248, NULL, 'USED', 65000, 'USED', '2021-08-06 0:00:00'),
--        (349, 8, 896, NULL, 'USED', 91000, 'USED', '2021-08-08 0:00:00'),
--        (351, 146, NULL, 183, 'CHARGED', 210000, 'BUY', '2024-02-24 0:00:00'),
--        (353, 112, 49, NULL, 'USED', 319000, 'USED', '2019-05-01 0:00:00'),
--        (354, 54, 973, NULL, 'USED', 156000, 'USED', '2020-03-22 0:00:00'),
--        (355, 178, 283, NULL, 'USED', 62000, 'USED', '2021-01-15 0:00:00'),
--        (356, 180, 17, NULL, 'USED', 571000, 'USED', '2021-11-09 0:00:00'),
--        (357, NULL, 603, NULL, 'USED', 113000, 'USED', '2019-05-31 0:00:00'),
--        (358, 144, 509, NULL, 'USED', 107000, 'USED', '2022-01-16 0:00:00'),
--        (359, 86, NULL, 71, 'CHARGED', 120000, 'BUY', '2024-10-20 0:00:00'),
--        (360, 159, 387, NULL, 'USED', 687000, 'USED', '2024-04-05 0:00:00'),
--        (361, 107, NULL, 265, 'CHARGED', 100000, 'EVENT', '2024-03-24 0:00:00'),
--        (365, 26, NULL, 78, 'CHARGED', 150000, 'BUY', '2021-09-06 0:00:00'),
--        (366, 176, 122, NULL, 'USED', 32000, 'USED', '2020-09-17 0:00:00'),
--        (367, 78, 701, NULL, 'USED', 359000, 'USED', '2020-08-02 0:00:00'),
--        (368, 119, 763, NULL, 'USED', 23000, 'USED', '2021-08-10 0:00:00'),
--        (369, 165, NULL, 24, 'CHARGED', 180000, 'EVENT', '2023-09-23 0:00:00'),
--        (370, 154, 636, NULL, 'USED', 923000, 'USED', '2022-04-09 0:00:00'),
--        (374, NULL, 991, NULL, 'USED', 313000, 'USED', '2019-12-25 0:00:00'),
--        (375, 115, NULL, 97, 'CHARGED', 240000, 'BUY', '2025-01-11 0:00:00'),
--        (376, 109, 163, NULL, 'USED', 1417000, 'USED', '2023-06-07 0:00:00'),
--        (378, 76, 204, NULL, 'USED', 382000, 'USED', '2019-10-04 0:00:00'),
--        (379, NULL, 467, NULL, 'USED', 95000, 'USED', '2024-02-12 0:00:00'),
--        (380, 175, 676, NULL, 'USED', 519000, 'USED', '2019-01-16 0:00:00'),
--        (381, 111, 935, NULL, 'USED', 1145000, 'USED', '2018-12-17 0:00:00'),
--        (382, 13, 459, NULL, 'USED', 106000, 'USED', '2020-05-28 0:00:00'),
--        (383, NULL, 713, NULL, 'USED', 493000, 'USED', '2020-07-09 0:00:00'),
--        (384, 141, 964, NULL, 'USED', 665000, 'USED', '2021-05-07 0:00:00'),
--        (385, NULL, 516, NULL, 'USED', 1774000, 'USED', '2021-10-17 0:00:00'),
--        (386, 162, 192, NULL, 'USED', 240000, 'USED', '2024-05-22 0:00:00'),
--        (388, 143, NULL, 166, 'CHARGED', 60000, 'BUY', '2019-10-01 0:00:00'),
--        (389, 50, 428, NULL, 'USED', 1010000, 'USED', '2019-05-18 0:00:00'),
--        (390, 170, 901, NULL, 'USED', 164000, 'USED', '2020-11-15 0:00:00'),
--        (392, 53, 403, NULL, 'USED', 70000, 'USED', '2021-08-22 0:00:00'),
--        (393, 38, 346, NULL, 'USED', 1203000, 'USED', '2020-07-25 0:00:00'),
--        (394, 182, 989, NULL, 'USED', 527000, 'USED', '2023-12-28 0:00:00'),
--        (395, 136, 572, NULL, 'USED', 95000, 'USED', '2020-11-20 0:00:00'),
--        (396, 194, NULL, 69, 'CHARGED', 40000, 'BUY', '2020-11-25 0:00:00'),
--        (400, NULL, 348, NULL, 'USED', 1372000, 'USED', '2023-12-01 0:00:00'),
--        (401, 67, NULL, 58, 'CHARGED', 270000, 'BUY', '2023-07-13 0:00:00'),
--        (402, 89, 850, NULL, 'USED', 10000, 'USED', '2023-10-13 0:00:00'),
--        (403, 148, 663, NULL, 'USED', 195000, 'USED', '2023-01-23 0:00:00'),
--        (404, 39, 437, NULL, 'USED', 585000, 'USED', '2022-12-11 0:00:00'),
--        (405, NULL, 869, NULL, 'USED', 365000, 'USED', '2022-02-17 0:00:00'),
--        (406, 165, 734, NULL, 'USED', 239000, 'USED', '2023-08-14 0:00:00'),
--        (407, 116, 434, NULL, 'USED', 642000, 'USED', '2018-09-16 0:00:00'),
--        (408, 75, 736, NULL, 'USED', 521000, 'USED', '2019-03-29 0:00:00'),
--        (409, 7, 953, NULL, 'USED', 30000, 'USED', '2023-08-18 0:00:00'),
--        (410, 152, 662, NULL, 'USED', 1701000, 'USED', '2024-09-24 0:00:00'),
--        (411, 182, NULL, 94, 'CHARGED', 80000, 'EVENT', '2023-01-06 0:00:00'),
--        (414, 167, NULL, 88, 'CHARGED', 240000, 'BUY', '2018-08-14 0:00:00'),
--        (415, 28, 252, NULL, 'USED', 18000, 'USED', '2021-06-18 0:00:00'),
--        (416, 71, 811, NULL, 'USED', 1112000, 'USED', '2024-06-29 0:00:00'),
--        (417, NULL, 411, NULL, 'USED', 1476000, 'USED', '2018-09-12 0:00:00'),
--        (419, 200, 561, NULL, 'USED', 1157000, 'USED', '2022-06-04 0:00:00'),
--        (420, 195, 768, NULL, 'USED', 284000, 'USED', '2023-01-29 0:00:00'),
--        (421, 159, 596, NULL, 'USED', 264000, 'USED', '2021-07-24 0:00:00'),
--        (422, NULL, 361, NULL, 'USED', 865000, 'USED', '2019-04-10 0:00:00'),
--        (423, 26, 761, NULL, 'USED', 627000, 'USED', '2020-03-08 0:00:00'),
--        (425, 72, NULL, 11, 'CHARGED', 70000, 'BUY', '2021-04-04 0:00:00'),
--        (426, 163, 489, NULL, 'USED', 548000, 'USED', '2021-12-07 0:00:00'),
--        (427, 190, 607, NULL, 'USED', 757000, 'USED', '2019-12-19 0:00:00'),
--        (428, NULL, 865, NULL, 'USED', 383000, 'USED', '2023-09-27 0:00:00'),
--        (429, 151, 875, NULL, 'USED', 77000, 'USED', '2020-03-22 0:00:00'),
--        (430, 160, NULL, 28, 'CHARGED', 190000, 'BUY', '2023-09-27 0:00:00'),
--        (431, NULL, 441, NULL, 'USED', 463000, 'USED', '2019-07-06 0:00:00'),
--        (433, 38, 417, NULL, 'USED', 210000, 'USED', '2023-11-18 0:00:00'),
--        (435, 140, 773, NULL, 'USED', 263000, 'USED', '2022-04-06 0:00:00'),
--        (436, 149, 8, NULL, 'USED', 321000, 'USED', '2018-08-04 0:00:00'),
--        (437, 142, NULL, 193, 'CHARGED', 50000, 'BUY', '2020-09-18 0:00:00'),
--        (438, 143, NULL, 2, 'CHARGED', 90000, 'BUY', '2021-06-18 0:00:00'),
--        (440, 29, 873, NULL, 'USED', 93000, 'USED', '2024-05-23 0:00:00'),
--        (441, NULL, 226, NULL, 'USED', 305000, 'USED', '2021-07-23 0:00:00'),
--        (444, 192, NULL, 13, 'CHARGED', 40000, 'BUY', '2020-04-13 0:00:00'),
--        (446, 119, 500, NULL, 'USED', 73000, 'USED', '2021-12-04 0:00:00'),
--        (447, 77, 613, NULL, 'USED', 276000, 'USED', '2021-03-19 0:00:00'),
--        (448, 37, NULL, 7, 'CHARGED', 110000, 'BUY', '2023-04-04 0:00:00'),
--        (449, NULL, 395, NULL, 'USED', 159000, 'USED', '2022-08-17 0:00:00'),
--        (451, 71, 295, NULL, 'USED', 19000, 'USED', '2020-03-22 0:00:00'),
--        (453, 39, 461, NULL, 'USED', 28000, 'USED', '2022-06-25 0:00:00'),
--        (456, NULL, 914, NULL, 'USED', 194000, 'USED', '2018-10-05 0:00:00'),
--        (457, NULL, 172, NULL, 'USED', 231000, 'USED', '2019-02-07 0:00:00'),
--        (458, 51, 65, NULL, 'USED', 64000, 'USED', '2019-08-26 0:00:00'),
--        (459, 9, NULL, 5, 'CHARGED', 70000, 'EVENT', '2019-06-30 0:00:00'),
--        (460, 97, NULL, 27, 'CHARGED', 180000, 'BUY', '2019-07-04 0:00:00'),
--        (462, 197, 303, NULL, 'USED', 143000, 'USED', '2021-01-05 0:00:00'),
--        (464, 59, 942, NULL, 'USED', 671000, 'USED', '2025-03-01 0:00:00'),
--        (466, NULL, 383, NULL, 'USED', 407000, 'USED', '2021-07-06 0:00:00'),
--        (467, 106, 251, NULL, 'USED', 253000, 'USED', '2023-01-02 0:00:00'),
--        (468, 16, 878, NULL, 'USED', 1656000, 'USED', '2024-09-16 0:00:00'),
--        (470, 95, 443, NULL, 'USED', 959000, 'USED', '2020-06-24 0:00:00'),
--        (471, 57, NULL, 22, 'CHARGED', 120000, 'EVENT', '2023-02-17 0:00:00'),
--        (474, NULL, NULL, 186, 'CHARGED', 250000, 'EVENT', '2024-12-27 0:00:00'),
--        (475, 39, 302, NULL, 'USED', 677000, 'USED', '2023-07-09 0:00:00'),
--        (476, NULL, 826, NULL, 'USED', 456000, 'USED', '2019-02-03 0:00:00'),
--        (477, 138, 454, NULL, 'USED', 33000, 'USED', '2023-09-05 0:00:00'),
--        (478, 179, 647, NULL, 'USED', 465000, 'USED', '2019-07-15 0:00:00'),
--        (479, 18, NULL, 6, 'CHARGED', 220000, 'EVENT', '2022-08-17 0:00:00'),
--        (481, 28, 932, NULL, 'USED', 410000, 'USED', '2021-09-27 0:00:00'),
--        (482, 151, 699, NULL, 'USED', 1197000, 'USED', '2018-10-13 0:00:00'),
--        (484, 43, 375, NULL, 'USED', 23000, 'USED', '2023-10-15 0:00:00'),
--        (485, 79, 631, NULL, 'USED', 665000, 'USED', '2024-02-06 0:00:00'),
--        (487, 181, 182, NULL, 'USED', 133000, 'USED', '2021-12-28 0:00:00'),
--        (489, 136, 823, NULL, 'USED', 791000, 'USED', '2020-11-06 0:00:00'),
--        (490, 89, 22, NULL, 'USED', 232000, 'USED', '2022-05-29 0:00:00'),
--        (491, 55, NULL, 19, 'CHARGED', 100000, 'EVENT', '2018-11-24 0:00:00'),
--        (493, 48, 453, NULL, 'USED', 1675000, 'USED', '2020-05-20 0:00:00'),
--        (494, 66, 664, NULL, 'USED', 984000, 'USED', '2018-08-23 0:00:00'),
--        (495, 187, 40, NULL, 'USED', 1465000, 'USED', '2019-12-26 0:00:00'),
--        (497, 120, NULL, 68, 'CHARGED', 40000, 'EVENT', '2024-03-23 0:00:00'),
--        (499, 9, 727, NULL, 'USED', 117000, 'USED', '2023-07-30 0:00:00'),
--        (500, 75, NULL, 96, 'CHARGED', 230000, 'BUY', '2020-04-30 0:00:00'),
--        (502, 178, 25, NULL, 'USED', 540000, 'USED', '2020-01-22 0:00:00'),
--        (504, 165, 79, NULL, 'USED', 8000, 'USED', '2019-06-23 0:00:00'),
--        (505, 151, NULL, 262, 'CHARGED', 120000, 'EVENT', '2019-03-02 0:00:00'),
--        (510, 1, 262, NULL, 'USED', 1537000, 'USED', '2020-05-13 0:00:00'),
--        (512, 20, 21, NULL, 'USED', 142000, 'USED', '2025-01-03 0:00:00'),
--        (513, 21, 76, NULL, 'USED', 342000, 'USED', '2023-08-23 0:00:00'),
--        (514, 42, 450, NULL, 'USED', 299000, 'USED', '2020-09-23 0:00:00'),
--        (515, 32, 853, NULL, 'USED', 791000, 'USED', '2020-06-08 0:00:00'),
--        (516, 97, NULL, 253, 'CHARGED', 280000, 'EVENT', '2019-11-30 0:00:00'),
--        (518, 28, 860, NULL, 'USED', 8000, 'USED', '2022-05-17 0:00:00'),
--        (519, NULL, NULL, 12, 'CHARGED', 160000, 'EVENT', '2022-02-24 0:00:00'),
--        (521, 105, 458, NULL, 'USED', 887000, 'USED', '2023-03-28 0:00:00'),
--        (523, 60, 951, NULL, 'USED', 86000, 'USED', '2020-02-16 0:00:00'),
--        (526, 167, NULL, 231, 'CHARGED', 170000, 'BUY', '2019-10-08 0:00:00'),
--        (528, 69, 365, NULL, 'USED', 1177000, 'USED', '2021-08-30 0:00:00'),
--        (529, 48, 577, NULL, 'USED', 374000, 'USED', '2022-11-20 0:00:00'),
--        (534, 139, 911, NULL, 'USED', 1303000, 'USED', '2020-11-11 0:00:00'),
--        (536, 22, 113, NULL, 'USED', 1029000, 'USED', '2018-11-27 0:00:00'),
--        (537, 26, 754, NULL, 'USED', 361000, 'USED', '2022-01-11 0:00:00'),
--        (539, NULL, 427, NULL, 'USED', 620000, 'USED', '2022-01-19 0:00:00'),
--        (540, 173, 197, NULL, 'USED', 102000, 'USED', '2019-08-07 0:00:00'),
--        (541, NULL, NULL, 8, 'CHARGED', 280000, 'EVENT', '2024-07-11 0:00:00'),
--        (542, 38, 634, NULL, 'USED', 412000, 'USED', '2019-02-12 0:00:00'),
--        (544, 141, 360, NULL, 'USED', 212000, 'USED', '2024-04-15 0:00:00'),
--        (545, NULL, 730, NULL, 'USED', 776000, 'USED', '2019-12-29 0:00:00'),
--        (547, NULL, 421, NULL, 'USED', 924000, 'USED', '2021-12-23 0:00:00'),
--        (548, 116, 126, NULL, 'USED', 650000, 'USED', '2023-06-10 0:00:00'),
--        (549, 135, 240, NULL, 'USED', 806000, 'USED', '2020-07-06 0:00:00'),
--        (550, 14, 954, NULL, 'USED', 398000, 'USED', '2020-03-17 0:00:00'),
--        (551, 193, NULL, 72, 'CHARGED', 160000, 'BUY', '2024-02-06 0:00:00'),
--        (552, 71, 210, NULL, 'USED', 420000, 'USED', '2020-07-03 0:00:00'),
--        (553, 64, NULL, 171, 'CHARGED', 100000, 'EVENT', '2023-05-06 0:00:00'),
--        (555, 140, 794, NULL, 'USED', 1547000, 'USED', '2021-07-31 0:00:00'),
--        (556, 158, NULL, 218, 'CHARGED', 170000, 'EVENT', '2019-11-29 0:00:00'),
--        (557, 77, 339, NULL, 'USED', 474000, 'USED', '2021-01-17 0:00:00'),
--        (560, 180, 460, NULL, 'USED', 933000, 'USED', '2021-10-21 0:00:00'),
--        (561, 172, 149, NULL, 'USED', 754000, 'USED', '2019-06-25 0:00:00'),
--        (562, 193, 505, NULL, 'USED', 201000, 'USED', '2024-08-27 0:00:00'),
--        (564, NULL, 272, NULL, 'USED', 568000, 'USED', '2022-08-08 0:00:00'),
--        (566, 138, 391, NULL, 'USED', 1020000, 'USED', '2023-09-20 0:00:00'),
--        (569, 184, 18, NULL, 'USED', 308000, 'USED', '2023-01-04 0:00:00'),
--        (570, 36, 600, NULL, 'USED', 203000, 'USED', '2022-03-13 0:00:00'),
--        (571, 95, 307, NULL, 'USED', 218000, 'USED', '2024-02-21 0:00:00'),
--        (573, 148, 88, NULL, 'USED', 232000, 'USED', '2022-01-10 0:00:00'),
--        (574, 64, 144, NULL, 'USED', 175000, 'USED', '2024-12-06 0:00:00'),
--        (576, 42, 871, NULL, 'USED', 445000, 'USED', '2022-03-05 0:00:00'),
--        (580, 59, 250, NULL, 'USED', 41000, 'USED', '2023-08-23 0:00:00'),
--        (583, 195, NULL, 199, 'CHARGED', 290000, 'BUY', '2022-11-18 0:00:00'),
--        (586, 112, 46, NULL, 'USED', 1872000, 'USED', '2021-03-30 0:00:00'),
--        (587, 162, 328, NULL, 'USED', 70000, 'USED', '2024-06-18 0:00:00'),
--        (588, 94, 455, NULL, 'USED', 172000, 'USED', '2019-07-02 0:00:00'),
--        (589, 13, 280, NULL, 'USED', 330000, 'USED', '2020-08-28 0:00:00'),
--        (590, 58, 812, NULL, 'USED', 420000, 'USED', '2020-07-13 0:00:00'),
--        (591, 134, 286, NULL, 'USED', 769000, 'USED', '2020-03-03 0:00:00'),
--        (592, 98, 796, NULL, 'USED', 142000, 'USED', '2020-08-04 0:00:00'),
--        (593, 99, NULL, 297, 'CHARGED', 190000, 'BUY', '2021-07-02 0:00:00'),
--        (594, 32, 13, NULL, 'USED', 103000, 'USED', '2022-07-17 0:00:00'),
--        (595, 147, 593, NULL, 'USED', 485000, 'USED', '2023-12-09 0:00:00'),
--        (596, 116, 212, NULL, 'USED', 763000, 'USED', '2018-12-16 0:00:00'),
--        (597, 193, 706, NULL, 'USED', 573000, 'USED', '2022-03-14 0:00:00'),
--        (599, NULL, NULL, 287, 'CHARGED', 200000, 'EVENT', '2023-02-28 0:00:00'),
--        (600, 10, NULL, 167, 'CHARGED', 40000, 'BUY', '2020-10-28 0:00:00'),
--        (601, 96, 92, NULL, 'USED', 1310000, 'USED', '2018-09-14 0:00:00'),
--        (602, 176, 702, NULL, 'USED', 873000, 'USED', '2022-11-19 0:00:00'),
--        (603, 174, 617, NULL, 'USED', 66000, 'USED', '2018-08-06 0:00:00'),
--        (604, 25, 602, NULL, 'USED', 1044000, 'USED', '2024-08-05 0:00:00'),
--        (606, 187, 757, NULL, 'USED', 897000, 'USED', '2024-07-18 0:00:00'),
--        (607, 103, NULL, 179, 'CHARGED', 250000, 'EVENT', '2023-02-11 0:00:00'),
--        (608, 141, 384, NULL, 'USED', 162000, 'USED', '2020-08-13 0:00:00'),
--        (609, 153, 641, NULL, 'USED', 1524000, 'USED', '2023-03-03 0:00:00'),
--        (610, 182, 177, NULL, 'USED', 390000, 'USED', '2022-12-10 0:00:00'),
--        (611, 86, 737, NULL, 'USED', 205000, 'USED', '2020-06-28 0:00:00'),
--        (612, 3, NULL, 251, 'CHARGED', 50000, 'BUY', '2025-08-28 0:00:00'),
--        (614, 123, 501, NULL, 'USED', 260000, 'USED', '2021-09-21 0:00:00'),
--        (615, 20, 205, NULL, 'USED', 160000, 'USED', '2018-08-07 0:00:00'),
--        (618, 45, 925, NULL, 'USED', 1017000, 'USED', '2021-01-17 0:00:00'),
--        (619, 50, 315, NULL, 'USED', 65000, 'USED', '2020-05-24 0:00:00'),
--        (620, 88, 983, NULL, 'USED', 402000, 'USED', '2022-07-12 0:00:00'),
--        (621, 97, 520, NULL, 'USED', 892000, 'USED', '2021-01-03 0:00:00'),
--        (622, 52, 921, NULL, 'USED', 25000, 'USED', '2024-07-05 0:00:00'),
--        (623, 130, 624, NULL, 'USED', 1707000, 'USED', '2020-05-07 0:00:00'),
--        (625, 167, 193, NULL, 'USED', 510000, 'USED', '2020-12-10 0:00:00'),
--        (626, 34, 408, NULL, 'USED', 196000, 'USED', '2018-04-15 0:00:00'),
--        (627, 42, 872, NULL, 'USED', 234000, 'USED', '2023-11-25 0:00:00'),
--        (635, 91, 400, NULL, 'USED', 336000, 'USED', '2024-01-21 0:00:00'),
--        (637, 150, 696, NULL, 'USED', 778000, 'USED', '2023-07-28 0:00:00'),
--        (639, 53, 821, NULL, 'USED', 98000, 'USED', '2024-05-17 0:00:00'),
--        (640, 132, 599, NULL, 'USED', 247000, 'USED', '2021-10-05 0:00:00'),
--        (641, 79, NULL, 45, 'CHARGED', 120000, 'BUY', '2020-04-19 0:00:00'),
--        (644, 133, 939, NULL, 'USED', 14000, 'USED', '2020-07-08 0:00:00'),
--        (647, 126, 106, NULL, 'USED', 407000, 'USED', '2021-03-09 0:00:00'),
--        (649, 68, 615, NULL, 'USED', 72000, 'USED', '2019-04-15 0:00:00'),
--        (650, 32, NULL, 144, 'CHARGED', 150000, 'BUY', '2025-07-04 0:00:00'),
--        (652, 58, NULL, 143, 'CHARGED', 120000, 'BUY', '2026-04-01 0:00:00'),
--        (653, 5, NULL, 16, 'CHARGED', 120000, 'BUY', '2020-04-20 0:00:00'),
--        (654, NULL, 978, NULL, 'USED', 195000, 'USED', '2023-06-06 0:00:00'),
--        (655, 23, NULL, 18, 'CHARGED', 300000, 'EVENT', '2023-11-08 0:00:00'),
--        (657, NULL, 716, NULL, 'USED', 241000, 'USED', '2022-11-05 0:00:00'),
--        (660, 84, 995, NULL, 'USED', 74000, 'USED', '2023-01-23 0:00:00'),
--        (661, 20, 161, NULL, 'USED', 1090000, 'USED', '2019-12-29 0:00:00'),
--        (662, 73, 566, NULL, 'USED', 343000, 'USED', '2024-03-30 0:00:00'),
--        (663, 158, 4, NULL, 'USED', 35000, 'USED', '2023-10-25 0:00:00'),
--        (664, 78, 84, NULL, 'USED', 465000, 'USED', '2018-10-03 0:00:00'),
--        (665, 61, 354, NULL, 'USED', 689000, 'USED', '2022-04-17 0:00:00'),
--        (668, 48, 926, NULL, 'USED', 343000, 'USED', '2020-11-05 0:00:00'),
--        (669, NULL, 54, NULL, 'USED', 110000, 'USED', '2023-12-24 0:00:00'),
--        (674, 185, 884, NULL, 'USED', 451000, 'USED', '2024-04-22 0:00:00'),
--        (677, NULL, 835, NULL, 'USED', 1368000, 'USED', '2022-04-06 0:00:00'),
--        (678, 120, 209, NULL, 'USED', 532000, 'USED', '2023-04-25 0:00:00'),
--        (679, 102, 301, NULL, 'USED', 450000, 'USED', '2024-08-08 0:00:00'),
--        (680, 146, 73, NULL, 'USED', 33000, 'USED', '2022-02-10 0:00:00'),
--        (681, 131, 550, NULL, 'USED', 494000, 'USED', '2022-02-14 0:00:00'),
--        (682, 187, NULL, 38, 'CHARGED', 190000, 'BUY', '2022-02-07 0:00:00'),
--        (684, 1, 975, NULL, 'USED', 466000, 'USED', '2021-05-14 0:00:00'),
--        (685, 188, 310, NULL, 'USED', 575000, 'USED', '2023-01-07 0:00:00'),
--        (687, 50, 847, NULL, 'USED', 377000, 'USED', '2023-06-08 0:00:00'),
--        (688, 7, 110, NULL, 'USED', 162000, 'USED', '2022-03-06 0:00:00'),
--        (690, 75, 125, NULL, 'USED', 644000, 'USED', '2022-12-29 0:00:00'),
--        (691, 18, NULL, 264, 'CHARGED', 120000, 'EVENT', '2023-01-13 0:00:00'),
--        (692, NULL, 545, NULL, 'USED', 201000, 'USED', '2022-07-26 0:00:00'),
--        (694, 155, 156, NULL, 'USED', 1037000, 'USED', '2023-04-29 0:00:00'),
--        (695, 49, 376, NULL, 'USED', 241000, 'USED', '2023-12-04 0:00:00'),
--        (696, 17, 14, NULL, 'USED', 314000, 'USED', '2023-02-22 0:00:00'),
--        (697, 82, NULL, 215, 'CHARGED', 200000, 'EVENT', '2022-02-04 0:00:00'),
--        (699, 39, 355, NULL, 'USED', 617000, 'USED', '2024-03-23 0:00:00'),
--        (702, 43, 612, NULL, 'USED', 1233000, 'USED', '2022-07-12 0:00:00'),
--        (703, 163, NULL, 286, 'CHARGED', 220000, 'EVENT', '2022-09-04 0:00:00'),
--        (704, 133, 570, NULL, 'USED', 54000, 'USED', '2023-09-04 0:00:00'),
--        (707, 93, 64, NULL, 'USED', 5000, 'USED', '2021-12-24 0:00:00'),
--        (709, 92, 852, NULL, 'USED', 1083000, 'USED', '2022-08-25 0:00:00'),
--        (711, 61, 818, NULL, 'USED', 454000, 'USED', '2018-10-20 0:00:00'),
--        (712, 87, NULL, 74, 'CHARGED', 30000, 'EVENT', '2021-01-16 0:00:00'),
--        (713, 64, 422, NULL, 'USED', 355000, 'USED', '2019-04-12 0:00:00'),
--        (715, NULL, 201, NULL, 'USED', 734000, 'USED', '2024-05-25 0:00:00'),
--        (717, 74, 300, NULL, 'USED', 12000, 'USED', '2023-07-11 0:00:00'),
--        (718, 32, 202, NULL, 'USED', 106000, 'USED', '2021-09-23 0:00:00'),
--        (720, 93, 660, NULL, 'USED', 674000, 'USED', '2019-07-18 0:00:00'),
--        (721, 151, 333, NULL, 'USED', 93000, 'USED', '2021-12-27 0:00:00'),
--        (722, 12, 972, NULL, 'USED', 667000, 'USED', '2018-09-05 0:00:00'),
--        (723, 161, NULL, 211, 'CHARGED', 210000, 'BUY', '2025-05-03 0:00:00'),
--        (724, 91, 510, NULL, 'USED', 660000, 'USED', '2018-08-06 0:00:00'),
--        (725, 139, 771, NULL, 'USED', 1307000, 'USED', '2020-10-15 0:00:00'),
--        (726, 155, 249, NULL, 'USED', 246000, 'USED', '2021-01-03 0:00:00'),
--        (728, 2, NULL, 99, 'CHARGED', 160000, 'EVENT', '2025-01-15 0:00:00'),
--        (730, 175, 845, NULL, 'USED', 154000, 'USED', '2022-10-26 0:00:00'),
--        (731, 198, NULL, 14, 'CHARGED', 80000, 'BUY', '2023-10-08 0:00:00'),
--        (733, 137, 100, NULL, 'USED', 1013000, 'USED', '2019-05-21 0:00:00'),
--        (735, 36, 464, NULL, 'USED', 748000, 'USED', '2025-04-06 0:00:00'),
--        (736, 190, 331, NULL, 'USED', 1096000, 'USED', '2019-01-05 0:00:00'),
--        (737, 41, 759, NULL, 'USED', 463000, 'USED', '2023-06-21 0:00:00'),
--        (740, 38, 629, NULL, 'USED', 191000, 'USED', '2021-12-21 0:00:00'),
--        (743, 16, NULL, 268, 'CHARGED', 130000, 'BUY', '2021-09-04 0:00:00'),
--        (745, 131, NULL, 258, 'CHARGED', 140000, 'EVENT', '2020-04-24 0:00:00'),
--        (746, 130, NULL, 9, 'CHARGED', 100000, 'BUY', '2022-11-10 0:00:00'),
--        (748, 136, NULL, 185, 'CHARGED', 90000, 'BUY', '2021-10-13 0:00:00'),
--        (751, NULL, NULL, 162, 'CHARGED', 60000, 'EVENT', '2024-11-13 0:00:00'),
--        (752, 35, 720, NULL, 'USED', 1230000, 'USED', '2019-02-05 0:00:00'),
--        (754, NULL, NULL, 51, 'CHARGED', 160000, 'EVENT', '2019-09-18 0:00:00'),
--        (755, NULL, 792, NULL, 'USED', 406000, 'USED', '2020-10-21 0:00:00'),
--        (756, 78, 102, NULL, 'USED', 118000, 'USED', '2022-11-28 0:00:00'),
--        (758, 55, 291, NULL, 'USED', 203000, 'USED', '2023-12-26 0:00:00'),
--        (760, 72, 493, NULL, 'USED', 401000, 'USED', '2022-11-12 0:00:00'),
--        (761, 105, NULL, 245, 'CHARGED', 90000, 'BUY', '2023-10-16 0:00:00'),
--        (763, 182, NULL, 77, 'CHARGED', 240000, 'EVENT', '2018-11-25 0:00:00'),
--        (765, 54, 938, NULL, 'USED', 565000, 'USED', '2021-02-07 0:00:00'),
--        (766, NULL, 292, NULL, 'USED', 65000, 'USED', '2024-09-03 0:00:00'),
--        (767, 63, 532, NULL, 'USED', 244000, 'USED', '2018-12-05 0:00:00'),
--        (768, 197, NULL, 247, 'CHARGED', 190000, 'EVENT', '2021-11-21 0:00:00'),
--        (769, 7, 793, NULL, 'USED', 361000, 'USED', '2023-09-04 0:00:00'),
--        (775, 82, NULL, 132, 'CHARGED', 50000, 'BUY', '2024-09-21 0:00:00'),
--        (778, 140, 268, NULL, 'USED', 1176000, 'USED', '2020-11-18 0:00:00'),
--        (782, 43, 525, NULL, 'USED', 239000, 'USED', '2019-08-21 0:00:00'),
--        (784, 62, NULL, 257, 'CHARGED', 140000, 'BUY', '2022-02-04 0:00:00'),
--        (785, 7, 961, NULL, 'USED', 804000, 'USED', '2021-10-25 0:00:00'),
--        (788, 40, 146, NULL, 'USED', 515000, 'USED', '2024-03-01 0:00:00'),
--        (789, 173, 412, NULL, 'USED', 612000, 'USED', '2020-12-03 0:00:00'),
--        (791, NULL, 789, NULL, 'USED', 1575000, 'USED', '2021-03-11 0:00:00'),
--        (793, NULL, 531, NULL, 'USED', 353000, 'USED', '2022-01-10 0:00:00'),
--        (796, 172, NULL, 281, 'CHARGED', 280000, 'BUY', '2023-08-06 0:00:00'),
--        (797, 3, 416, NULL, 'USED', 30000, 'USED', '2024-03-15 0:00:00'),
--        (798, 63, NULL, 57, 'CHARGED', 240000, 'BUY', '2021-03-30 0:00:00'),
--        (802, 36, 432, NULL, 'USED', 1925000, 'USED', '2021-05-19 0:00:00'),
--        (803, 171, 895, NULL, 'USED', 19000, 'USED', '2023-06-12 0:00:00'),
--        (806, 58, 807, NULL, 'USED', 722000, 'USED', '2023-10-26 0:00:00'),
--        (808, 67, 614, NULL, 'USED', 1374000, 'USED', '2022-03-13 0:00:00'),
--        (814, 85, 808, NULL, 'USED', 459000, 'USED', '2021-07-02 0:00:00'),
--        (815, 164, 867, NULL, 'USED', 224000, 'USED', '2023-07-25 0:00:00'),
--        (818, 23, 281, NULL, 'USED', 281000, 'USED', '2021-02-25 0:00:00'),
--        (819, 170, 517, NULL, 'USED', 678000, 'USED', '2022-09-18 0:00:00'),
--        (822, 53, 330, NULL, 'USED', 164000, 'USED', '2020-01-03 0:00:00'),
--        (825, 13, 693, NULL, 'USED', 289000, 'USED', '2019-05-07 0:00:00'),
--        (827, 20, 107, NULL, 'USED', 342000, 'USED', '2023-02-14 0:00:00'),
--        (828, NULL, 5, NULL, 'USED', 769000, 'USED', '2020-08-30 0:00:00'),
--        (829, 180, 970, NULL, 'USED', 104000, 'USED', '2023-01-20 0:00:00'),
--        (831, 188, 466, NULL, 'USED', 265000, 'USED', '2023-02-26 0:00:00'),
--        (833, 100, 77, NULL, 'USED', 812000, 'USED', '2023-12-10 0:00:00'),
--        (834, 75, NULL, 165, 'CHARGED', 140000, 'EVENT', '2021-05-27 0:00:00'),
--        (835, 68, 276, NULL, 'USED', 816000, 'USED', '2024-10-02 0:00:00'),
--        (838, 102, 233, NULL, 'USED', 1135000, 'USED', '2020-01-12 0:00:00'),
--        (843, 166, 933, NULL, 'USED', 567000, 'USED', '2023-04-15 0:00:00'),
--        (844, 183, 71, NULL, 'USED', 61000, 'USED', '2021-07-29 0:00:00'),
--        (851, NULL, 368, NULL, 'USED', 1379000, 'USED', '2020-04-10 0:00:00'),
--        (853, 11, NULL, 173, 'CHARGED', 70000, 'EVENT', '2024-12-06 0:00:00'),
--        (855, 106, NULL, 182, 'CHARGED', 250000, 'BUY', '2025-02-03 0:00:00'),
--        (859, 31, 803, NULL, 'USED', 734000, 'USED', '2023-04-01 0:00:00'),
--        (868, 195, NULL, 188, 'CHARGED', 120000, 'BUY', '2024-09-24 0:00:00'),
--        (870, NULL, 183, NULL, 'USED', 267000, 'USED', '2020-01-08 0:00:00'),
--        (872, 115, 611, NULL, 'USED', 1509000, 'USED', '2021-10-05 0:00:00'),
--        (873, 171, 3, NULL, 'USED', 321000, 'USED', '2023-10-10 0:00:00'),
--        (874, 57, NULL, 112, 'CHARGED', 190000, 'EVENT', '2026-04-06 0:00:00'),
--        (875, 61, 718, NULL, 'USED', 59000, 'USED', '2021-03-20 0:00:00'),
--        (878, 19, 313, NULL, 'USED', 566000, 'USED', '2021-02-12 0:00:00'),
--        (879, 74, 594, NULL, 'USED', 81000, 'USED', '2019-03-16 0:00:00'),
--        (885, 197, 649, NULL, 'USED', 12000, 'USED', '2022-11-04 0:00:00'),
--        (887, 136, 39, NULL, 'USED', 750000, 'USED', '2021-11-14 0:00:00'),
--        (888, 83, NULL, 241, 'CHARGED', 60000, 'BUY', '2019-10-16 0:00:00'),
--        (891, NULL, 44, NULL, 'USED', 794000, 'USED', '2021-07-23 0:00:00'),
--        (896, 92, NULL, 161, 'CHARGED', 260000, 'EVENT', '2022-08-27 0:00:00'),
--        (897, 181, NULL, 278, 'CHARGED', 220000, 'BUY', '2023-02-24 0:00:00'),
--        (898, 146, 414, NULL, 'USED', 1808000, 'USED', '2020-05-19 0:00:00'),
--        (899, 192, 476, NULL, 'USED', 325000, 'USED', '2019-08-03 0:00:00'),
--        (900, 91, 902, NULL, 'USED', 306000, 'USED', '2020-03-27 0:00:00'),
--        (902, 129, 816, NULL, 'USED', 538000, 'USED', '2021-06-29 0:00:00'),
--        (903, 87, NULL, 295, 'CHARGED', 40000, 'BUY', '2021-09-25 0:00:00'),
--        (904, NULL, 969, NULL, 'USED', 603000, 'USED', '2020-02-09 0:00:00'),
--        (906, 53, 167, NULL, 'USED', 1239000, 'USED', '2025-02-01 0:00:00'),
--        (908, 122, 743, NULL, 'USED', 128000, 'USED', '2023-01-19 0:00:00'),
--        (911, 54, NULL, 158, 'CHARGED', 280000, 'BUY', '2024-05-22 0:00:00'),
--        (912, 164, 285, NULL, 'USED', 396000, 'USED', '2022-05-12 0:00:00'),
--        (915, 25, 879, NULL, 'USED', 896000, 'USED', '2019-12-12 0:00:00'),
--        (917, 19, 80, NULL, 'USED', 959000, 'USED', '2019-08-28 0:00:00'),
--        (921, 132, NULL, 87, 'CHARGED', 260000, 'EVENT', '2024-11-08 0:00:00'),
--        (922, NULL, 371, NULL, 'USED', 658000, 'USED', '2021-03-05 0:00:00'),
--        (923, 178, 560, NULL, 'USED', 1595000, 'USED', '2024-09-19 0:00:00'),
--        (924, 128, 841, NULL, 'USED', 572000, 'USED', '2019-04-04 0:00:00'),
--        (925, 5, 697, NULL, 'USED', 561000, 'USED', '2020-08-28 0:00:00'),
--        (929, 46, 569, NULL, 'USED', 35000, 'USED', '2022-05-21 0:00:00'),
--        (932, 108, 2, NULL, 'USED', 328000, 'USED', '2020-08-22 0:00:00'),
--        (936, 151, NULL, 21, 'CHARGED', 160000, 'BUY', '2021-06-07 0:00:00'),
--        (938, 97, 37, NULL, 'USED', 203000, 'USED', '2021-01-31 0:00:00'),
--        (939, 30, 606, NULL, 'USED', 1082000, 'USED', '2020-06-10 0:00:00'),
--        (940, 149, 839, NULL, 'USED', 179000, 'USED', '2024-05-28 0:00:00'),
--        (941, 142, 575, NULL, 'USED', 330000, 'USED', '2023-09-08 0:00:00'),
--        (945, 125, 306, NULL, 'USED', 320000, 'USED', '2022-08-13 0:00:00'),
--        (948, 162, 214, NULL, 'USED', 860000, 'USED', '2020-09-21 0:00:00'),
--        (949, 132, 257, NULL, 'USED', 462000, 'USED', '2023-05-27 0:00:00'),
--        (953, 96, 753, NULL, 'USED', 68000, 'USED', '2025-02-09 0:00:00'),
--        (955, NULL, NULL, 222, 'CHARGED', 220000, 'BUY', '2025-04-01 0:00:00'),
--        (956, 103, 679, NULL, 'USED', 899000, 'USED', '2022-01-27 0:00:00'),
--        (958, 154, 358, NULL, 'USED', 411000, 'USED', '2022-12-20 0:00:00'),
--        (960, 80, 101, NULL, 'USED', 128000, 'USED', '2019-09-04 0:00:00'),
--        (961, 170, 996, NULL, 'USED', 739000, 'USED', '2020-12-11 0:00:00'),
--        (962, 7, 625, NULL, 'USED', 192000, 'USED', '2018-10-25 0:00:00'),
--        (964, 11, 479, NULL, 'USED', 819000, 'USED', '2021-08-11 0:00:00'),
--        (967, 43, NULL, 256, 'CHARGED', 190000, 'EVENT', '2024-01-22 0:00:00'),
--        (968, NULL, 372, NULL, 'USED', 609000, 'USED', '2018-09-29 0:00:00'),
--        (970, 120, 42, NULL, 'USED', 209000, 'USED', '2025-01-21 0:00:00'),
--        (971, 64, 929, NULL, 'USED', 12000, 'USED', '2023-09-10 0:00:00'),
--        (972, 56, NULL, 196, 'CHARGED', 110000, 'EVENT', '2024-11-30 0:00:00'),
--        (973, NULL, 396, NULL, 'USED', 320000, 'USED', '2023-05-01 0:00:00'),
--        (974, 113, 305, NULL, 'USED', 150000, 'USED', '2019-09-20 0:00:00'),
--        (975, 67, 494, NULL, 'USED', 179000, 'USED', '2023-03-23 0:00:00'),
--        (980, 32, NULL, 54, 'CHARGED', 170000, 'EVENT', '2021-09-24 0:00:00'),
--        (990, 1, NULL, 296, 'CHARGED', 70000, 'EVENT', '2019-10-27 0:00:00'),
--        (993, 127, 936, NULL, 'USED', 775000, 'USED', '2021-03-04 0:00:00'),
--        (997, 142, NULL, 168, 'CHARGED', 150000, 'EVENT', '2024-03-16 0:00:00'),
--        (998, NULL, NULL, 266, 'CHARGED', 240000, 'EVENT', '2022-06-25 0:00:00'),
--        (999, 55, 246, NULL, 'USED', 794000, 'USED', '2023-12-07 0:00:00'),
--        (1000, 171, 822, NULL, 'USED', 1520000, 'USED', '2023-05-08 0:00:00');


-- -- HOTEL_REVIEW 데이터 삽입
ALTER TABLE hotel_review
    ALTER COLUMN COMMENT TYPE VARCHAR(1024);

INSERT INTO hotel_review (CLEANLINESS_RATING, CONVENIENCE_RATING, KINDNESS_RATING, LOCATION_RATING, CREATED_TIME,
                          CUSTOMER_ID, ROOM_RESERVATION_ID, COMMENT)
VALUES
-- 속초 호텔 긍정 리뷰
(5, 5, 5, 5, '2022-01-15 09:15:00', 1, 1, '속초 호텔은 정말 환상적이었어요! 모든 것이 완벽했습니다. 특히 뷰가 아름다웠어요.'),
(5, 5, 5, 5, '2022-02-20 10:30:00', 2, 2, '모든 것이 완벽했습니다. 다시 방문하고 싶어요.'),
(5, 5, 5, 5, '2022-03-18 11:45:00', 3, 3, '정말 최고의 경험이었습니다. 모든 것이 완벽했어요.'),
(5, 5, 5, 5, '2022-04-25 12:00:00', 4, 4, '최고의 서비스와 위치였습니다. 다시 방문하고 싶어요.'),
(5, 5, 5, 5, '2022-05-30 13:15:00', 5, 5, '모든 것이 완벽했습니다. 특히 청결 상태가 좋았어요.'),
(5, 5, 5, 5, '2022-06-20 14:30:00', 6, 6, '모든 것이 완벽했습니다. 정말 최고의 경험이었어요.'),
(5, 5, 5, 5, '2022-07-25 15:45:00', 7, 7, '속초 호텔은 정말 좋았습니다. 특히 위치가 좋았어요.'),

-- 속초 호텔 부정 리뷰
(2, 2, 3, 2, '2022-08-15 09:15:00', 8, 8, '방 청소 상태가 조금 불만족스러웠습니다. 그러나 직원들은 친절했어요.'),
(3, 2, 4, 2, '2022-09-20 10:30:00', 9, 9, '위치는 좋지만 방음이 잘 안 되어 조금 시끄러웠어요.'),
(1, 3, 3, 2, '2022-10-18 11:45:00', 10, 10, '청결 상태가 별로였어요. 위치는 좋았습니다.'),
(2, 2, 3, 2, '2022-11-25 12:00:00', 11, 11, '방이 조금 좁았습니다. 그러나 서비스는 좋았어요.'),
(3, 3, 4, 2, '2022-12-30 13:15:00', 12, 12, '조금 비싼 감이 있지만 전체적으로 만족스러웠습니다.'),
(1, 3, 2, 2, '2023-01-20 14:30:00', 13, 13, '청결 상태가 불만족스러웠어요. 그러나 직원들은 친절했어요.'),
(2, 2, 3, 2, '2023-02-25 15:45:00', 14, 14, '방이 조금 좁았습니다. 그러나 직원들은 친절했어요.'),

-- 서울 호텔 긍정 리뷰
(5, 5, 5, 5, '2023-03-15 09:15:00', 15, 15, '서울 호텔은 정말 환상적이었어요! 모든 것이 완벽했습니다. 특히 뷰가 아름다웠어요.'),
(5, 5, 5, 5, '2023-04-20 10:30:00', 16, 16, '모든 것이 완벽했습니다. 다시 방문하고 싶어요.'),
(5, 5, 5, 5, '2023-05-18 11:45:00', 17, 17, '정말 최고의 경험이었습니다. 모든 것이 완벽했어요.'),
(5, 5, 5, 5, '2023-06-25 12:00:00', 18, 18, '최고의 서비스와 위치였습니다. 다시 방문하고 싶어요.'),
(5, 5, 5, 5, '2023-07-30 13:15:00', 19, 19, '모든 것이 완벽했습니다. 특히 청결 상태가 좋았어요.'),
(5, 5, 5, 5, '2023-08-20 14:30:00', 20, 20, '모든 것이 완벽했습니다. 정말 최고의 경험이었어요.'),
(5, 5, 5, 5, '2023-09-25 15:45:00', 21, 21, '서울 호텔은 정말 좋았습니다. 특히 위치가 좋았어요.'),

-- 서울 호텔 부정 리뷰
(2, 2, 3, 2, '2023-10-15 09:15:00', 22, 22, '방 청소 상태가 조금 불만족스러웠습니다. 그러나 직원들은 친절했어요.'),
(3, 2, 4, 2, '2023-11-20 10:30:00', 23, 23, '위치는 좋지만 방음이 잘 안 되어 조금 시끄러웠어요.'),
(1, 3, 3, 2, '2023-12-18 11:45:00', 24, 24, '청결 상태가 별로였어요. 위치는 좋았습니다.'),
(2, 2, 3, 2, '2024-01-25 12:00:00', 25, 25, '방이 조금 좁았습니다. 그러나 서비스는 좋았어요.'),
(3, 3, 4, 2, '2024-02-28 13:15:00', 26, 26, '조금 비싼 감이 있지만 전체적으로 만족스러웠습니다.'),
(1, 3, 2, 2, '2024-03-20 14:30:00', 27, 27, '청결 상태가 불만족스러웠어요. 그러나 직원들은 친절했어요.'),
(2, 2, 3, 2, '2024-04-25 15:45:00', 28, 28, '방이 조금 좁았습니다. 그러나 직원들은 친절했어요.'),

-- 부산 호텔 긍정 리뷰
(5, 3.8, 5, 5, '2024-05-15 09:15:00', 29, 29, '부산 호텔은 정말 환상적이었어요! 모든 것이 완벽했습니다. 특히 뷰가 아름다웠어요.'),
(5, 3.8, 5, 5, '2024-06-20 10:30:00', 30, 30, '모든 것이 완벽했습니다. 다시 방문하고 싶어요.'),
(5, 3.8, 5, 5, '2024-07-18 11:45:00', 31, 31, '정말 최고의 경험이었습니다. 모든 것이 완벽했어요.'),
(5, 3.8, 5, 5, '2024-08-25 12:00:00', 32, 32, '최고의 서비스와 위치였습니다. 다시 방문하고 싶어요.'),
(5, 3.8, 5, 5, '2024-09-30 13:15:00', 33, 33, '모든 것이 완벽했습니다. 특히 청결 상태가 좋았어요.'),
(5, 3.8, 5, 5, '2024-10-20 14:30:00', 34, 34, '모든 것이 완벽했습니다. 정말 최고의 경험이었어요.'),
(5, 3.8, 5, 5, '2024-11-25 15:45:00', 35, 35, '부산 호텔은 정말 좋았습니다. 특히 위치가 좋았어요.'),

-- 부산 호텔 부정 리뷰
(2, 2, 3, 2.9, '2024-12-15 09:15:00', 36, 36, '방 청소 상태가 조금 불만족스러웠습니다. 그러나 직원들은 친절했어요.'),
(3, 2, 4, 2.9, '2024-12-20 10:30:00', 37, 37, '위치는 좋지만 방음이 잘 안 되어 조금 시끄러웠어요.'),
(1, 3, 3, 2.9, '2024-12-18 11:45:00', 38, 38, '청결 상태가 별로였어요. 위치는 좋았습니다.'),
(2, 2, 3, 2.9, '2024-12-25 12:00:00', 39, 39, '방이 조금 좁았습니다. 그러나 서비스는 좋았어요.'),
(3, 3, 4, 2.9, '2024-12-30 13:15:00', 40, 40, '조금 비싼 감이 있지만 전체적으로 만족스러웠습니다.'),
(1, 3, 2, 2.9, '2024-12-20 14:30:00', 41, 41, '청결 상태가 불만족스러웠어요. 그러나 직원들은 친절했어요.'),
(2, 2, 3, 2.9, '2024-12-25 15:45:00', 42, 42, '방이 조금 좁았습니다. 그러나 직원들은 친절했어요.');


-- INQUIRY 데이터 삽입
INSERT INTO inquiry (customer_id, date, inquiry_title, inquiry_content, type, is_reply)
VALUES (1, '2024-06-15 14:30:00', '레스토랑 예약 문의', '호텔 레스토랑 예약을 하고 싶습니다. 가능한 시간을 알려주세요.', '전화 문의', FALSE),
       (2, '2024-06-14 10:00:00', '조식 뷔페 예약', '조식 뷔페 예약을 원합니다. 예약 가능한 시간대를 알려주세요.', '온라인 문의', FALSE),
       (3, '2024-06-13 09:45:00', '룸 예약 변경', '룸 예약을 변경하고 싶습니다. 변경 가능한지 확인해주세요.', '전화 문의', FALSE),
       (4, '2024-06-12 18:30:00', '저녁 식사 예약', '저녁 식사 예약을 하고 싶습니다. 가능한 시간을 알려주세요.', '방문 문의', FALSE),
       (5, '2024-06-11 15:00:00', '룸서비스 주문', '룸서비스 주문 가능한 메뉴와 주문 방법을 알고 싶습니다.', '온라인 문의', FALSE),
       (6, '2024-06-10 20:00:00', '룸 청소 시간', '객실 청소 시간이 언제인지 문의드립니다.', '전화 문의', FALSE),
       (1, '2024-06-09 11:30:00', '체크인 시간 변경', '체크인 시간을 변경할 수 있는지 문의드립니다.', '온라인 문의', FALSE),
       (2, '2024-06-08 16:45:00', '룸 업그레이드 문의', '룸 업그레이드 가능 여부와 비용을 알고 싶습니다.', '방문 문의', FALSE),
       (3, '2024-06-07 13:00:00', '스파 예약', '호텔 스파 예약 가능한 시간과 가격을 알려주세요.', '전화 문의', FALSE),
       (8, '2024-07-01 19:32:00', '식당에서 식기가 불편', '식당에서 식사하는데 애기용 식기가 부족해서 불편했습니다.', '전화 문의', FALSE),
       (4, '2024-06-06 08:15:00', '회의실 예약 문의', '회의실 예약 가능 시간을 알려주세요.', '온라인 문의', FALSE),
       (5, '2024-06-05 12:00:00', '룸서비스 메뉴', '룸서비스 메뉴와 주문 방법을 문의드립니다.', '방문 문의', FALSE),
       (6, '2024-06-04 17:30:00', '주차 서비스 문의', '호텔 주차 서비스 이용 방법을 알고 싶습니다.', '전화 문의', FALSE),
       (1, '2024-06-03 19:00:00', '룸 청소 요청', '객실 청소를 요청합니다. 청소 가능한 시간을 알려주세요.', '온라인 문의', FALSE),
       (2, '2024-06-02 09:30:00', '다과 서비스 문의', '객실 내 다과 서비스 제공 여부와 시간대를 문의드립니다.', '방문 문의', FALSE),
       (3, '2024-06-01 14:00:00', '식사 예약 변경', '식사 예약 시간을 변경하고 싶습니다. 가능 여부를 알려주세요.', '전화 문의', FALSE),
       (4, '2024-05-31 19:30:00', '룸서비스 제공 시간', '룸서비스 제공 가능한 시간을 알고 싶습니다.', '온라인 문의', FALSE),
       (5, '2024-05-30 16:15:00', '뷔페 레스토랑 예약', '뷔페 레스토랑 예약 가능한 시간을 알려주세요.', '방문 문의', FALSE),
       (6, '2024-05-29 11:45:00', '미니바 서비스', '미니바 이용 가능 시간과 제공되는 품목을 문의드립니다.', '전화 문의', FALSE),
       (1, '2024-05-28 15:30:00', '룸서비스 메뉴 변경', '룸서비스 메뉴에 변경 가능한 메뉴가 있는지 문의드립니다.', '온라인 문의', FALSE),
       (9, '2024-07-02 15:30:00', '미니바 서비스 불편', '미니바 서비스의 품목이 너무 적습니다. 좀 더 추가시켜야할 거 같네요.', '방문 문의', FALSE),
       (2, '2024-05-27 12:15:00', '룸 서비스 이용 불편', '객실 내 TV가 작동하지 않습니다. 수리 요청드립니다.', '방문 문의', FALSE),
       (3, '2024-05-26 13:45:00', '룸서비스 주문 시간', '룸서비스 주문 가능한 시간과 메뉴를 문의드립니다.', '전화 문의', FALSE),
       (4, '2024-05-25 09:00:00', '체크아웃 시간 연장', '체크아웃 시간을 연장하고 싶습니다. 가능한지 확인해주세요.', '온라인 문의', FALSE),
       (5, '2024-05-24 19:00:00', '룸업그레이드 가능성', '룸업그레이드 가능한 방과 비용을 문의드립니다.', '방문 문의', FALSE),
       (6, '2024-05-23 17:30:00', '룸서비스 메뉴', '룸서비스 메뉴와 주문 가능한 시간을 알려주세요.', '전화 문의', FALSE),
       (1, '2024-05-22 08:30:00', '수영장 예약 문의', '수영장 예약 가능한 시간을 문의드립니다.', '온라인 문의', FALSE),
       (2, '2024-05-21 16:30:00', '회의실 장비 대여', '회의실 장비 대여 가능 여부와 비용을 문의드립니다.', '방문 문의', FALSE),
       (3, '2024-05-20 10:15:00', '조식 뷔페 예약', '조식 뷔페 예약을 하고 싶습니다. 가능한 시간을 알려주세요.', '전화 문의', FALSE),
       (9, '2024-05-22 23:10:00', '룸 내 시설 불편', '금일 숙박했던 방의 문고리가 고장나있었습니다. 너무 불편했네요', '온라인 문의', FALSE),
       (4, '2024-05-19 14:30:00', '스파 예약 시간', '호텔 스파 예약 가능한 시간을 알고 싶습니다.', '온라인 문의', FALSE),
       (5, '2024-05-18 13:00:00', '룸서비스 이용 시간', '룸서비스 이용 가능한 시간을 문의드립니다.', '방문 문의', FALSE),
       (6, '2024-05-17 09:00:00', '미니바 품목 문의', '객실 미니바에 어떤 품목이 있는지 문의드립니다.', '전화 문의', FALSE),
       (1, '2024-05-16 12:30:00', '룸 업그레이드 가격', '룸 업그레이드 비용과 절차를 문의드립니다.', '온라인 문의', FALSE),
       (2, '2024-05-15 17:00:00', '저녁 식사 예약', '저녁 식사 예약 가능 시간과 메뉴를 알려주세요.', '방문 문의', FALSE),
       (3, '2024-05-14 11:15:00', '조식 서비스 문의', '조식 서비스 이용 시간과 메뉴를 문의드립니다.', '전화 문의', FALSE),
       (4, '2024-05-13 14:45:00', '룸 청소 요청', '객실 청소를 요청합니다. 청소 가능한 시간을 알려주세요.', '온라인 문의', FALSE),
       (5, '2024-05-12 16:00:00', '룸서비스 이용 불편', '룸서비스 주문 후 30분이 지나도 도착하지 않습니다.', '방문 문의', FALSE);


INSERT INTO dish (id, name, price)
VALUES (1, 'STEAK', 129000),
       (2, 'LOBSTER', 52000),
       (3, 'CAESAR SALAD', 143000),
       (4, 'SHRIMP COCKTAIL', 13000),
       (5, 'CLAM CHOWDER', 91000),
       (6, 'BEEF WELLINGTON', 89000),
       (7, 'GRILLED SALMON', 77000),
       (8, 'TUNA TARTARE', 92000),
       (9, 'CHICKEN ALFREDO', 147000),
       (10, 'RATATOUILLE', 21000),
       (11, 'FILET MIGNON', 85000),
       (12, 'CRAB CAKES', 18000),
       (13, 'CAPRESE SALAD', 69000),
       (14, 'FRENCH ONION SOUP', 113000),
       (15, 'DUCK CONFIT', 12000),
       (16, 'SEARED SCALLOPS', 81000),
       (17, 'MUSHROOM RISOTTO', 103000),
       (18, 'LAMB CHOPS', 113000),
       (19, 'VEAL PARMESAN', 108000),
       (20, 'BOUILLABAISSE', 124000),
       (21, 'SUSHI PLATTER', 16000),
       (22, 'PEKING DUCK', 81000),
       (23, 'PAELLA', 60000),
       (24, 'OSSO BUCO', 71000),
       (25, 'FOIE GRAS', 59000),
       (26, 'SPAGHETTI BOLOGNESE', 63000),
       (27, 'EGGPLANT PARMESAN', 31000),
       (28, 'BEEF STROGANOFF', 146000),
       (29, 'STUFFED PEPPERS', 58000),
       (30, 'ROASTED CHICKEN', 21000),
       (31, 'GARLIC BREAD', 55000),
       (32, 'TIRAMISU', 133000),
       (33, 'CREME BRULEE', 131000),
       (34, 'CHOCOLATE LAVA CAKE', 62000),
       (35, 'CHEESECAKE', 136000),
       (36, 'PANNA COTTA', 61000),
       (37, 'MACARONS', 17000),
       (38, 'ESPRESSO', 90000),
       (39, 'CAPPUCCINO', 109000),
       (40, 'CHARDONNAY', 23000),
       (41, 'MERLOT', 130000),
       (42, 'CHAMPAGNE', 122000),
       (43, 'MARTINI', 93000),
       (44, 'MOJITO', 10000),
       (45, 'MARGARITA', 131000),
       (46, 'OLD FASHIONED', 68000),
       (47, 'MANHATTAN', 142000),
       (48, 'COSMOPOLITAN', 111000),
       (49, 'NEGRONI', 81000),
       (50, 'MIMOSA', 16000);

INSERT INTO dish_reservation (id, payment_id, customer_id, visitor_count, reservation_date, visit_date, restaurant)
VALUES (1, 445, 170, 5, '2021-02-08 0:00:00', '2021-02-09 0:00:00', '담소정'),
       (2, 350, 95, 5, '2021-07-04 0:00:00', '2021-07-14 0:00:00', '담소정'),
       (3, 463, 63, 8, '2019-06-28 0:00:00', '2019-07-03 0:00:00', '담소정'),
       (4, 487, 59, 7, '2021-09-12 0:00:00', '2021-09-13 0:00:00', '담소정'),
       (5, 516, 119, 5, '2021-10-17 0:00:00', '2021-10-21 0:00:00', '담소정'),
       (6, 889, 194, 4, '2021-01-24 0:00:00', '2021-01-28 0:00:00', '담소정'),
       (7, 408, 15, 10, '2018-04-15 0:00:00', '2018-04-19 0:00:00', '담소정'),
       (8, 72, 96, 9, '2022-05-04 0:00:00', '2022-05-07 0:00:00', '담소정'),
       (9, 157, 94, 10, '2023-05-29 0:00:00', '2023-05-31 0:00:00', '담소정'),
       (10, 103, 21, 8, '2021-10-15 0:00:00', '2021-10-21 0:00:00', '담소정'),
       (11, 323, 200, 7, '2019-11-05 0:00:00', '2019-11-13 0:00:00', '담소정'),
       (12, 49, 14, 2, '2019-05-01 0:00:00', '2019-05-03 0:00:00', '담소정'),
       (13, 340, 59, 7, '2023-06-16 0:00:00', '2023-06-20 0:00:00', '담소정'),
       (14, 949, 197, 2, '2023-10-28 0:00:00', '2023-11-04 0:00:00', '담소정'),
       (15, 394, 28, 1, '2023-04-19 0:00:00', '2023-04-29 0:00:00', '담소정'),
       (16, 83, 35, 6, '2024-03-10 0:00:00', '2024-03-18 0:00:00', '담소정'),
       (17, 787, 125, 10, '2018-08-20 0:00:00', '2018-08-22 0:00:00', '담소정'),
       (18, 556, 33, 8, '2019-04-02 0:00:00', '2019-04-11 0:00:00', '담소정'),
       (19, 999, 47, 4, '2018-08-05 0:00:00', '2018-08-09 0:00:00', '담소정'),
       (20, 512, 154, 1, '2018-06-30 0:00:00', '2018-07-05 0:00:00', '담소정'),
       (21, 768, 78, 7, '2023-01-29 0:00:00', '2023-02-07 0:00:00', '담소정'),
       (22, 549, 32, 4, '2023-01-29 0:00:00', '2023-01-31 0:00:00', '담소정'),
       (23, 197, 140, 2, '2019-08-07 0:00:00', '2019-08-09 0:00:00', '담소정'),
       (24, 496, 163, 9, '2022-01-22 0:00:00', '2022-01-28 0:00:00', '담소정'),
       (25, 466, 57, 2, '2023-02-26 0:00:00', '2023-03-04 0:00:00', '담소정'),
       (26, 538, 69, 7, '2023-02-03 0:00:00', '2023-02-07 0:00:00', '담소정'),
       (27, 89, 155, 7, '2019-04-05 0:00:00', '2019-04-08 0:00:00', '담소정'),
       (28, 298, 188, 8, '2021-09-17 0:00:00', '2021-09-25 0:00:00', '담소정'),
       (29, 930, 108, 3, '2020-02-25 0:00:00', '2020-02-26 0:00:00', '담소정'),
       (30, 208, 185, 10, '2019-04-24 0:00:00', '2019-05-03 0:00:00', '담소정'),
       (31, 218, 193, 8, '2019-07-03 0:00:00', '2019-07-05 0:00:00', '담소정'),
       (32, 54, 134, 1, '2023-12-24 0:00:00', '2023-12-27 0:00:00', '담소정'),
       (33, 122, 60, 3, '2020-09-17 0:00:00', '2020-09-21 0:00:00', '담소정'),
       (34, 360, 124, 3, '2024-04-15 0:00:00', '2024-04-25 0:00:00', '담소정'),
       (35, 504, 139, 4, '2021-04-11 0:00:00', '2021-04-21 0:00:00', '담소정'),
       (36, 44, 114, 2, '2021-07-23 0:00:00', '2021-07-29 0:00:00', '담소정'),
       (37, 651, 187, 6, '2022-11-17 0:00:00', '2022-11-18 0:00:00', '담소정'),
       (38, 816, 170, 8, '2021-06-29 0:00:00', '2021-07-04 0:00:00', '담소정'),
       (39, 38, 162, 7, '2020-12-29 0:00:00', '2021-01-03 0:00:00', '담소정'),
       (40, 202, 119, 3, '2021-09-23 0:00:00', '2021-10-03 0:00:00', '담소정'),
       (41, 932, 114, 10, '2021-09-27 0:00:00', '2021-10-03 0:00:00', '담소정'),
       (42, 20, 138, 7, '2020-01-17 0:00:00', '2020-01-24 0:00:00', '담소정'),
       (43, 652, 175, 7, '2021-06-24 0:00:00', '2021-07-02 0:00:00', '담소정'),
       (44, 578, 113, 7, '2020-08-17 0:00:00', '2020-08-24 0:00:00', '담소정'),
       (45, 732, 120, 8, '2019-01-25 0:00:00', '2019-01-28 0:00:00', '도림'),
       (46, 665, 132, 3, '2019-07-06 0:00:00', '2019-07-10 0:00:00', '도림'),
       (47, 939, 164, 8, '2020-07-08 0:00:00', '2020-07-11 0:00:00', '도림'),
       (48, 76, 175, 3, '2023-08-23 0:00:00', '2023-09-02 0:00:00', '도림'),
       (49, 150, 180, 2, '2025-01-25 0:00:00', '2025-01-29 0:00:00', '도림'),
       (50, 225, 34, 10, '2022-02-20 0:00:00', '2022-03-02 0:00:00', '도림'),
       (51, 853, 21, 9, '2020-06-08 0:00:00', '2020-06-10 0:00:00', '도림'),
       (52, 974, 2, 1, '2024-11-09 0:00:00', '2024-11-10 0:00:00', '도림'),
       (53, 240, 30, 6, '2020-07-06 0:00:00', '2020-07-11 0:00:00', '도림'),
       (54, 531, 19, 7, '2022-01-10 0:00:00', '2022-01-19 0:00:00', '도림'),
       (55, 669, 148, 3, '2019-06-07 0:00:00', '2019-06-17 0:00:00', '도림'),
       (56, 183, 135, 5, '2020-01-08 0:00:00', '2020-01-11 0:00:00', '도림'),
       (57, 135, 146, 6, '2023-05-18 0:00:00', '2023-05-19 0:00:00', '도림'),
       (58, 169, 173, 10, '2024-05-19 0:00:00', '2024-05-22 0:00:00', '도림'),
       (59, 696, 18, 1, '2023-07-28 0:00:00', '2023-08-01 0:00:00', '도림'),
       (60, 532, 132, 9, '2018-12-05 0:00:00', '2018-12-11 0:00:00', '도림'),
       (61, 640, 83, 5, '2022-08-06 0:00:00', '2022-08-10 0:00:00', '도림'),
       (62, 425, 151, 9, '2023-08-21 0:00:00', '2023-08-27 0:00:00', '도림'),
       (63, 988, 118, 7, '2020-06-13 0:00:00', '2020-06-17 0:00:00', '도림'),
       (64, 417, 121, 1, '2023-11-18 0:00:00', '2023-11-27 0:00:00', '도림'),
       (65, 850, 58, 8, '2023-10-13 0:00:00', '2023-10-18 0:00:00', '도림'),
       (66, 239, 175, 2, '2024-03-23 0:00:00', '2024-03-27 0:00:00', '도림'),
       (67, 406, 95, 4, '2021-06-04 0:00:00', '2021-06-10 0:00:00', '도림'),
       (68, 134, 157, 9, '2019-10-07 0:00:00', '2019-10-10 0:00:00', '도림'),
       (69, 335, 170, 5, '2019-04-27 0:00:00', '2019-05-06 0:00:00', '도림'),
       (70, 617, 99, 2, '2018-08-06 0:00:00', '2018-08-11 0:00:00', '도림'),
       (71, 886, 61, 6, '2023-12-01 0:00:00', '2023-12-09 0:00:00', '도림'),
       (72, 812, 84, 1, '2020-07-13 0:00:00', '2020-07-18 0:00:00', '도림'),
       (73, 764, 97, 1, '2019-02-12 0:00:00', '2019-02-22 0:00:00', '도림'),
       (74, 479, 22, 6, '2021-08-11 0:00:00', '2021-08-16 0:00:00', '도림'),
       (75, 747, 142, 1, '2019-11-15 0:00:00', '2019-11-17 0:00:00', '도림'),
       (76, 426, 40, 6, '2023-04-13 0:00:00', '2023-04-23 0:00:00', '도림'),
       (77, 256, 108, 6, '2023-09-25 0:00:00', '2023-09-30 0:00:00', '도림'),
       (78, 440, 35, 9, '2020-07-01 0:00:00', '2020-07-02 0:00:00', '도림'),
       (79, 17, 177, 10, '2021-11-09 0:00:00', '2021-11-13 0:00:00', '도림'),
       (80, 228, 112, 4, '2018-08-13 0:00:00', '2018-08-17 0:00:00', '도림'),
       (81, 859, 143, 8, '2021-06-25 0:00:00', '2021-07-02 0:00:00', '도림'),
       (82, 263, 169, 1, '2021-12-14 0:00:00', '2021-12-23 0:00:00', '도림'),
       (83, 363, 84, 9, '2018-08-28 0:00:00', '2018-09-04 0:00:00', '도림'),
       (84, 36, 79, 2, '2023-01-19 0:00:00', '2023-01-23 0:00:00', '도림'),
       (85, 55, 182, 8, '2019-03-02 0:00:00', '2019-03-08 0:00:00', '도림'),
       (86, 649, 118, 2, '2022-11-04 0:00:00', '2022-11-11 0:00:00', '도림'),
       (87, 475, 106, 10, '2021-09-05 0:00:00', '2021-09-12 0:00:00', '도림'),
       (88, 389, 69, 9, '2023-11-23 0:00:00', '2023-11-27 0:00:00', '도림'),
       (89, 209, 59, 6, '2023-04-25 0:00:00', '2023-05-01 0:00:00', '하나미 스시'),
       (90, 654, 197, 5, '2019-07-01 0:00:00', '2019-07-04 0:00:00', '하나미 스시'),
       (91, 901, 79, 2, '2020-11-15 0:00:00', '2020-11-24 0:00:00', '하나미 스시'),
       (92, 315, 57, 1, '2020-05-24 0:00:00', '2020-06-02 0:00:00', '하나미 스시'),
       (93, 878, 109, 7, '2024-09-16 0:00:00', '2024-09-18 0:00:00', '하나미 스시'),
       (94, 140, 53, 2, '2022-07-26 0:00:00', '2022-07-29 0:00:00', '하나미 스시'),
       (95, 963, 198, 10, '2024-09-03 0:00:00', '2024-09-09 0:00:00', '하나미 스시'),
       (96, 614, 171, 3, '2022-03-13 0:00:00', '2022-03-20 0:00:00', '하나미 스시'),
       (97, 274, 159, 4, '2020-03-22 0:00:00', '2020-03-29 0:00:00', '하나미 스시'),
       (98, 953, 138, 4, '2023-08-18 0:00:00', '2023-08-25 0:00:00', '하나미 스시'),
       (99, 220, 140, 7, '2019-06-13 0:00:00', '2019-06-19 0:00:00', '하나미 스시'),
       (100, 992, 133, 5, '2020-11-25 0:00:00', '2020-12-03 0:00:00', '하나미 스시'),
       (101, 588, 15, 3, '2019-02-23 0:00:00', '2019-03-01 0:00:00', '하나미 스시'),
       (102, 684, 122, 10, '2022-09-05 0:00:00', '2022-09-12 0:00:00', '하나미 스시'),
       (103, 662, 91, 1, '2024-09-24 0:00:00', '2024-09-25 0:00:00', '하나미 스시'),
       (104, 635, 27, 10, '2021-08-08 0:00:00', '2021-08-15 0:00:00', '하나미 스시'),
       (105, 748, 196, 9, '2020-04-20 0:00:00', '2020-04-28 0:00:00', '하나미 스시'),
       (106, 264, 176, 10, '2022-09-15 0:00:00', '2022-09-17 0:00:00', '하나미 스시'),
       (107, 978, 136, 1, '2023-06-06 0:00:00', '2023-06-14 0:00:00', '하나미 스시'),
       (108, 814, 143, 10, '2021-12-28 0:00:00', '2021-12-31 0:00:00', '하나미 스시'),
       (109, 542, 56, 9, '2020-12-20 0:00:00', '2020-12-26 0:00:00', '하나미 스시'),
       (110, 198, 84, 2, '2023-04-07 0:00:00', '2023-04-16 0:00:00', '하나미 스시'),
       (111, 353, 46, 6, '2022-05-26 0:00:00', '2022-05-27 0:00:00', '하나미 스시'),
       (112, 234, 100, 9, '2019-03-22 0:00:00', '2019-03-27 0:00:00', '하나미 스시'),
       (113, 737, 161, 8, '2020-06-28 0:00:00', '2020-06-29 0:00:00', '하나미 스시'),
       (114, 27, 173, 3, '2020-06-12 0:00:00', '2020-06-15 0:00:00', '하나미 스시'),
       (115, 623, 89, 3, '2020-02-09 0:00:00', '2020-02-11 0:00:00', '하나미 스시'),
       (116, 480, 18, 10, '2022-05-13 0:00:00', '2022-05-22 0:00:00', '하나미 스시'),
       (117, 321, 80, 10, '2021-04-23 0:00:00', '2021-04-27 0:00:00', '하나미 스시'),
       (118, 918, 163, 6, '2024-10-13 0:00:00', '2024-10-19 0:00:00', '하나미 스시'),
       (119, 921, 116, 1, '2024-07-05 0:00:00', '2024-07-15 0:00:00', '하나미 스시'),
       (120, 837, 105, 3, '2022-12-22 0:00:00', '2022-12-24 0:00:00', '하나미 스시'),
       (121, 418, 129, 1, '2022-07-14 0:00:00', '2022-07-24 0:00:00', '하나미 스시'),
       (122, 938, 170, 1, '2021-02-07 0:00:00', '2021-02-13 0:00:00', '하나미 스시'),
       (123, 236, 194, 10, '2023-02-20 0:00:00', '2023-02-23 0:00:00', '하나미 스시'),
       (124, 823, 101, 7, '2020-11-06 0:00:00', '2020-11-10 0:00:00', '하나미 스시'),
       (125, 403, 118, 2, '2021-08-22 0:00:00', '2021-08-25 0:00:00', '하나미 스시'),
       (126, 798, 183, 3, '2019-01-31 0:00:00', '2019-02-09 0:00:00', '하나미 스시'),
       (127, 776, 8, 8, '2021-01-24 0:00:00', '2021-01-27 0:00:00', '하나미 스시'),
       (128, 373, 146, 4, '2022-01-03 0:00:00', '2022-01-13 0:00:00', '하나미 스시'),
       (129, 2, 3, 4, '2020-08-22 0:00:00', '2020-08-26 0:00:00', '하나미 스시'),
       (130, 703, 191, 5, '2022-05-11 0:00:00', '2022-05-17 0:00:00', '하나미 스시'),
       (131, 534, 30, 3, '2024-02-24 0:00:00', '2024-03-03 0:00:00', '하나미 스시'),
       (132, 546, 195, 10, '2022-05-09 0:00:00', '2022-05-13 0:00:00', '하나미 스시'),
       (133, 181, 114, 6, '2021-10-28 0:00:00', '2021-11-03 0:00:00', '하나미 스시'),
       (134, 313, 105, 8, '2021-02-12 0:00:00', '2021-02-20 0:00:00', '하나미 스시'),
       (135, 744, 158, 7, '2019-04-12 0:00:00', '2019-04-15 0:00:00', '하나미 스시'),
       (136, 712, 143, 7, '2024-01-27 0:00:00', '2024-02-03 0:00:00', '하나미 스시'),
       (137, 60, 174, 8, '2020-03-30 0:00:00', '2020-04-01 0:00:00', '하나미 스시'),
       (138, 310, 199, 10, '2023-01-07 0:00:00', '2023-01-12 0:00:00', '하나미 스시'),
       (139, 4, 200, 3, '2023-10-25 0:00:00', '2023-11-03 0:00:00', '하나미 스시'),
       (140, 715, 20, 6, '2019-06-04 0:00:00', '2019-06-08 0:00:00', '하나미 스시'),
       (141, 160, 132, 7, '2023-01-05 0:00:00', '2023-01-11 0:00:00', '하나미 스시'),
       (142, 238, 165, 8, '2020-01-23 0:00:00', '2020-01-31 0:00:00', '하나미 스시'),
       (143, 499, 87, 3, '2021-02-16 0:00:00', '2021-02-21 0:00:00', '하나미 스시'),
       (144, 284, 111, 8, '2023-08-10 0:00:00', '2023-08-16 0:00:00', '하나미 스시'),
       (145, 81, 23, 3, '2019-01-15 0:00:00', '2019-01-20 0:00:00', '하나미 스시'),
       (146, 438, 91, 10, '2024-01-13 0:00:00', '2024-01-21 0:00:00', '하나미 스시'),
       (147, 65, 200, 8, '2019-08-26 0:00:00', '2019-08-28 0:00:00', '하나미 스시'),
       (148, 99, 21, 4, '2018-05-14 0:00:00', '2018-05-21 0:00:00', '하나미 스시'),
       (149, 521, 198, 4, '2018-09-30 0:00:00', '2018-10-04 0:00:00', '하나미 스시'),
       (150, 51, 59, 4, '2022-03-04 0:00:00', '2022-03-12 0:00:00', '하나미 스시'),
       (151, 104, 182, 4, '2021-08-21 0:00:00', '2021-08-22 0:00:00', '하나미 스시'),
       (152, 868, 131, 7, '2024-09-30 0:00:00', '2024-10-09 0:00:00', '하나미 스시'),
       (153, 497, 191, 1, '2022-01-15 0:00:00', '2022-01-18 0:00:00', '하나미 스시'),
       (154, 697, 177, 4, '2020-08-28 0:00:00', '2020-09-02 0:00:00', '하나미 스시'),
       (155, 839, 99, 10, '2024-05-28 0:00:00', '2024-06-04 0:00:00', '도림'),
       (156, 419, 162, 7, '2024-01-01 0:00:00', '2024-01-03 0:00:00', '도림'),
       (157, 557, 10, 4, '2024-06-14 0:00:00', '2024-06-19 0:00:00', '도림'),
       (158, 199, 150, 2, '2022-06-10 0:00:00', '2022-06-13 0:00:00', '도림'),
       (159, 308, 120, 3, '2019-05-22 0:00:00', '2019-05-31 0:00:00', '도림'),
       (160, 305, 98, 7, '2019-09-20 0:00:00', '2019-09-26 0:00:00', '도림'),
       (161, 381, 23, 9, '2020-01-17 0:00:00', '2020-01-24 0:00:00', '도림'),
       (162, 332, 62, 9, '2022-11-18 0:00:00', '2022-11-22 0:00:00', '도림'),
       (163, 324, 14, 10, '2018-11-15 0:00:00', '2018-11-25 0:00:00', '도림'),
       (164, 113, 91, 7, '2018-11-27 0:00:00', '2018-12-07 0:00:00', '도림'),
       (165, 955, 90, 6, '2024-07-08 0:00:00', '2024-07-12 0:00:00', '도림'),
       (166, 170, 131, 7, '2018-05-12 0:00:00', '2018-05-22 0:00:00', '도림'),
       (167, 477, 95, 7, '2024-04-23 0:00:00', '2024-04-29 0:00:00', '도림'),
       (168, 243, 160, 9, '2025-02-23 0:00:00', '2025-02-25 0:00:00', '도림'),
       (169, 127, 19, 6, '2019-03-03 0:00:00', '2019-03-11 0:00:00', '도림'),
       (170, 472, 127, 4, '2020-05-02 0:00:00', '2020-05-03 0:00:00', '도림'),
       (171, 421, 149, 4, '2021-12-23 0:00:00', '2021-12-27 0:00:00', '도림'),
       (172, 15, 27, 10, '2024-05-12 0:00:00', '2024-05-13 0:00:00', '도림'),
       (173, 458, 164, 4, '2023-03-28 0:00:00', '2023-04-07 0:00:00', '도림'),
       (174, 625, 193, 7, '2018-10-25 0:00:00', '2018-11-04 0:00:00', '도림'),
       (175, 278, 96, 3, '2022-12-05 0:00:00', '2022-12-14 0:00:00', '도림'),
       (176, 779, 19, 8, '2023-11-01 0:00:00', '2023-11-05 0:00:00', '도림'),
       (177, 608, 167, 6, '2024-01-26 0:00:00', '2024-02-02 0:00:00', '도림'),
       (178, 337, 27, 8, '2022-11-03 0:00:00', '2022-11-07 0:00:00', '도림'),
       (179, 819, 43, 2, '2023-06-07 0:00:00', '2023-06-09 0:00:00', '도림'),
       (180, 602, 106, 9, '2024-08-05 0:00:00', '2024-08-11 0:00:00', '도림'),
       (181, 303, 36, 3, '2021-01-05 0:00:00', '2021-01-09 0:00:00', '도림'),
       (182, 611, 18, 8, '2021-10-05 0:00:00', '2021-10-11 0:00:00', '도림'),
       (183, 505, 104, 1, '2024-08-27 0:00:00', '2024-09-05 0:00:00', '도림'),
       (184, 741, 46, 1, '2021-11-02 0:00:00', '2021-11-05 0:00:00', '도림'),
       (185, 59, 117, 4, '2023-03-01 0:00:00', '2023-03-02 0:00:00', '도림'),
       (186, 416, 80, 3, '2024-03-15 0:00:00', '2024-03-22 0:00:00', '도림'),
       (187, 528, 167, 10, '2021-07-19 0:00:00', '2021-07-20 0:00:00', '도림'),
       (188, 800, 146, 4, '2019-02-01 0:00:00', '2019-02-08 0:00:00', '도림'),
       (189, 818, 135, 8, '2018-10-20 0:00:00', '2018-10-22 0:00:00', '도림'),
       (190, 25, 104, 9, '2020-01-22 0:00:00', '2020-01-26 0:00:00', '도림'),
       (191, 943, 127, 6, '2018-07-30 0:00:00', '2018-08-01 0:00:00', '담소정'),
       (192, 759, 70, 10, '2023-06-21 0:00:00', '2023-06-27 0:00:00', '담소정'),
       (193, 522, 38, 4, '2024-05-28 0:00:00', '2024-06-06 0:00:00', '담소정'),
       (194, 192, 33, 2, '2024-05-22 0:00:00', '2024-06-01 0:00:00', '담소정'),
       (195, 564, 133, 10, '2018-09-13 0:00:00', '2018-09-18 0:00:00', '담소정'),
       (196, 423, 116, 6, '2023-12-29 0:00:00', '2023-12-31 0:00:00', '담소정'),
       (197, 142, 78, 3, '2023-06-17 0:00:00', '2023-06-25 0:00:00', '담소정'),
       (198, 356, 145, 2, '2018-07-17 0:00:00', '2018-07-19 0:00:00', '담소정'),
       (199, 155, 198, 3, '2021-08-30 0:00:00', '2021-09-02 0:00:00', '담소정'),
       (200, 766, 11, 10, '2023-09-02 0:00:00', '2023-09-03 0:00:00', '담소정'),
       (201, 442, 162, 9, '2021-09-06 0:00:00', '2021-09-10 0:00:00', '담소정'),
       (202, 612, 149, 1, '2022-07-12 0:00:00', '2022-07-20 0:00:00', '담소정'),
       (203, 168, 156, 1, '2021-10-29 0:00:00', '2021-11-01 0:00:00', '담소정'),
       (204, 845, 115, 10, '2022-10-26 0:00:00', '2022-11-02 0:00:00', '담소정'),
       (205, 555, 161, 6, '2018-10-05 0:00:00', '2018-10-08 0:00:00', '담소정'),
       (206, 244, 55, 8, '2019-11-30 0:00:00', '2019-12-10 0:00:00', '담소정'),
       (207, 900, 64, 1, '2021-09-24 0:00:00', '2021-09-26 0:00:00', '담소정'),
       (208, 933, 178, 3, '2023-04-15 0:00:00', '2023-04-21 0:00:00', '담소정'),
       (209, 18, 131, 2, '2023-01-04 0:00:00', '2023-01-05 0:00:00', '담소정'),
       (210, 704, 96, 3, '2019-09-25 0:00:00', '2019-09-26 0:00:00', '담소정'),
       (211, 797, 46, 8, '2024-04-23 0:00:00', '2024-04-28 0:00:00', '담소정'),
       (212, 309, 31, 9, '2022-06-03 0:00:00', '2022-06-12 0:00:00', '담소정'),
       (213, 400, 111, 9, '2024-01-21 0:00:00', '2024-01-27 0:00:00', '담소정'),
       (214, 902, 180, 7, '2020-03-27 0:00:00', '2020-04-06 0:00:00', '담소정'),
       (215, 304, 157, 7, '2022-08-17 0:00:00', '2022-08-23 0:00:00', '담소정'),
       (216, 121, 113, 7, '2022-05-02 0:00:00', '2022-05-04 0:00:00', '담소정'),
       (217, 404, 163, 1, '2022-08-19 0:00:00', '2022-08-27 0:00:00', '담소정'),
       (218, 560, 21, 3, '2024-09-19 0:00:00', '2024-09-28 0:00:00', '담소정'),
       (219, 151, 112, 8, '2019-05-10 0:00:00', '2019-05-13 0:00:00', '담소정'),
       (220, 204, 67, 9, '2019-10-04 0:00:00', '2019-10-14 0:00:00', '담소정');

INSERT INTO dish_reservation_detail (id, dish_reservation_id, dish_id, quantity, item_total_price)
VALUES (1, 9, 23, 1, 60000),
       (2, 196, 49, 3, 243000),
       (3, 63, 31, 5, 275000),
       (4, 193, 33, 1, 131000),
       (5, 82, 48, 5, 555000),
       (6, 27, 29, 3, 174000),
       (7, 81, 35, 3, 408000),
       (8, 84, 22, 4, 324000),
       (9, 144, 15, 2, 24000),
       (10, 220, 44, 5, 50000),
       (11, 126, 19, 1, 108000),
       (12, 135, 27, 3, 93000),
       (13, 114, 18, 1, 113000),
       (14, 33, 12, 3, 54000),
       (15, 207, 45, 1, 131000),
       (16, 79, 38, 1, 90000),
       (17, 98, 36, 1, 61000),
       (18, 127, 16, 1, 81000),
       (19, 110, 5, 2, 182000),
       (20, 102, 1, 3, 387000),
       (21, 121, 46, 2, 136000),
       (22, 8, 9, 4, 588000),
       (23, 3, 39, 5, 545000),
       (24, 164, 6, 2, 178000),
       (25, 4, 13, 1, 69000),
       (26, 135, 7, 4, 308000),
       (27, 80, 31, 1, 55000),
       (28, 173, 43, 2, 186000),
       (29, 45, 24, 1, 71000),
       (30, 194, 2, 4, 208000),
       (31, 191, 1, 2, 258000),
       (32, 68, 49, 1, 81000),
       (33, 157, 32, 5, 665000),
       (34, 66, 29, 4, 232000),
       (35, 74, 40, 3, 69000),
       (36, 50, 6, 4, 356000),
       (37, 136, 28, 4, 584000),
       (38, 159, 23, 3, 180000),
       (39, 116, 19, 3, 324000),
       (40, 125, 33, 5, 655000),
       (41, 54, 15, 3, 36000),
       (42, 205, 4, 3, 39000),
       (43, 102, 27, 3, 93000),
       (44, 216, 35, 2, 272000),
       (45, 64, 37, 1, 17000),
       (46, 211, 11, 2, 170000),
       (47, 95, 9, 3, 441000),
       (48, 215, 38, 1, 90000),
       (49, 77, 17, 1, 103000),
       (50, 8, 16, 1, 81000),
       (51, 71, 7, 1, 77000),
       (52, 110, 6, 1, 89000),
       (53, 89, 16, 2, 162000),
       (54, 206, 48, 2, 222000),
       (55, 108, 31, 1, 55000),
       (56, 211, 41, 5, 650000),
       (57, 47, 14, 5, 565000),
       (58, 147, 12, 3, 54000),
       (59, 202, 50, 3, 48000),
       (60, 176, 10, 4, 84000),
       (61, 52, 23, 2, 120000),
       (62, 162, 34, 4, 248000),
       (63, 121, 29, 4, 232000),
       (64, 208, 18, 2, 226000),
       (65, 171, 8, 4, 368000),
       (66, 205, 43, 3, 279000),
       (67, 138, 5, 5, 455000),
       (68, 80, 40, 4, 92000),
       (69, 67, 9, 5, 735000),
       (70, 75, 22, 5, 405000),
       (71, 160, 20, 3, 372000),
       (72, 62, 42, 5, 610000),
       (73, 95, 21, 5, 80000),
       (74, 160, 43, 2, 186000),
       (75, 122, 50, 1, 16000),
       (76, 189, 39, 2, 218000),
       (77, 31, 2, 1, 52000),
       (78, 113, 20, 3, 372000),
       (79, 177, 10, 1, 21000),
       (80, 155, 27, 4, 124000),
       (81, 22, 44, 3, 30000),
       (82, 174, 35, 4, 544000),
       (83, 163, 36, 3, 183000),
       (84, 15, 26, 1, 63000),
       (85, 178, 42, 4, 488000),
       (86, 142, 22, 1, 81000),
       (87, 167, 40, 2, 46000),
       (88, 211, 45, 4, 524000),
       (89, 198, 24, 1, 71000),
       (90, 128, 4, 5, 65000),
       (91, 102, 13, 5, 345000),
       (92, 180, 41, 3, 390000),
       (93, 203, 11, 4, 340000),
       (94, 176, 15, 3, 36000),
       (95, 175, 32, 5, 665000),
       (96, 70, 3, 1, 143000),
       (97, 125, 25, 2, 118000),
       (98, 156, 4, 1, 13000),
       (99, 68, 35, 5, 680000),
       (100, 176, 16, 2, 162000),
       (101, 55, 11, 4, 340000),
       (102, 66, 31, 2, 110000),
       (103, 174, 3, 1, 143000),
       (104, 73, 45, 1, 131000),
       (105, 185, 12, 3, 54000),
       (106, 4, 1, 5, 645000),
       (107, 183, 30, 3, 63000),
       (108, 7, 27, 3, 93000),
       (109, 79, 33, 2, 262000),
       (110, 147, 15, 1, 12000),
       (111, 145, 8, 1, 92000),
       (112, 163, 37, 5, 85000),
       (113, 124, 32, 2, 266000),
       (114, 149, 38, 1, 90000),
       (115, 130, 19, 4, 432000),
       (116, 206, 29, 4, 232000),
       (117, 210, 17, 1, 103000),
       (118, 17, 20, 2, 248000),
       (119, 40, 18, 3, 339000),
       (120, 186, 39, 4, 436000),
       (121, 205, 47, 3, 426000),
       (122, 159, 28, 2, 292000),
       (123, 207, 22, 1, 81000),
       (124, 143, 30, 3, 63000),
       (125, 175, 15, 4, 48000),
       (126, 85, 42, 5, 610000),
       (127, 163, 39, 5, 545000),
       (128, 186, 26, 5, 315000),
       (129, 26, 24, 2, 142000),
       (130, 156, 50, 1, 16000),
       (131, 89, 5, 5, 455000),
       (132, 19, 2, 5, 260000),
       (133, 96, 40, 3, 69000),
       (134, 45, 33, 4, 524000),
       (135, 205, 19, 4, 432000),
       (136, 185, 37, 3, 51000),
       (137, 5, 36, 5, 305000),
       (138, 146, 10, 3, 63000),
       (139, 194, 21, 4, 64000),
       (140, 11, 23, 4, 240000),
       (141, 108, 46, 1, 68000),
       (142, 98, 6, 2, 178000),
       (143, 8, 41, 1, 130000),
       (144, 160, 46, 1, 68000),
       (145, 180, 34, 1, 62000),
       (146, 191, 22, 5, 405000),
       (147, 92, 27, 3, 93000),
       (148, 117, 41, 3, 390000),
       (149, 121, 26, 3, 189000),
       (150, 72, 24, 4, 284000),
       (151, 162, 6, 4, 356000),
       (152, 11, 25, 3, 177000),
       (153, 164, 12, 2, 36000),
       (154, 105, 18, 2, 226000),
       (155, 48, 21, 5, 80000),
       (156, 62, 44, 2, 20000),
       (157, 219, 2, 5, 260000),
       (158, 184, 1, 5, 645000),
       (159, 185, 17, 1, 103000),
       (160, 93, 19, 3, 324000),
       (161, 203, 8, 2, 184000),
       (162, 39, 35, 1, 136000),
       (163, 148, 16, 4, 324000),
       (164, 46, 42, 3, 366000),
       (165, 30, 38, 1, 90000),
       (166, 4, 40, 5, 115000),
       (167, 146, 20, 5, 620000),
       (168, 143, 45, 3, 393000),
       (169, 45, 14, 2, 226000),
       (170, 106, 19, 4, 432000),
       (171, 156, 27, 1, 31000),
       (172, 133, 43, 2, 186000),
       (173, 89, 41, 4, 520000),
       (174, 63, 8, 4, 368000),
       (175, 126, 6, 3, 267000),
       (176, 14, 12, 4, 72000),
       (177, 34, 35, 5, 680000),
       (178, 149, 37, 3, 51000),
       (179, 82, 13, 2, 138000),
       (180, 31, 2, 5, 260000),
       (181, 72, 29, 4, 232000),
       (182, 16, 44, 2, 20000),
       (183, 115, 5, 5, 455000),
       (184, 44, 40, 5, 115000),
       (185, 57, 39, 5, 545000),
       (186, 128, 11, 3, 255000),
       (187, 83, 22, 2, 162000),
       (188, 158, 45, 5, 655000),
       (189, 11, 26, 3, 189000),
       (190, 123, 31, 1, 55000),
       (191, 140, 29, 3, 174000),
       (192, 116, 47, 3, 426000),
       (193, 118, 50, 4, 64000),
       (194, 101, 20, 4, 496000),
       (195, 7, 7, 3, 231000),
       (196, 151, 21, 5, 80000),
       (197, 214, 25, 2, 118000),
       (198, 58, 48, 4, 444000),
       (199, 130, 36, 3, 183000),
       (200, 111, 2, 5, 260000),
       (201, 66, 41, 2, 260000),
       (202, 128, 38, 1, 90000),
       (203, 144, 22, 1, 81000),
       (204, 193, 19, 5, 540000),
       (205, 219, 31, 1, 55000),
       (206, 19, 42, 5, 610000),
       (207, 78, 14, 3, 339000),
       (208, 184, 18, 1, 113000),
       (209, 47, 10, 1, 21000),
       (210, 67, 33, 3, 393000),
       (211, 34, 29, 1, 58000),
       (212, 108, 43, 1, 93000),
       (213, 209, 46, 3, 204000),
       (214, 215, 33, 2, 262000),
       (215, 66, 35, 2, 272000),
       (216, 100, 13, 2, 138000),
       (217, 179, 38, 1, 90000),
       (218, 165, 6, 1, 89000),
       (219, 7, 44, 2, 20000),
       (220, 50, 39, 3, 327000),
       (221, 67, 9, 3, 441000),
       (222, 194, 12, 1, 18000),
       (223, 85, 47, 5, 710000),
       (224, 154, 28, 1, 146000),
       (225, 59, 19, 2, 216000),
       (226, 182, 23, 2, 120000),
       (227, 101, 42, 5, 610000),
       (228, 156, 25, 1, 59000),
       (229, 188, 10, 1, 21000),
       (230, 43, 8, 5, 460000),
       (231, 179, 32, 4, 532000),
       (232, 155, 13, 3, 207000),
       (233, 80, 25, 3, 177000),
       (234, 202, 29, 2, 116000),
       (235, 81, 40, 2, 46000),
       (236, 106, 9, 4, 588000),
       (237, 101, 39, 3, 327000),
       (238, 57, 45, 4, 524000),
       (239, 174, 37, 3, 51000),
       (240, 144, 26, 3, 189000),
       (241, 10, 41, 1, 130000),
       (242, 62, 21, 4, 64000),
       (243, 205, 20, 4, 496000),
       (244, 153, 18, 5, 565000),
       (245, 180, 47, 4, 568000),
       (246, 189, 34, 5, 310000),
       (247, 103, 14, 4, 452000),
       (248, 49, 19, 4, 432000),
       (249, 151, 2, 5, 260000),
       (250, 30, 44, 3, 30000),
       (251, 146, 43, 2, 186000),
       (252, 29, 15, 2, 24000),
       (253, 182, 11, 1, 85000),
       (254, 75, 36, 5, 305000),
       (255, 153, 30, 2, 42000),
       (256, 33, 15, 4, 48000),
       (257, 157, 43, 3, 279000),
       (258, 111, 41, 5, 650000),
       (259, 43, 44, 2, 20000),
       (260, 55, 40, 4, 92000),
       (261, 25, 36, 2, 122000),
       (262, 102, 49, 4, 324000),
       (263, 72, 20, 4, 496000),
       (264, 149, 47, 1, 142000),
       (265, 63, 25, 4, 236000),
       (266, 28, 38, 2, 180000),
       (267, 136, 46, 1, 68000),
       (268, 53, 16, 4, 324000),
       (269, 178, 19, 5, 540000),
       (270, 191, 17, 1, 103000),
       (271, 202, 45, 2, 262000),
       (272, 84, 29, 5, 290000),
       (273, 38, 8, 4, 368000),
       (274, 65, 10, 5, 105000),
       (275, 145, 33, 4, 524000),
       (276, 113, 48, 2, 222000),
       (277, 121, 31, 2, 110000),
       (278, 155, 1, 1, 129000),
       (279, 124, 14, 4, 452000),
       (280, 11, 35, 4, 544000),
       (281, 79, 26, 1, 63000),
       (282, 182, 16, 5, 405000),
       (283, 169, 17, 1, 103000),
       (284, 211, 30, 3, 63000),
       (285, 220, 34, 5, 310000),
       (286, 108, 47, 3, 426000),
       (287, 61, 29, 2, 116000),
       (288, 157, 15, 1, 12000),
       (289, 68, 21, 2, 32000),
       (290, 167, 50, 3, 48000),
       (291, 158, 3, 2, 286000),
       (292, 101, 33, 1, 131000),
       (293, 35, 14, 1, 113000),
       (294, 171, 39, 1, 109000),
       (295, 216, 37, 3, 51000),
       (296, 76, 38, 3, 270000),
       (297, 1, 7, 5, 385000),
       (298, 58, 46, 2, 136000),
       (299, 207, 35, 4, 544000),
       (300, 162, 42, 1, 122000),
       (301, 111, 48, 1, 111000),
       (302, 104, 19, 3, 324000),
       (303, 213, 26, 3, 189000),
       (304, 173, 47, 4, 568000),
       (305, 23, 13, 2, 138000),
       (306, 163, 21, 3, 48000),
       (307, 3, 10, 3, 63000),
       (308, 105, 16, 1, 81000),
       (309, 204, 37, 5, 85000),
       (310, 30, 7, 2, 154000),
       (311, 112, 9, 5, 735000),
       (312, 7, 32, 5, 665000),
       (313, 121, 15, 1, 12000),
       (314, 182, 14, 3, 339000),
       (315, 199, 3, 5, 715000),
       (316, 60, 17, 5, 515000),
       (317, 211, 48, 5, 555000),
       (318, 127, 34, 1, 62000),
       (319, 81, 29, 4, 232000),
       (320, 188, 24, 4, 284000),
       (321, 83, 2, 2, 104000),
       (322, 101, 11, 3, 255000),
       (323, 132, 22, 4, 324000),
       (324, 149, 35, 1, 136000),
       (325, 96, 20, 1, 124000),
       (326, 58, 28, 1, 146000),
       (327, 42, 27, 2, 62000),
       (328, 66, 39, 3, 327000),
       (329, 211, 21, 4, 64000),
       (330, 198, 32, 2, 266000),
       (331, 48, 19, 2, 216000),
       (332, 102, 31, 3, 165000),
       (333, 24, 46, 3, 204000),
       (334, 74, 26, 2, 126000),
       (335, 60, 34, 3, 186000),
       (336, 63, 24, 1, 71000),
       (337, 170, 7, 3, 231000),
       (338, 52, 50, 5, 80000),
       (339, 187, 4, 1, 13000),
       (340, 174, 33, 4, 524000),
       (341, 70, 15, 2, 24000),
       (342, 84, 1, 1, 129000),
       (343, 4, 36, 1, 61000),
       (344, 193, 29, 3, 174000),
       (345, 154, 39, 5, 545000),
       (346, 126, 41, 4, 520000),
       (347, 193, 5, 4, 364000),
       (348, 136, 32, 4, 532000),
       (349, 109, 8, 3, 276000),
       (350, 170, 1, 1, 129000),
       (351, 196, 45, 3, 393000),
       (352, 129, 13, 3, 207000),
       (353, 81, 11, 1, 85000),
       (354, 98, 46, 3, 204000),
       (355, 121, 26, 4, 252000),
       (356, 71, 31, 4, 220000),
       (357, 169, 4, 4, 52000),
       (358, 104, 25, 2, 118000),
       (359, 159, 10, 2, 42000),
       (360, 158, 9, 1, 147000),
       (361, 73, 27, 4, 124000),
       (362, 215, 14, 5, 565000),
       (363, 78, 3, 2, 286000),
       (364, 179, 48, 3, 333000),
       (365, 162, 25, 4, 236000),
       (366, 7, 22, 4, 324000),
       (367, 103, 7, 2, 154000),
       (368, 112, 39, 4, 436000),
       (369, 169, 24, 2, 142000),
       (370, 48, 49, 1, 81000),
       (371, 137, 14, 3, 339000),
       (372, 35, 47, 5, 710000),
       (373, 10, 41, 2, 260000),
       (374, 38, 48, 2, 222000),
       (375, 34, 36, 5, 305000),
       (376, 122, 32, 4, 532000),
       (377, 202, 23, 5, 300000),
       (378, 210, 6, 1, 89000),
       (379, 111, 29, 5, 290000),
       (380, 96, 21, 2, 32000),
       (381, 49, 37, 1, 17000),
       (382, 189, 19, 4, 432000),
       (383, 44, 40, 5, 115000),
       (384, 183, 13, 2, 138000),
       (385, 205, 5, 3, 273000),
       (386, 71, 4, 1, 13000),
       (387, 73, 38, 5, 450000),
       (388, 4, 50, 5, 80000),
       (389, 194, 10, 3, 63000),
       (390, 91, 43, 4, 372000),
       (391, 106, 50, 1, 16000),
       (392, 178, 9, 2, 294000),
       (393, 11, 13, 5, 345000),
       (394, 207, 22, 1, 81000),
       (395, 131, 34, 4, 248000),
       (396, 7, 5, 4, 364000),
       (397, 22, 31, 1, 55000),
       (398, 79, 46, 5, 340000),
       (399, 64, 49, 2, 162000),
       (400, 30, 38, 4, 360000),
       (401, 148, 41, 3, 390000),
       (402, 176, 6, 3, 267000),
       (403, 124, 33, 3, 393000),
       (404, 126, 8, 1, 92000),
       (405, 192, 35, 2, 272000),
       (406, 20, 37, 4, 68000),
       (407, 69, 30, 2, 42000),
       (408, 72, 2, 5, 260000),
       (409, 198, 18, 3, 339000),
       (410, 133, 23, 1, 60000),
       (411, 211, 45, 1, 131000),
       (412, 23, 26, 4, 252000),
       (413, 50, 19, 1, 108000),
       (414, 16, 47, 1, 142000),
       (415, 3, 14, 2, 226000),
       (416, 140, 27, 2, 62000),
       (417, 4, 44, 5, 50000),
       (418, 21, 20, 2, 248000),
       (419, 76, 7, 3, 231000),
       (420, 47, 19, 5, 540000),
       (421, 43, 40, 5, 115000),
       (422, 55, 46, 2, 136000),
       (423, 192, 43, 1, 93000),
       (424, 173, 32, 1, 133000),
       (425, 51, 47, 4, 568000),
       (426, 49, 17, 1, 103000),
       (427, 38, 25, 5, 295000),
       (428, 152, 15, 2, 24000),
       (429, 63, 11, 4, 340000),
       (430, 95, 9, 4, 588000),
       (431, 1, 48, 2, 222000),
       (432, 218, 18, 4, 452000),
       (433, 37, 2, 2, 104000),
       (434, 158, 6, 5, 445000),
       (435, 219, 21, 5, 80000),
       (436, 70, 3, 2, 286000),
       (437, 87, 37, 5, 85000),
       (438, 104, 39, 1, 109000),
       (439, 171, 45, 2, 262000),
       (440, 134, 14, 3, 339000),
       (441, 3, 4, 5, 65000),
       (442, 83, 36, 4, 244000),
       (443, 207, 11, 4, 340000),
       (444, 216, 32, 2, 266000),
       (445, 13, 20, 4, 496000),
       (446, 201, 47, 4, 568000),
       (447, 110, 25, 3, 177000),
       (448, 25, 45, 3, 393000),
       (449, 85, 28, 2, 292000),
       (450, 164, 9, 5, 735000),
       (451, 14, 3, 5, 715000),
       (452, 123, 46, 2, 136000),
       (453, 47, 22, 3, 243000),
       (454, 46, 5, 3, 273000),
       (455, 48, 2, 5, 260000),
       (456, 39, 19, 2, 216000),
       (457, 66, 29, 4, 232000),
       (458, 108, 18, 1, 113000),
       (459, 11, 48, 4, 444000),
       (460, 160, 27, 2, 62000),
       (461, 199, 10, 1, 21000),
       (462, 32, 50, 4, 64000),
       (463, 89, 30, 2, 42000),
       (464, 187, 9, 2, 294000),
       (465, 121, 25, 3, 177000),
       (466, 77, 3, 4, 572000),
       (467, 94, 50, 4, 64000),
       (468, 120, 18, 4, 452000),
       (469, 48, 39, 3, 327000),
       (470, 35, 48, 5, 555000),
       (471, 36, 15, 5, 60000),
       (472, 78, 5, 2, 182000),
       (473, 137, 1, 4, 516000),
       (474, 161, 46, 5, 340000),
       (475, 111, 40, 1, 23000),
       (476, 134, 17, 2, 206000),
       (477, 165, 33, 2, 262000),
       (478, 51, 4, 1, 13000),
       (479, 135, 7, 3, 231000),
       (480, 143, 34, 5, 310000),
       (481, 4, 45, 2, 262000),
       (482, 80, 27, 1, 31000),
       (483, 76, 16, 2, 162000),
       (484, 119, 30, 3, 63000),
       (485, 89, 38, 4, 360000),
       (486, 212, 23, 1, 60000),
       (487, 118, 2, 1, 52000),
       (488, 180, 11, 3, 255000),
       (489, 157, 25, 3, 177000),
       (490, 44, 6, 2, 178000),
       (491, 61, 30, 5, 105000),
       (492, 176, 48, 1, 111000),
       (493, 52, 10, 5, 105000),
       (494, 152, 13, 1, 69000),
       (495, 207, 27, 2, 62000),
       (496, 88, 14, 1, 113000),
       (497, 112, 7, 3, 231000),
       (498, 26, 33, 2, 262000),
       (499, 1, 34, 2, 124000),
       (500, 142, 47, 5, 710000),
       (501, 168, 22, 2, 162000),
       (502, 86, 19, 1, 108000),
       (503, 126, 50, 5, 80000),
       (504, 10, 18, 4, 452000),
       (505, 63, 21, 2, 32000),
       (506, 219, 37, 5, 85000),
       (507, 173, 44, 3, 30000),
       (508, 7, 40, 1, 23000),
       (509, 215, 2, 2, 104000),
       (510, 1, 28, 1, 146000),
       (511, 29, 20, 5, 620000),
       (512, 211, 22, 3, 243000),
       (513, 217, 43, 5, 465000),
       (514, 25, 10, 1, 21000),
       (515, 82, 12, 2, 36000),
       (516, 181, 33, 3, 393000),
       (517, 23, 25, 1, 59000),
       (518, 198, 1, 3, 387000),
       (519, 73, 31, 5, 275000),
       (520, 191, 14, 3, 339000),
       (521, 102, 8, 2, 184000),
       (522, 134, 42, 3, 366000),
       (523, 24, 49, 5, 405000),
       (524, 164, 34, 2, 124000),
       (525, 111, 26, 5, 315000),
       (526, 35, 3, 1, 143000),
       (527, 57, 36, 4, 244000),
       (528, 59, 21, 3, 48000),
       (529, 16, 31, 3, 165000),
       (530, 206, 46, 4, 272000),
       (531, 10, 7, 5, 385000),
       (532, 195, 11, 4, 340000),
       (533, 43, 37, 1, 17000),
       (534, 81, 28, 1, 146000),
       (535, 85, 42, 4, 488000),
       (536, 94, 19, 3, 324000),
       (537, 3, 14, 3, 339000),
       (538, 120, 47, 4, 568000),
       (539, 41, 1, 2, 258000),
       (540, 111, 6, 3, 267000),
       (541, 24, 41, 2, 260000),
       (542, 207, 36, 3, 183000),
       (543, 146, 18, 2, 226000),
       (544, 185, 3, 5, 715000),
       (545, 100, 21, 2, 32000),
       (546, 168, 32, 3, 399000),
       (547, 6, 26, 1, 63000),
       (548, 215, 45, 5, 655000),
       (549, 109, 29, 4, 232000),
       (550, 135, 25, 5, 295000),
       (551, 53, 50, 2, 32000),
       (552, 69, 49, 1, 81000),
       (553, 63, 16, 5, 405000),
       (554, 157, 9, 5, 735000),
       (555, 187, 30, 1, 21000),
       (556, 206, 46, 3, 204000),
       (557, 79, 38, 1, 90000),
       (558, 27, 34, 3, 186000),
       (559, 173, 25, 3, 177000),
       (560, 33, 27, 1, 31000),
       (561, 186, 17, 1, 103000),
       (562, 113, 29, 4, 232000),
       (563, 128, 50, 5, 80000),
       (564, 28, 26, 2, 126000),
       (565, 78, 40, 1, 23000),
       (566, 95, 15, 3, 36000),
       (567, 174, 7, 4, 308000),
       (568, 178, 18, 2, 226000),
       (569, 134, 28, 2, 292000),
       (570, 163, 8, 5, 460000),
       (571, 20, 36, 2, 122000),
       (572, 26, 31, 5, 275000),
       (573, 47, 41, 5, 650000),
       (574, 37, 30, 4, 84000),
       (575, 165, 10, 5, 105000),
       (576, 15, 22, 1, 81000),
       (577, 48, 9, 4, 588000),
       (578, 21, 44, 2, 20000),
       (579, 16, 24, 4, 284000),
       (580, 161, 6, 5, 445000),
       (581, 106, 35, 5, 680000),
       (582, 149, 16, 4, 324000),
       (583, 52, 45, 4, 524000),
       (584, 21, 7, 3, 231000),
       (585, 102, 9, 4, 588000),
       (586, 120, 48, 3, 333000),
       (587, 46, 22, 3, 243000),
       (588, 79, 42, 4, 488000),
       (589, 4, 28, 3, 438000),
       (590, 128, 18, 3, 339000),
       (591, 31, 21, 1, 16000),
       (592, 8, 20, 4, 496000),
       (593, 130, 1, 5, 645000),
       (594, 217, 49, 3, 243000),
       (595, 96, 32, 2, 266000),
       (596, 157, 26, 1, 63000),
       (597, 162, 30, 5, 105000),
       (598, 148, 3, 2, 286000),
       (599, 132, 41, 1, 130000),
       (600, 100, 33, 1, 131000),
       (601, 181, 2, 2, 104000),
       (602, 126, 11, 2, 170000),
       (603, 62, 31, 3, 165000),
       (604, 197, 27, 3, 93000),
       (605, 201, 35, 2, 272000),
       (606, 13, 20, 5, 620000),
       (607, 73, 42, 1, 122000),
       (608, 68, 16, 4, 324000),
       (609, 39, 48, 4, 444000),
       (610, 218, 4, 4, 52000),
       (611, 208, 13, 5, 345000),
       (612, 2, 46, 3, 204000),
       (613, 121, 1, 3, 387000),
       (614, 69, 19, 4, 432000),
       (615, 140, 24, 1, 71000),
       (616, 32, 31, 4, 220000),
       (617, 12, 8, 1, 92000),
       (618, 198, 50, 2, 32000),
       (619, 209, 32, 4, 532000),
       (620, 57, 14, 5, 565000),
       (621, 115, 30, 2, 42000),
       (622, 185, 41, 3, 390000),
       (623, 134, 18, 2, 226000),
       (624, 50, 11, 4, 340000),
       (625, 212, 27, 3, 93000),
       (626, 180, 21, 5, 80000),
       (627, 167, 5, 4, 364000),
       (628, 74, 27, 5, 155000),
       (629, 63, 17, 4, 412000),
       (630, 197, 48, 3, 333000),
       (631, 163, 40, 2, 46000),
       (632, 99, 24, 3, 213000),
       (633, 97, 39, 1, 109000),
       (634, 15, 8, 2, 184000),
       (635, 87, 49, 4, 324000),
       (636, 209, 33, 5, 655000),
       (637, 200, 21, 3, 48000),
       (638, 180, 45, 3, 393000),
       (639, 196, 23, 5, 300000),
       (640, 207, 43, 4, 372000),
       (641, 14, 26, 4, 252000),
       (642, 148, 5, 4, 364000),
       (643, 213, 19, 2, 216000),
       (644, 192, 38, 1, 90000),
       (645, 79, 29, 2, 116000),
       (646, 60, 6, 1, 89000),
       (647, 123, 34, 3, 186000),
       (648, 126, 9, 2, 294000),
       (649, 187, 26, 2, 126000),
       (650, 194, 14, 2, 226000),
       (651, 50, 29, 4, 232000),
       (652, 108, 50, 4, 64000),
       (653, 6, 10, 4, 84000),
       (654, 200, 17, 2, 206000),
       (655, 76, 46, 5, 340000),
       (656, 34, 47, 1, 142000),
       (657, 98, 1, 4, 516000),
       (658, 83, 43, 1, 93000),
       (659, 74, 16, 5, 405000),
       (660, 105, 2, 3, 156000),
       (661, 24, 25, 4, 236000),
       (662, 135, 13, 3, 207000),
       (663, 92, 32, 3, 399000),
       (664, 159, 37, 1, 17000),
       (665, 3, 48, 3, 333000),
       (666, 48, 12, 1, 18000),
       (667, 41, 11, 2, 170000),
       (668, 131, 32, 5, 665000),
       (669, 183, 9, 1, 147000),
       (670, 104, 49, 3, 243000),
       (671, 128, 41, 4, 520000),
       (672, 169, 18, 3, 339000),
       (673, 20, 25, 2, 118000),
       (674, 172, 38, 1, 90000),
       (675, 146, 34, 5, 310000),
       (676, 218, 10, 4, 84000),
       (677, 70, 24, 1, 71000),
       (678, 167, 13, 4, 276000),
       (679, 179, 21, 2, 32000),
       (680, 38, 36, 5, 305000),
       (681, 208, 4, 1, 13000),
       (682, 95, 46, 3, 204000),
       (683, 114, 7, 4, 308000),
       (684, 29, 11, 5, 425000),
       (685, 216, 42, 3, 366000),
       (686, 144, 27, 3, 93000),
       (687, 211, 33, 1, 131000),
       (688, 209, 50, 2, 32000),
       (689, 78, 47, 1, 142000),
       (690, 137, 28, 2, 292000),
       (691, 14, 35, 5, 680000),
       (692, 10, 9, 4, 588000),
       (693, 3, 43, 3, 279000),
       (694, 66, 19, 1, 108000),
       (695, 153, 42, 4, 488000),
       (696, 124, 48, 1, 111000),
       (697, 70, 5, 2, 182000),
       (698, 141, 44, 4, 40000),
       (699, 18, 14, 3, 339000),
       (700, 44, 33, 4, 524000),
       (701, 174, 4, 2, 26000),
       (702, 203, 13, 4, 276000),
       (703, 147, 15, 5, 60000),
       (704, 8, 28, 1, 146000),
       (705, 65, 21, 5, 80000),
       (706, 12, 10, 2, 42000),
       (707, 194, 25, 3, 177000),
       (708, 129, 41, 2, 260000),
       (709, 166, 36, 2, 122000),
       (710, 74, 45, 3, 393000),
       (711, 95, 40, 3, 69000),
       (712, 25, 26, 2, 126000),
       (713, 195, 40, 1, 23000),
       (714, 155, 30, 5, 105000),
       (715, 81, 31, 2, 110000),
       (716, 91, 3, 3, 429000),
       (717, 205, 2, 2, 104000),
       (718, 113, 17, 1, 103000),
       (719, 150, 42, 5, 610000),
       (720, 9, 18, 1, 113000),
       (721, 169, 11, 1, 85000),
       (722, 22, 37, 5, 85000),
       (723, 68, 36, 4, 244000),
       (724, 76, 33, 5, 655000),
       (725, 152, 47, 3, 426000),
       (726, 156, 45, 3, 393000),
       (727, 7, 48, 4, 444000),
       (728, 179, 25, 5, 295000),
       (729, 200, 39, 1, 109000),
       (730, 128, 38, 3, 270000),
       (731, 141, 6, 4, 356000),
       (732, 39, 5, 3, 273000),
       (733, 176, 20, 5, 620000),
       (734, 172, 14, 2, 226000),
       (735, 45, 44, 1, 10000),
       (736, 102, 21, 4, 64000),
       (737, 219, 15, 5, 60000),
       (738, 220, 4, 3, 39000),
       (739, 171, 27, 1, 31000),
       (740, 193, 32, 2, 266000);

UPDATE dish_reservation dr
SET dr.total_price = (
    SELECT COALESCE(SUM(drd.item_total_price), 0)
    FROM dish_reservation_detail drd
    WHERE drd.dish_reservation_id = dr.id
    );


INSERT INTO dining_review (ID, TASTE_RATING, KINDNESS_RATING, CLEANLINESS_RATING, ATMOSPHERE_RATING, REVIEW,
                           CUSTOMER_ID, DISH_RESERVATION_ID, CREATED_DATE)
VALUES (1, 5.0, 4.0, 5.0, 5.0, '맛있고 서비스도 좋았습니다. 해물짬뽕이 맛있었습니다.', 1, 1, '2023-03-05 0:00:00'),
       (2, 4.5, 4.0, 4.5, 4.5, '바 형식으로 되어있어 자리가 많지 않지만 회전율이 좋습니다.', 2, 2, '2023-11-05 0:00:00'),
       (3, 5.0, 4.5, 5.0, 5.0, '바다가 근처라 뷰도 좋습니다. 맛은 말할 것 없을 정도로 너무 좋았습니다!', 3, 3, '2023-05-05 0:00:00'),
       (4, 4.5, 4.0, 4.5, 4.5, '신선한 해산물로 만든 요리가 인상적이었어요. 친절한 직원 덕분에 기분 좋게 식사했어요.', 4, 4, '2023-12-25 0:00:00'),
       (5, 4.0, 3.5, 4.0, 4.0, '다양한 메뉴가 준비되어 있어서 가족 모두 만족했습니다. 특히 탕수육이 맛있었어요.', 5, 5, '2023-04-05 0:00:00'),
       (6, 4.5, 4.0, 4.5, 4.5, '깔끔한 인테리어와 고급스러운 분위기가 좋았습니다. 다시 방문하고 싶어요.', 6, 6, '2023-05-12 0:00:00'),
       (7, 4.0, 3.5, 4.0, 4.0, '가격 대비 만족도가 높아요. 특히 볶음밥이 맛있었습니다.', 7, 7, '2023-06-06 0:00:00'),
       (8, 5.0, 4.5, 5.0, 5.0, '직원들이 정말 친절하고 세심하게 신경 써줘서 기분 좋게 식사했어요.', 8, 8, '2023-05-19 0:00:00'),
       (9, 5.0, 4.0, 4.5, 5.0, '바로 앞에 바다가 보여서 경치도 좋고, 음식도 정말 맛있었어요.', 9, 9, '2023-06-09 0:00:00'),
       (10, 5.0, 4.5, 5.0, 5.0, '메뉴가 다양하고 맛도 뛰어나서 가족 모임 장소로 제격이었어요.', 10, 10, '2023-11-05 0:00:00'),
       (11, 4.5, 4.0, 4.5, 4.5, '음식이 빠르게 나와서 좋았습니다. 바삭한 군만두가 특히 기억에 남아요.', 11, 11, '2023-11-05 0:00:00'),
       (12, 5.0, 4.5, 5.0, 5.0, '정말 깔끔하고 맛있었어요. 서비스도 훌륭하고요.', 12, 12, '2023-04-05 0:00:00'),
       (13, 5.0, 4.5, 5.0, 5.0, '중식 요리의 깊은 맛을 느낄 수 있는 곳입니다. 특히 사천탕수육이 일품이에요.', 13, 13, '2023-05-03 0:00:00'),
       (14, 4.5, 4.0, 4.5, 4.5, '모든 음식이 신선하고 맛있었습니다. 다음에 또 방문할 예정입니다.', 14, 14, '2023-01-04 0:00:00'),
       (15, 5.0, 4.5, 5.0, 5.0, '바다가 보이는 멋진 풍경과 함께 즐기는 중식은 최고의 경험이었어요.', 15, 15, '2024-05-11 0:00:00'),
       (16, 4.5, 4.0, 4.5, 4.5, '해물요리가 특히 맛있었고, 분위기도 매우 좋았습니다.', 16, 16, '2022-05-13 0:00:00'),
       (17, 5.0, 4.5, 5.0, 5.0, '아이들과 함께 갔는데 모두 만족했습니다. 다음에도 꼭 다시 방문할게요.', 17, 17, '2024-06-10 0:00:00'),
       (18, 4.5, 4.0, 4.5, 4.5, '음식의 맛과 품질 모두 최고였습니다. 가격도 합리적이에요.', 18, 18, '2022-06-08 0:00:00'),
       (19, 5.0, 4.5, 5.0, 5.0, '깔끔한 분위기와 친절한 서비스가 인상적이었습니다. 음식 맛도 최고였어요.', 19, 19, '2022-05-06 0:00:00'),
       (20, 1.0, 3.0, 1.0, 3.0, '음식이 너무 짰어요. 서비스도 그저 그랬습니다.', 20, 20, '2023-06-07 0:00:00'),
       (21, 1.0, 3.0, 1.0, 3.0, '바 형식이라 자리가 너무 좁아서 불편했습니다.', 21, 21, '2023-06-07 0:00:00'),
       (22, 1.5, 3.5, 1.5, 3.5, '기대했던 것만큼 맛있지 않았어요. 특히 짬뽕이 실망스러웠습니다.', 22, 22, '2023-06-07 0:00:00'),
       (23, 2.0, 3.0, 2.0, 3.0, '음식이 너무 늦게 나와서 기다리기 힘들었어요.', 23, 23, '2023-06-07 0:00:00'),
       (24, 2.5, 3.5, 2.5, 3.5, '가격 대비 양이 너무 적었습니다. 다시는 가지 않을 것 같아요.', 24, 24, '2023-06-07 0:00:00'),
       (25, 1.0, 3.0, 1.0, 3.0, '식당 내부가 너무 시끄러워서 식사하는데 불편했습니다.', 25, 25, '2023-06-07 0:00:00'),
       (26, 1.5, 3.5, 1.5, 3.5, '음식이 덜 익어서 나왔어요. 직원들도 별로 친절하지 않았습니다.', 26, 26, '2023-06-07 0:00:00'),
       (27, 2.0, 3.0, 2.0, 3.0, '기대했던 뷰와는 달리 바다가 잘 보이지 않았어요.', 27, 27, '2023-06-07 0:00:00'),
       (28, 2.5, 3.5, 2.5, 3.5, '예약을 했는데도 대기 시간이 길었습니다.', 28, 28, '2023-06-07 0:00:00'),
       (29, 1.0, 3.0, 1.0, 3.0, '위생 상태가 별로 좋지 않았어요. 테이블이 끈적거렸습니다.', 29, 29, '2023-06-07 0:00:00'),
       (30, 1.5, 3.5, 1.5, 3.5, '전통 한식을 맛볼 수 있어서 좋았습니다. 김치찌개가 특히 맛있었어요.', 30, 30, '2023-06-07 0:00:00'),
       (31, 4.0, 3.0, 4.0, 3.0, '고급스러운 분위기에서 한식을 즐길 수 있어서 만족스러웠어요.', 31, 31, '2023-06-07 0:00:00'),
       (32, 4.5, 3.5, 4.5, 3.5, '직원들이 친절하고 서비스가 훌륭했습니다. 음식도 맛있었어요.', 32, 32, '2023-06-07 0:00:00'),
       (33, 4.0, 3.0, 4.0, 3.0, '깔끔한 인테리어와 아늑한 분위기가 마음에 들었습니다.', 33, 33, '2023-06-07 0:00:00'),
       (34, 4.5, 3.5, 4.5, 3.5, '음식이 전반적으로 신선하고 맛있었습니다. 다음에도 또 방문할 예정이에요.', 34, 34, '2023-06-07 0:00:00'),
       (35, 4.0, 3.0, 4.0, 3.0, '가격 대비 만족도가 높아요. 특히 갈비찜이 맛있었어요.', 35, 35, '2024-02-07 0:00:00'),
       (36, 4.5, 3.5, 4.5, 3.5, '전통적인 맛을 느낄 수 있어서 정말 좋았습니다. 가족들과 함께 즐거운 시간 보냈어요.', 36, 36, '2024-02-07 0:00:00'),
       (37, 4.0, 3.0, 4.0, 3.0, '음식이 정갈하고 맛있었습니다. 직원들도 친절해서 기분 좋았어요.', 37, 37, '2024-02-07 0:00:00'),
       (38, 4.5, 3.5, 4.5, 3.5, '전통 한식의 깊은 맛을 느낄 수 있는 곳이에요. 특히 된장찌개가 일품이었어요.', 38, 38, '2024-02-07 0:00:00'),
       (39, 4.0, 3.0, 4.0, 3.0, '전체적으로 매우 만족스러웠어요. 분위기도 좋고 음식도 맛있었습니다.', 39, 39, '2024-02-07 0:00:00'),
       (40, 4.5, 3.5, 4.5, 3.5, '다양한 메뉴가 준비되어 있어서 좋았어요. 특히 비빔밥이 맛있었어요.', 40, 40, '2024-02-07 0:00:00'),
       (41, 4.0, 3.0, 4.0, 3.0, '친절한 서비스와 맛있는 음식 덕분에 즐거운 시간을 보냈습니다.', 41, 41, '2024-02-07 0:00:00'),
       (42, 4.5, 3.5, 4.5, 3.5, '식당 내부가 깔끔하고 아늑해서 편안하게 식사할 수 있었어요.', 42, 42, '2024-02-07 0:00:00'),
       (43, 4.0, 3.0, 4.0, 3.0, '고급스러운 한식을 즐길 수 있어서 좋았습니다. 직원들도 매우 친절했어요.', 43, 43, '2024-02-07 0:00:00'),
       (44, 4.5, 3.5, 4.5, 3.5, '음식이 정말 맛있었습니다. 전통 한식을 맛볼 수 있어서 기뻤어요.', 44, 44, '2024-02-07 0:00:00'),
       (45, 4.0, 3.0, 4.0, 3.0, '편안한 분위기에서 맛있는 한식을 즐길 수 있었습니다. 갈비찜이 특히 맛있었어요.', 45, 45, '2024-02-07 0:00:00'),
       (46, 4.5, 3.5, 4.5, 3.5, '전통적인 맛을 제대로 느낄 수 있는 곳입니다. 된장찌개가 일품이었어요.', 46, 46, '2024-02-07 0:00:00'),
       (47, 4.0, 3.0, 4.0, 3.0, '전체적으로 매우 만족스러웠습니다. 특히 서비스가 훌륭했어요.', 47, 47, '2024-02-07 0:00:00'),
       (48, 4.5, 3.5, 4.5, 3.5, '가격 대비 맛과 품질이 좋았습니다. 김치찌개가 특히 인상적이었어요.', 48, 48, '2024-02-07 0:00:00'),
       (49, 4.0, 3.0, 4.0, 3.0, '음식이 전반적으로 짰어요. 서비스도 별로였습니다.', 49, 49, '2024-02-07 0:00:00'),
       (50, 4.5, 2.5, 4.5, 2.5, '가격 대비 양이 너무 적어서 실망했습니다.', 50, 50, '2024-02-07 0:00:00'),
       (51, 2.0, 2.0, 2.0, 2.0, '기대했던 것만큼 맛있지 않았어요. 비빔밥이 별로였어요.', 51, 51, '2024-02-07 0:00:00'),
       (52, 2.5, 2.5, 2.5, 2.5, '음식이 늦게 나와서 기다리기 힘들었어요.', 52, 52, '2024-02-07 0:00:00'),
       (53, 1.0, 2.0, 1.0, 2.0, '직원들이 별로 친절하지 않아서 기분이 상했습니다.', 53, 53, '2024-02-07 0:00:00'),
       (54, 1.5, 2.5, 1.5, 2.5, '식당 내부가 너무 시끄러워서 불편했습니다.', 54, 54, '2024-02-07 0:00:00'),
       (55, 2.0, 2.0, 2.0, 2.0, '음식이 덜 익어서 나왔어요. 위생 상태도 별로였어요.', 55, 55, '2024-02-07 0:00:00'),
       (56, 2.5, 2.5, 2.5, 2.5, '메뉴가 다양하지 않아서 선택의 폭이 좁았습니다.', 56, 56, '2024-02-07 0:00:00'),
       (57, 1.0, 2.0, 1.0, 2.0, '음식 맛이 전반적으로 별로였어요. 다시는 안 갈 것 같아요.', 57, 57, '2023-11-07 0:00:00'),
       (58, 1.5, 2.5, 1.5, 2.5, '가격이 너무 비싸서 부담스러웠습니다.', 58, 58, '2023-11-07 0:00:00'),
       (59, 2.0, 2.0, 2.0, 2.0, '신선한 스시가 정말 맛있었습니다. 서비스도 훌륭했어요.', 59, 59, '2023-11-07 0:00:00'),
       (60, 2.5, 2.5, 2.5, 2.5, '바다 근처라 뷰가 정말 좋았습니다. 스시도 최고였어요.', 60, 60, '2023-11-07 0:00:00'),
       (61, 4.0, 3.0, 1.0, 3.0, '분위기가 아늑하고 고급스러워서 만족스러웠어요.', 61, 61, '2023-11-07 0:00:00'),
       (62, 4.5, 3.5, 1.5, 3.5, '다양한 스시 메뉴가 준비되어 있어서 좋았어요. 특히 연어가 맛있었어요.', 62, 62, '2023-11-07 0:00:00'),
       (63, 4.0, 3.0, 2.0, 3.0, '직원들이 매우 친절하고 세심하게 신경 써줘서 기분 좋게 식사했습니다.', 63, 63, '2023-11-07 0:00:00'),
       (64, 4.5, 3.5, 2.5, 3.5, '가격 대비 만족도가 높아요. 스시의 질이 정말 좋았습니다.', 64, 64, '2023-11-07 0:00:00'),
       (65, 4.0, 3.0, 1.0, 3.0, '깔끔한 인테리어와 고급스러운 분위기가 좋았습니다.', 65, 65, '2023-11-07 0:00:00'),
       (66, 4.5, 3.5, 1.5, 3.5, '신선한 해산물로 만든 스시가 인상적이었어요. 다시 방문하고 싶어요.', 66, 66, '2023-11-07 0:00:00'),
       (67, 4.0, 3.0, 2.0, 3.0, '스시가 정말 맛있었고, 분위기도 매우 좋았습니다.', 67, 67, '2023-11-07 0:00:00'),
       (68, 4.5, 3.5, 2.5, 3.5, '메뉴가 다양하고 맛도 뛰어나서 만족스러웠습니다.', 68, 68, '2023-11-07 0:00:00'),
       (69, 4.0, 3.0, 1.0, 3.0, '음식이 빠르게 나와서 좋았습니다. 서비스도 훌륭했어요.', 69, 69, '2023-11-07 0:00:00'),
       (70, 4.5, 3.5, 1.5, 3.5, '정말 깔끔하고 맛있었어요. 분위기도 최고였습니다.', 70, 70, '2023-11-07 0:00:00'),
       (71, 4.0, 3.0, 2.0, 3.0, '스시의 신선한 맛을 느낄 수 있는 곳입니다. 다음에 또 방문할게요.', 71, 71, '2023-11-07 0:00:00'),
       (72, 4.5, 3.5, 2.5, 3.5, '모든 음식이 신선하고 맛있었습니다. 직원들도 친절했어요.', 72, 72, '2023-11-07 0:00:00'),
       (73, 4.0, 3.0, 1.0, 3.0, '바다가 보이는 멋진 풍경과 함께 즐기는 스시는 최고였어요.', 73, 73, '2023-11-07 0:00:00'),
       (74, 4.5, 3.5, 1.5, 3.5, '해산물이 신선해서 맛있었고, 분위기도 매우 좋았습니다.', 74, 74, '2023-11-07 0:00:00'),
       (75, 4.0, 3.0, 2.0, 3.0, '아이들과 함께 갔는데 모두 만족했습니다. 다음에도 꼭 방문할게요.', 75, 75, '2023-11-07 0:00:00'),
       (76, 4.5, 3.5, 2.5, 3.5, '음식의 맛과 품질 모두 최고였습니다. 가격도 합리적이에요.', 76, 76, '2024-06-07 0:00:00'),
       (77, 4.0, 3.0, 1.0, 3.0, '깔끔한 분위기와 친절한 서비스가 인상적이었습니다.', 77, 77, '2024-06-07 0:00:00'),
       (78, 4.5, 3.5, 1.5, 3.5, '신선한 스시와 훌륭한 서비스 덕분에 즐거운 시간을 보냈습니다.', 78, 78, '2024-06-07 0:00:00'),
       (79, 4.0, 3.0, 2.0, 3.0, '음식이 너무 비싸서 부담스러웠습니다. 맛도 그저 그랬어요.', 79, 79, '2024-06-07 0:00:00'),
       (80, 4.5, 3.5, 2.5, 3.5, '바 형식이라 자리가 좁아서 불편했습니다.', 80, 80, '2024-06-07 0:00:00'),
       (81, 1.0, 3.0, 1.0, 3.0, '기대했던 것만큼 신선하지 않았어요. 실망스러웠습니다.', 81, 81, '2024-06-07 0:00:00'),
       (82, 1.5, 3.5, 1.5, 3.5, '음식이 너무 늦게 나와서 기다리기 힘들었어요.', 82, 82, '2024-06-07 0:00:00'),
       (83, 2.0, 3.0, 2.0, 3.0, '가격 대비 양이 적어서 아쉬웠습니다.', 83, 83, '2024-06-07 0:00:00');


ALTER TABLE voucher
    ALTER COLUMN id RESTART WITH 31;
ALTER TABLE voucher_history
    ALTER COLUMN id RESTART WITH 25;


